{"oculusX": [233.85703738380988, 232.11443894370925, 230.6326480902469, 228.80543504908582, 227.30475278191102, 225.99644661857351, 224.2064559045813, 222.5944929321351, 221.31267185328426, 220.10815397509117, 219.54621809791405, 219.24708879596784, 220.09382811081787, 221.83619931760882, 224.71640305552793, 226.98935764234318, 228.26412710208513, 229.12921807180481, 229.03300337263173, 228.39107172513215, 226.6587582816075, 223.50348901649826, 219.44950306506718, 215.17437530724473, 212.43135602206755, 208.88408314432988, 205.138468106017, 202.2922603632164, 199.1699129950594, 196.33026173703354, 194.69941713995442, 192.5047734907545, 190.96181832854546, 190.5544932395189, 190.4045778587968, 190.01976852371868, 190.20586095014338, 190.4241814644805, 190.10218649382242, 190.17396211101567, 190.87850370379272, 191.66081619474292, 193.070000106761, 193.81065120331363, 193.85250237613775, 193.74337468080566, 194.41617954383807, 195.6253251536643, 197.2342394559234, 198.30054853459475, 200.09011458353632, 201.8355539396543, 202.95730536440587, 204.32730630547877, 205.70821556917187, 207.18801170349224, 209.74251256742548, 211.8294169894809, 214.4137883067703, 217.35343315459886, 220.15851534593415, 223.17825915894437, 225.9494256580789, 227.56656145930037, 227.37300697514704, 225.58713134774206, 222.92662934250342, 220.76367617895454, 218.61218331016119, 216.5259382221467, 214.77079996354365, 212.73762474612968, 211.1715905548902, 208.28112716723354, 207.02302773632, 205.8533834663719, 204.61482134411906, 203.78746683387314, 203.3327190715207, 203.26955159022532, 203.87967706276658, 204.38836707572824, 205.16373799663407, 206.352932745177, 207.68182237528248, 208.71486019674592, 209.96390173141728, 210.6580712285971, 211.19937937654078, 211.4154412135366, 210.8198195479923, 210.2224921184805, 209.90569028354247, 209.87415761084847, 209.47787266864316, 208.9799452326044, 208.39614302585744, 207.02641858180212, 205.24386284175964, 203.87157490462707, 201.80933211637796, 199.65352133189378, 198.01240530796557, 196.4380252296868, 195.54789623211036, 195.1643373609834, 194.5580895451979, 193.36377222587151, 191.7408044554921], "oculusY": [-0.29043688952244573, -1.4687346666903127, -3.203220590041229, -5.128852882234157, -7.805909111343073, -9.611607776557825, -13.122374270524652, -16.547550388380944, -19.50972932022823, -23.286101033502803, -27.747288564209413, -29.951613916805535, -32.27390488810087, -33.84501058465891, -34.45704273786236, -34.82845100100539, -34.47271618106655, -34.113718570480096, -33.436819059151865, -32.46096371619834, -30.719501016293265, -28.584242810852565, -26.391643517511625, -23.27547840874869, -21.373771016708037, -17.676597138582835, -13.664551738935165, -9.780289542723525, -5.599285992695188, -0.7758634713622559, 3.0576530071036276, 7.548323533992894, 11.538272626244934, 15.701152190008518, 21.586643798084957, 27.363247700267742, 34.141811317093484, 39.859926833348446, 44.16168894684244, 49.445507287570884, 54.77650333343984, 58.364120041167006, 63.526734266669365, 67.99226203434031, 71.24141708275437, 75.58271332286367, 79.30808816575225, 84.12863807499353, 91.65037135785704, 97.28911538329497, 103.46617153964685, 107.62888758958196, 109.46123339975264, 109.44850827746582, 106.08444359660699, 101.89630292601245, 93.08145820146555, 86.90254555688452, 76.62197755100455, 67.47647212516861, 60.60372427187551, 52.77018450342723, 47.299942594582966, 43.3297589998946, 41.614554670797084, 38.3979865247874, 34.40270352947119, 31.210442587354752, 26.703157879856064, 21.655644570328924, 18.37146187499119, 14.018627987978324, 11.02014094289944, 8.242427635842624, 4.858191946236006, 1.308442485147432, -3.5297715471736155, -8.8456420958894, -14.368072063079278, -18.519497572892597, -23.836416885837625, -27.926873741750903, -31.08997011958846, -34.3469547403124, -36.47963427666711, -37.760954415290044, -38.79358501663149, -39.05848208445882, -38.40707636292356, -36.68715118251663, -33.825975698459786, -29.676220261147563, -25.092381014844072, -21.322377397799134, -17.55788756551607, -15.860762526368406, -13.701583711934626, -12.409749294230767, -10.862482203514617, -10.113082306301255, -8.547054782566638, -7.14861136025939, -5.5973083640249355, -2.7354664591288675, 1.439593715061259, 4.545992431911436, 8.494170704017339, 12.088458155014674, 13.955112856693379], "oculusZ": [-14.704521342468261, -16.334946795654297, -17.45563332672119, -18.68515793914795, -19.503768130493164, -19.87558190460205, -20.040567561340332, -20.171936198425293, -20.355280085754394, -19.92910687561035, -18.817480250549316, -17.632182284545898, -15.717323466491699, -13.289983912658691, -9.734328433227539, -7.322843714904785, -5.887444659423828, -5.041297122192383, -5.2871066772460935, -6.507452174377441, -9.49328724975586, -14.008815928649902, -19.792493029785156, -25.39616410369873, -29.72179238433838, -35.26287858123779, -41.455324336242676, -45.936759158325195, -51.761086627197265, -57.336505099487304, -61.17456738586426, -65.94496552581788, -69.87064664001466, -72.59589020843507, -76.14975754852296, -79.46985547180176, -82.45414082641602, -85.38716618652344, -87.99904172058106, -90.27546231384278, -91.76235978240967, -92.81581227416993, -94.41846196289063, -95.82513157958985, -96.93258587951661, -97.31465165252686, -96.99564759368897, -96.20147530670167, -92.80901734466553, -89.18255154724122, -83.52344815368653, -77.269609614563, -71.02471177215577, -62.96211068267823, -54.28236310119629, -47.565038844299316, -38.79922215576172, -34.16257683868408, -29.29919545288086, -25.908525630187988, -24.364288493347168, -24.345215007019043, -26.82905976409912, -33.74725167388916, -38.510497256469726, -45.953448458862304, -53.11053578491211, -58.305318995666504, -63.523109599304206, -67.75348965759278, -70.87558095092774, -74.29748360748292, -77.00055424804688, -80.27880971069337, -81.33905713195801, -81.12996403808594, -80.17843548889161, -78.72289006347657, -77.31037919158936, -76.07703988189698, -73.20171181793214, -70.4038697921753, -67.89868657226563, -64.32669942016602, -60.67555729980469, -57.839925929260254, -53.637798472595215, -49.08889119262695, -45.458968325805664, -41.45317856903076, -38.33692853088379, -36.13322560424805, -33.91807858581543, -32.504494830322265, -31.393106623840332, -31.40800778503418, -32.250340625, -34.67839543457031, -38.105781718444824, -41.0398799621582, -44.942076846313476, -49.168403788757324, -52.49136273498535, -56.855972453308105, -61.09541241760254, -63.23831860656739, -66.56080071563721, -70.061619921875, -72.75217358703614], "dobotX": [259.11981201171875, 262.049560546875, 263.9954528808594, 284.00146484375, 312.0748291015625, 312.2652893066406, 312.272705078125, 312.272705078125], "dobotY": [0.0, 0.0, 0.0, 0.0, 0.0, 0.0051732733845710754, 0.006913163233548403, 0.006913163233548403], "dobotZ": [-8.568687438964844, -8.568687438964844, -4.810737609863281, 35.27413558959961, 91.58528900146484, 92.40332794189453, 92.44259643554688, 92.44259643554688], "diffX": [-39.02598390090088, -53.16547740254512, -73.8214907698437, -79.67415853827123, -91.31115292260796, -107.87692223091238, -103.2927598455206, -120.53190062263289], "diffY": [-32.27390488810087, -17.676597138582835, 49.445507287570884, 109.44850827746582, 31.210442587354752, -27.932047015135474, -15.867675689601954, 13.94819969345983], "diffZ": [-7.148636027526855, -26.69419114227295, -85.4647247039795, -98.23624627227784, -149.89060799713135, -162.80719773406983, -123.85060422058106, -165.19477002258301], "diffXYZ": [51.14426021767849, 62.061339935425934, 123.28296662205346, 167.2641850026828, 178.26668993478327, 197.29118894286833, 162.04983657535047, 204.96781060743896], "predictionX": [262.1198, 328, 328, 328, 328, 325, 325, 325], "predictionY": [0, 0, 0, 0, 3, 3, 3, 3], "predictionZ": [-8.5687, 123.4313, 160, 160, 160, 160, 160, 160],