{"oculusX": [259.1389032886505, 259.15508594970703, 258.9717420623779, 258.7344261692047, 258.7173196361542, 258.80166020851135, 258.8909479663849, 258.82660475234985, 258.86224832992554, 259.17123880844116, 259.34638705711365], "oculusY": [0.3496333956718445, 0.3404393792152405, 0.14756619930267334, 0.3204718232154846, 0.32787024974823, 0.423334538936615, 0.40427595376968384, 0.5246773362159729, 0.4717335104942322, 0.3910735249519348, 0.6047934293746948], "oculusZ": [-8.76551453704834, -9.00214497680664, -8.778508349609375, -8.582766696166992, -8.493598147583008, -8.54879204864502, -8.498247309875488, -8.33993737335205, -8.253391429138183, -8.573468371582031, -8.82499997253418], "dobotX": [253.0637664794922], "dobotY": [1.7497467994689941], "dobotZ": [-3.9009552001953125], "diffX": [6.282620577621458], "diffY": [-1.1449533700942993], "diffZ": [-4.924044772338867], "diffXYZ": [8.06402235004595], "predictionX": [265.873334078598], "predictionY": [-3.4814029932022095], "predictionZ": [-12.63969723815918], "oculusXSynchronized": [259.34638705711365], "oculusYSynchronized": [0.6047934293746948], "oculusZSynchronized": [-8.82499997253418], "timestamp": [1589997844.993194], "oculusTimeStamp": [1589997844.9424448, 1589997844.9927583, 1589997845.0433037, 1589997845.0939507, 1589997845.1443143, 1589997845.1950235, 1589997845.245445, 1589997845.2962377, 1589997845.346803, 1589997845.3972192, 1589997845.4478319]}