{"oculusX": [259.2902692840576, 259.7103330181122, 259.57306352119446, 271.7811676548004, 268.44396319847107, 266.7521449611664, 264.16595902900696, 260.34041371803283, 257.2873148010254, 256.9504293487549, 256.4201566265106, 257.3359819934845, 257.47185078125, 257.3929342315674, 257.44991627197265, 257.40509357910156], "oculusY": [0.015262514352798462, 1.9317679107189178, 1.4084726572036743, 61.753204092383385, 79.70786653459072, 60.24176441133022, 11.075340211391449, -40.89934378862381, -56.95616453886032, -52.20557004213333, -48.15591126680374, -50.92517286539078, -51.50897055864334, -51.41739547252655, -51.43970251083374, -51.38136446475983], "oculusZ": [-8.769090815734863, -9.249981089782715, -8.83262936706543, 20.690743283081055, 52.07091982727051, 78.76199896697997, 88.14555819396972, 73.60190565948486, 51.41479189758301, 33.735458210754395, 26.03227312927246, 22.717420414733887, 22.715513066101074, 22.681538418579102, 22.610728100585938, 22.60786707763672], "dobotX": [259.11981201171875, 259.290283203125, 259.1709899902344, 259.3460388183594, 259.1766662597656, 269.84991455078125, 275.47149658203125, 278.27203369140625, 270.6150207519531, 259.0479431152344, 256.5635070800781, 254.34158325195312, 251.1565399169922, 254.36021423339844, 257.9420471191406, 258.2119445800781], "dobotY": [0.0, 0.015262514352798462, 0.004581763409078121, 0.5149441361427307, 0.7671533226966858, 52.5622444152832, 95.72203063964844, 139.88616943359375, 81.99105072021484, -8.270418167114258, -91.43235778808594, -107.6694564819336, -102.92185974121094, -52.82931900024414, -50.961517333984375, -54.089393615722656], "dobotZ": [-8.568687438964844, -8.769111633300781, -8.628868103027344, -8.831245422363281, -8.440834045410156, 16.009437561035156, 47.448944091796875, 93.34868621826172, 114.52394104003906, 141.53897094726562, 105.14482879638672, 63.648529052734375, -4.671455383300781, -6.734977722167969, 13.201988220214844, 20.064048767089844], "diffX": [0.1704572723388651, 0.4200498149871805, 0.4020735309600809, 12.435128836441038, 9.267296938705442, -3.0977695896148703, -11.305537553024294, -17.931619973373415, -13.327705950927736, -2.0975137664794943, -0.14335045356750697, 2.99439874153137, 6.31531086425781, 3.032719998168943, -0.49213084716797084, -0.8068510009765646], "diffY": [0.015262514352798462, 1.9165053963661194, 1.4038908937945962, 61.238259956240654, 78.94071321189404, 7.67951999604702, -84.64669042825699, -180.78551322221756, -138.94721525907516, -43.93515187501907, 43.276446521282196, 56.744283616542816, 51.412889182567596, 1.4119235277175903, -0.47818517684936523, 2.7080291509628296], "diffZ": [-0.2004033767700193, -0.48086945648193336, -0.2037612640380857, 29.521988705444336, 60.511753872680664, 62.75256140594482, 40.696614102172845, -19.746780558776862, -63.109149142456054, -107.80351273651124, -79.11255566711426, -40.93110863800049, 27.386968449401856, 29.41651614074707, 9.408739880371094, 2.5438183105468752], "predictionX": [259.2902692840576, 259.1709744185209, 259.346040584147, 259.1766799092293, 273.8113477230072, 278.62963604927063, 273.1447774171829, 259.0479028224945, 256.07878136634827, 250.79541778564453, 250.91330885887146, 253.57221043109894, 256.8630390614271, 257.9420316517353, 258.21192955970764, 257.5007751788944], "predictionY": [0.015262514352798462, 0.004581762477755547, 0.5149441137909889, 0.7671533655375242, 71.78645706176758, 141.2578411102295, 120.21748352050781, -8.270418167114258, -107.65642166137695, -148.58959197998047, -107.69520568847656, -55.5105916261673, -44.31256318092346, -50.961508348584175, -54.089398980140686, -51.80891811847687], "predictionZ": [-8.769090815734863, -8.628856778144836, -8.83125364780426, -8.44083397090435, 25.084394454956055, 89.99603462219238, 141.4228630065918, 141.5389747619629, 98.0446949005127, 38.9734525680542, -4.228891372680664, -9.067232131958008, 0.6730690002441406, 13.20197343826294, 20.06404423713684, 22.565692517906427], "timestamp": [1589135397.05575, 1589135398.7944386, 1589135400.2187471, 1589135401.7123425, 1589135403.1717973, 1589135404.7179594, 1589135406.213604, 1589135407.650949, 1589135409.1583245, 1589135410.6251225, 1589135412.1017187, 1589135413.5670285, 1589135415.1070824, 1589135416.5503974, 1589135417.9786153, 1589135419.4365096]}