{"oculusX": [259.2033657119751], "oculusY": [-0.16177352517843246], "oculusZ": [-8.683856173706054], "dobotX": [259.11981201171875], "dobotY": [0.0], "dobotZ": [-8.568687438964844], "diffX": [0.08355370025634556], "diffY": [-0.16177352517843246], "diffZ": [-0.1151687347412107], "timestamp": [1589134287.1632707]}