{"oculusX": [259.12519422035217, 258.1759306476593, 258.3238693759918, 264.5579191730499, 266.5697845504761, 266.2592443511963, 266.20288815956116, 260.1179393814087, 259.0843948410034, 258.3372804210663, 258.25139012794494, 258.27049341659546, 258.24820127944946, 258.1839474723816, 258.23636975746155, 258.1333133266449, 225.82491364936828], "oculusY": [0.1236945390701294, 1.188434660434723, 7.9743266105651855, 32.737948931753635, 83.53067934513092, 47.439660876989365, -8.369199931621552, -41.083574295043945, -44.02777552604675, -45.91866582632065, -45.5334410071373, -45.48737406730652, -45.4368069767952, -45.425400137901306, -45.44736444950104, -45.45465111732483, -38.086459040641785], "oculusZ": [-8.616502925109863, -8.422072573852539, -9.019549533081054, -0.4915553771972654, 33.013645962524414, 60.57817156677246, 55.918638066101074, 25.39438422088623, 7.868949726867676, -1.586611911010742, -1.5106755935668943, -1.5426236831665037, -1.5278417312622068, -1.540239497375488, -1.5519220077514646, -1.5142518722534177, -2.6717740737915037], "dobotX": [312.9443664550781, 259.2670593261719, 259.12054443359375, 258.85321044921875, 258.7903137207031, 264.8502502441406, 266.4458312988281, 271.1170349121094, 272.2161560058594, 270.3334655761719, 261.2019958496094, 256.7193908691406, 254.98104858398438, 256.7274169921875, 257.73785400390625, 258.1512451171875, 258.1855163574219], "dobotY": [94.2205581665039, 0.25775909423828125, 0.017226777970790863, 0.44974470138549805, 1.9213353395462036, 33.92591094970703, 70.54337310791016, 95.61902618408203, 72.89530944824219, 16.103578567504883, -71.16419982910156, -111.42089080810547, -79.86800384521484, -49.15904998779297, -46.24282455444336, -45.187076568603516, -45.3604850769043], "dobotZ": [-8.480777740478516, -8.568466186523438, -8.575332641601562, -8.568328857421875, -8.645751953125, -0.5928573608398438, 21.534347534179688, 71.39968872070312, 94.90186309814453, 100.07535552978516, 65.13888549804688, 14.629508972167969, -18.916236877441406, -23.396522521972656, -7.212867736816406, -1.51568603515625, -1.5707015991210938], "diffX": [-53.819172234725954, -1.0911286785125753, -0.7966750576019308, 5.704708723831175, 7.779470829772947, 1.408994107055662, -0.24294313926696987, -10.999095530700686, -13.13176116485596, -11.996185155105593, -2.950605721664431, 1.551102547454832, 3.267152695465086, 1.4565304801940897, 0.49851575355529576, -0.01793179054260463, -32.36060270805359], "diffY": [-94.09686362743378, 0.9306755661964417, 7.957099832594395, 32.28820423036814, 81.60934400558472, 13.513749927282333, -78.91257303953171, -136.70260047912598, -116.92308497428894, -62.02224439382553, 25.630758821964264, 65.93351674079895, 34.43119686841965, 3.7336498498916626, 0.7954601049423218, -0.2675745487213135, 7.274026036262512], "diffZ": [-0.13572518463134742, 0.14639361267089868, -0.44421689147949195, 8.07677348022461, 41.659397915649414, 61.171028927612305, 34.38429053192139, -46.005304499816894, -87.03291337127686, -101.6619674407959, -66.64956109161378, -16.172132655334472, 17.3883951461792, 21.856283024597168, 5.660945729064942, 0.00143416290283227, -1.10107247467041], "predictionX": [259.12519422035217, 259.12055124610197, 258.8531990610063, 258.79030867293477, 264.9345135688782, 266.6050872206688, 272.80044901371, 271.3119601011276, 261.06266751885414, 255.91409945487976, 251.4115794301033, 254.5766304731369, 256.72742407023907, 257.73786010593176, 258.1512486450374, 258.18548606475815, 258.09039823152125], "predictionY": [0.1236945390701294, 0.017226777970790863, 0.44974469020962715, 1.921335183084011, 34.37084722518921, 74.35439491271973, 103.55297183990479, 25.454646170139313, -72.49550342559814, -118.63810443878174, -121.11403846740723, -63.06397199630737, -49.15905013680458, -46.24282565712929, -45.187077447772026, -45.36048530321568, -45.42667888966389], "predictionZ": [-8.616502925109863, -8.575357453897595, -8.568338797427714, -8.645761381834745, -0.4808938205242157, 23.85379934310913, 89.1393723487854, 103.81892728805542, 64.60591077804565, 5.36329984664917, -30, -29.43963384628296, -23.396511554718018, -7.212865054607391, -1.51568973925896, -1.5706739677116275, -1.5209902613423765], "timestamp": [1589135286.8652244, 1589135288.6866112, 1589135290.1466274, 1589135291.6277575, 1589135293.1100326, 1589135294.5960717, 1589135296.0819712, 1589135297.5640655, 1589135299.0075016, 1589135300.4815965, 1589135301.9242182, 1589135303.3892212, 1589135304.8904638, 1589135306.3584666, 1589135307.835545, 1589135309.368414, 1589135310.8511004]}