{"oculusX": [240.0698114438757, 239.95916841405312, 239.6903759303145, 239.4337154409767, 239.2397249558153, 238.6315598377338, 238.22245360510436, 237.64359594198208, 237.13302169942293, 237.032605710307, 236.99774979560607, 236.9552536916704, 236.8047223469546, 236.65280777734674, 236.46888156784607, 236.0694978631013, 235.9345601323133, 235.8726038657194, 235.83194495308732, 235.80187548068704, 235.8251745979072, 235.92811375760164, 235.85020987671408, 235.87455851882027, 235.9481798474144, 236.10282635228896, 236.19647408986245, 236.20974423109317, 236.1845688937145, 236.30013319005633, 236.41533288173218, 236.73889922568884, 237.1081043205788, 237.18274192806857, 237.30128269184468, 237.37316737168888, 237.52765203006632, 237.3384989498172, 237.32588743642066, 237.17637590387088, 236.98166385932504, 236.78344540203517, 236.59651290897065, 236.5177766628168, 235.7823744967218, 235.6086820747987, 235.7681135458485, 235.78735792865345, 235.7877226806504, 235.29367769952162, 234.80219144975726, 234.16071238958278, 233.4612751089637, 232.8463931741801, 232.64625715758933, 232.76486127011424, 232.72082322583094, 232.72952320245216, 232.7989857407049, 233.5755246766664, 234.0115974243641, 234.0582534704593, 234.19369266234855, 234.3788040672434, 234.5082517737374, 234.64986838507943, 234.33535461777012, 234.08970088901918, 233.62435135205857, 233.04146790211402, 232.1546457760845, 231.5403321214174, 230.79783435573498, 230.27297615605144, 230.1327521186396, 229.87988526070376, 229.8925242960517, 229.56392559624354, 229.10016357772827, 228.5847933140736, 228.01131896473345, 227.6627163417619, 227.59114821586527, 227.51948228875693, 227.44464567634282, 227.43594221597104, 227.38536821512807, 227.3655649521677, 227.2858184783469, 226.89575830536788, 226.8289201408525, 226.9983715200935, 227.20801352230103, 227.43572061004764, 227.81833232949558, 228.10988192422573, 228.080302904982, 228.64738348598812, 229.32902568582807, 229.89177486782316, 230.9870765439477, 231.70551837612484, 232.23228225864682, 233.18850339889482, 233.75508394650538, 234.3945831395424, 234.53917995923004, 235.27288930512879, 236.3154327306253, 237.4987067882559, 238.22899567518104, 238.06628390908622, 237.48629513101884, 236.39486750347265], "oculusY": [-1.1596247615718176, -1.1999216101874741, -1.5386112613346346, -2.098936222276638, -2.7181496694020786, -3.8427766515895825, -4.739414370241354, -5.944740395696472, -6.707206390178786, -7.5138700106479, -8.007680027956285, -8.639103614389025, -9.56485305939915, -10.579569197532926, -11.233561438100311, -12.101781941405163, -12.665614827272277, -12.966607453546635, -13.441194732456863, -13.782327916010386, -13.920132840373647, -14.348624650887922, -15.061096691396964, -15.317846620324463, -15.123219586603874, -14.651757076323218, -13.966099442943442, -13.026819847198844, -11.89127117132503, -10.835856464429826, -10.005242684098798, -9.103470732350765, -8.258746265544287, -7.655370358007504, -6.939209609096167, -5.547097641256243, -4.894308032081402, -3.9514861802149075, -1.9771894050926664, -0.8081937501252052, 0.10602710469257287, -0.30139678890604327, -1.2913864838212439, -3.068450630825193, -5.987606018525057, -8.49180608473055, -11.22568346462903, -12.790050748754622, -15.79006569820093, -18.519715183566547, -20.909891942804883, -23.957101796499696, -26.854985759189514, -29.098339489072917, -31.937379489919778, -33.48955625336654, -35.92484286917773, -37.119417560369335, -37.530881810160444, -37.84954561812868, -38.620423691328256, -40.307313951734024, -43.736448343341614, -47.943461020059814, -50.332657758600774, -51.90347177075734, -52.53939946864122, -50.70959463054519, -47.13849973902917, -40.25508373369875, -31.875714137972842, -24.69742496491763, -15.668554955946107, -9.587755069940748, -2.237455631827044, 3.60470085729336, 7.718802955595777, 12.109852063847164, 16.4813394721245, 19.442117416049346, 23.86650470353713, 28.143196988752283, 31.695079504201715, 36.51822790280023, 41.38203726809808, 44.747491372900676, 49.50239455720036, 53.52873445620268, 58.80921783058196, 64.96482921453278, 70.9236135227012, 74.32804469381168, 78.99516315578451, 82.32826030976626, 87.07436873984437, 91.9352582232992, 95.49384057212247, 101.08536246345858, 106.73432030331291, 111.17396520132158, 117.8238343331965, 123.1737380005414, 126.59206483819969, 132.3239593037091, 136.67653971770656, 140.7396043910838, 143.21192662715148, 147.0634846963294, 150.62657599909176, 152.99380603703187, 154.1605583980155, 153.54358039926828, 151.92274108156565, 148.6685767274987], "oculusZ": [-8.505638285827636, -8.42076127166748, -8.379038020324707, -8.360083743286133, -8.311684771728515, -8.593376322937011, -8.860881968688965, -9.109433337402344, -9.28753201599121, -8.884127780151367, -8.532818003845215, -8.154924555969238, -7.577117129516601, -7.261927767944336, -7.29161088104248, -7.48842541809082, -7.447775050354004, -7.246311351013183, -7.175501033020019, -7.121737643432617, -6.940777941894531, -6.61867444152832, -6.378706141662597, -6.152327700805664, -5.993779345703125, -5.84655587310791, -6.099279566955566, -6.573374911499023, -7.512267276000976, -7.861788912963867, -8.059676333618164, -8.266027613830566, -8.482511683654785, -8.552249118041992, -8.586581393432617, -8.495028659057617, -8.498247309875488, -8.57799832458496, -8.99904553527832, -9.464677020263672, -10.035570307922363, -10.007794543457031, -9.999688311767578, -9.394462748718261, -9.16391198272705, -8.627112551879883, -8.333261653137207, -7.724221392822265, -6.747658892822265, -5.811031504821777, -6.387885256958008, -8.81141011352539, -11.380489512634277, -12.370284243774414, -12.51619641418457, -12.255843325805664, -11.925156756591797, -11.375125094604492, -10.59370820159912, -8.618171855163574, -8.032019778442383, -8.693035289001465, -9.857471629333496, -10.980184718322754, -11.161382838439941, -10.526712580871582, -9.158428355407715, -7.251437350463867, -6.009514971923828, -4.474695368957519, -3.423031016540527, -2.9662210189819334, -2.7978975021362302, -3.044779940795898, -3.084238215637207, -3.526743098449707, -3.830249949645996, -4.476006671142578, -4.992659732055664, -5.278523608398437, -5.5568772994995115, -5.3051072799682615, -5.131061717224121, -4.847939654541015, -4.304822131347656, -4.018242999267578, -4.006918116760254, -4.200633212280273, -4.471953555297851, -4.784162684631347, -4.570658847045898, -4.417594119262695, -4.520710154724121, -4.513438388061523, -4.103239222717285, -4.024084254455566, -3.840978785705566, -3.098304911804199, -2.29888741607666, -2.1155435287475584, -2.192671939086914, -2.2943574630737302, -1.92659680480957, -1.5091258728027341, -1.6984302246093748, -1.9356567108154294, -1.8101293289184568, -1.4637071334838865, -0.9646970474243162, -0.3803331100463865, 0.5591553009033206, 0.9726923263549807, 0.8451383865356448, 0.797573880004883], "dobotX": [259.1198, 259.1198, 259.1198, 259.1198, 259.1198, 259.1198, 259.1198, 259.1198, 259.1198, 259.1198, 259.1198, 259.1198, 259.1198, 259.1198, 259.1198, 259.1198, 259.1198, 259.1198, 259.1198, 259.1198, 259.1198, 259.1198, 259.1198, 259.1198, 259.1198], "dobotY": [0, 0, 0, 0, 0, 0, 0, 0, 0, 0, 0, 0, 0, 0, 0, 0, 0, 0, 0, 0, 0, 0, 0, 0, 0], "dobotZ": [-8.5687, -8.5687, -8.5687, -8.5687, -8.5687, -8.5687, -8.5687, -8.5687, -8.5687, -8.5687, -8.5687, -8.5687, -8.5687, -8.5687, -8.5687, -8.5687, -8.5687, -8.5687, -8.5687, -8.5687, -8.5687, -8.5687, -8.5687, -8.5687, -8.5687], "diffX": [-19.049988556124305, -19.6860845590233, -21.476204058017913, -22.12205020439393, -22.315077653045392, -23.050302136898694, -23.317924519312953, -23.245241481179733, -22.91005576890683, -21.81851730815532, -21.94342409612912, -23.51111792520129, -24.31760855024274, -26.473542842410666, -25.544275323333608, -25.061546529540692, -25.49544864794143, -28.98704788136041, -30.53500668592639, -31.528651784134723, -32.22404169463212, -31.301467670504422, -28.132723456052304, -25.931296601105174, -23.846910694871212],