{"oculusX": [259.4235750720978, 243.9750942276001, 248.70832887153625, 252.59547558288574], "oculusY": [0.49567222595214844, -15.898548066616058, -18.404357135295868, -15.200614929199219], "oculusZ": [-7.562812014770508, -2.2211629592895505, -6.195481463623047, -9.304578944396972], "dobotX": [259.11981201171875, 259.4235534667969, 243.97509765625, 248.7083282470703], "dobotY": [0.0, 0.49567219614982605, -15.898547172546387, -18.404356002807617], "dobotZ": [-8.568687438964844, -7.562812805175781, -2.2211761474609375, -6.195465087890625], "diffX": [0.30376306037902623, -15.44845923919678, 4.733231215286253, 3.8871473358154276], "diffY": [0.49567222595214844, -16.394220262765884, -2.505809962749481, 3.2037410736083984], "diffZ": [1.0058754241943362, 5.341649845886231, -3.974305316162109, -3.1091138565063474], "timestamp": [1589128501.7342622, 1589128503.3547716, 1589128504.7760186, 1589128506.1516294]}