{"oculusX": [242.89404760222686, 242.7444403903789, 242.05025212061048, 241.28195242462962, 240.80704740629187, 240.00618425433254, 238.8483735703009, 238.43585623356907, 237.8571389360593, 237.29068186249415, 236.4375762658536, 235.92405849114408, 235.17674968628046, 234.6275853933089, 234.19805853546256, 233.62052605572833, 232.90478868319545, 232.41274031868872, 231.5857112528304, 231.2856933029039, 231.0079253813735, 230.71077922071692, 230.01341368635505, 229.0786145332415, 228.47952207152687, 228.61457831918426, 228.40198414049846, 227.55976148121053, 226.6624220440712, 225.876089594678, 225.6024992166689, 225.57707038072584, 225.7935495539557, 226.14733326930101, 226.393050700709, 226.51010833081102, 227.10710384253642, 227.2416671843566, 227.23270771818977, 227.25213671450123, 227.14641954071695, 227.2782363061528, 227.45597511310788, 227.46486736620727, 227.11608187127052, 226.6517784863204, 226.27382614678825, 225.63262510057504, 223.9751824027808, 223.0677903369024, 221.84051344127786, 221.10902762949368, 220.5140986542591, 219.63713522023602, 219.084415869849, 218.96220503598235, 218.8245144081744, 218.33095951248012, 217.8554425884127, 217.20129741935594, 216.6835717233083, 215.8269655021542, 214.75037759580997, 213.55869521069306, 212.86275661758665, 212.521267468923, 212.3323314064556, 212.45636241780733, 212.36835741929494, 211.9054723157748, 211.54007817887026, 210.88552793362157, 210.61007738949746, 210.5260703372232, 210.69884704416665, 211.01631350761144, 211.3297994068099, 211.53004272335764, 211.5679042578103, 211.6617480499688, 211.3407870808371, 211.0038978598374, 211.01285917283582, 211.2853282414297, 211.54377292283692, 211.44340653680595, 211.3931482630357, 211.1956988654217, 211.0026657281889, 211.04443598775424, 211.2016775649218, 211.11562017825676, 210.93682968609278, 210.88211081412598, 211.00999600728136, 211.04627183572921, 211.19649504892564, 211.5196762163392, 211.66689677827688, 211.8483666374896, 212.78578469564314, 213.9238561474625, 215.08502181624655], "oculusY": [3.2623766247716044, 2.9008382257127163, 2.32063001085174, 1.7708988875224654, 1.3137153143549267, 0.6397847131621002, -1.283813799900299, -2.426544531910658, -3.8991089041126994, -5.8638020585127855, -8.371998269894236, -10.219061317812487, -12.43452579158245, -13.963537005313146, -14.992019545304966, -16.095370669595397, -16.888303024837022, -17.468064980324627, -17.862867634767593, -18.010149829520124, -17.71385965295432, -17.105463486918115, -16.622444607719128, -16.261596956405672, -15.067288297789027, -13.188030293284562, -10.930522653716755, -9.835269352724957, -9.155177789925066, -8.310400790459727, -7.5480993795561675, -6.6240512125943205, -4.0831553640675855, -1.8496306608724218, -0.37612497092742475, 0.25267563514988617, 0.5850703066392897, 1.100194509273267, 1.0765560840081507, 1.145839913697633, 0.9702980528745653, 1.0052371438051697, 1.686173875297748, 2.0244020502634137, 1.7091847706142493, 1.0189529448457328, -0.20225894289359167, -0.8924240644323427, -2.1773271366311713, -3.035883650035163, -5.022974625705285, -6.195256992708532, -6.995896221318476, -7.8212517452878405, -8.679723809602724, -9.244429579923299, -9.633230836231512, -10.398061370742443, -11.155714651716183, -12.162012509642652, -12.971868690253725, -13.896902231721269, -14.43257164842212, -14.86118636338364, -15.250667205837674, -15.60702465543416, -15.93822919006367, -16.143559930923754, -16.680610784571368, -17.546241697738466, -18.239849817113463, -19.179538477019673, -19.900388950121048, -20.877256508437945, -21.281008763140246, -21.88653888021871, -22.372634456862436, -22.443367823075803, -22.41852190911566, -21.975215256542167, -21.18976409214282, -19.820287374453386, -18.760422690988094, -17.451529204673193, -16.843549165508243, -16.434906969657476, -16.040444236733787, -15.626351826960002, -15.285355401286374, -14.965879401132938, -14.339016298607987, -13.553436570099, -13.0684064270427, -12.258923146559349, -10.903627112935393, -10.09925563783559, -8.809935124593768, -7.694831283416669, -6.477565222149229, -5.261416173937171, -3.970851916962497, -3.0013875004370223, -1.8664994112988536], "oculusZ": [-7.07190816040039, -7.445033236694336, -8.008297129821777, -9.284670993041992, -10.780866786193847, -12.12852780456543, -12.916978045654297, -13.288434191894531, -14.190371676635742, -14.677580043029785, -15.083845301818847, -15.266354724121094, -15.578802272033691, -15.798028155517578, -15.788491412353515, -15.814836665344238, -16.006286784362793, -16.096528216552734, -16.482647105407715, -16.547973796081543, -16.787465258789062, -17.053182765197754, -17.13519875640869, -17.22222153778076, -17.782266780090332, -18.695171519470215, -20.280893489074707, -21.672542735290527, -22.680695697021484, -23.592885180664062, -23.979004069519043, -24.339731379699707, -24.77210347290039, -24.685438319396972, -24.276788874816894, -24.12801568145752, -23.878391429138183, -24.101193591308594, -23.961003466796875, -23.753102465820312, -23.694332286071777, -23.93585030670166, -24.59507767791748, -24.766262217712402, -24.952943965148926, -25.17193143005371, -25.501902743530273, -26.319678469848633, -27.945335551452636, -28.60027138824463, -29.307778521728515, -29.72787205810547, -30.261810466003418, -30.971224948120117, -31.238372966003418, -31.324561282348633, -31.316931887817383, -31.47548024291992, -31.499322100830078, -31.610186740112304, -31.939562007141113, -32.74482075805664, -33.721979304504394, -34.60889641876221, -35.14092747802734, -35.588319941711426, -35.73554341430664, -35.432513400268554, -35.281356021118164, -35.41212861175537, -35.687502070617676, -35.966571017456054, -35.70955578918457, -35.24690453643799, -34.9506694519043, -34.18701474304199, -33.543522998046875, -33.273633166503906, -33.09589211578369, -33.24251954193115, -33.93917863006592, -34.84540764923096, -35.29709164733887, -35.669143840026855, -35.63659970397949, -35.75056378479004, -35.73876206512451, -36.1946183883667, -36.502416773986816, -36.5915853225708, -36.7131787979126, -37.17904870147705, -37.361438914489746, -37.683303996276855, -38.12807385559082, -38.42418973083496, -38.864310427856445, -39.1783076965332, -39.3912154876709, -39.39252678985596, -38.40463940734863, -37.458832904052734, -36.48441617126465], "dobotX": [259.1198, 259.1198, 259.1198, 259.1198, 259.1198, 259.1198, 259.1198, 259.1198, 259.1198, 259.1198, 259.1198, 259.1198, 259.1198, 259.1198, 259.1198, 259.1198, 259.1198, 259.1198, 259.1198, 259.1198, 259.1198, 259.1198, 259.1198, 259.1198, 259.1198], "dobotY": [0, 0, 0, 0, 0, 0, 0, 0, 0, 0, 0, 0, 0, 0, 0, 0, 0, 0, 0, 0, 0, 0, 0, 0, 0], "dobotZ": [-8.5687, -8.5687, -8.5687, -8.5687, -8.5687, -8.5687, -8.5687, -8.5687, -8.5687, -8.5687, -8.5687, -8.5687, -8.5687, -8.5687, -8.5687, -8.5687, -8.5687, -8.5687, -8.5687, -8.5687, -8.5687, -8.5687, -8.5687, -8.5687, -8.5687], "diffX": [-17.837847575370375, -20.68394376643093, -23.94305031371954, -25.499273944271664, -26.70705968131128, -28.1118746186265, -30.505221680815737, -32.45737795592879, -33.3262504460443, -32.72674929929099, -31.867663285498764, -32.46802151367959, -36.05200966309761, -40.2952855918256, -42.43622827669171, -46.25704338241334, -47.57972182112974, -48.103486492388555, -47.458051950031205, -47.576027077163076, -48.117134271811096, -48.004179821743236, -48.10980399271864, -47.45290322172312, -44.034778183753446], "diffY": [1.7708988875224654, -2.426544531910658, -12.43452579158245, -16.095370669595397, -17.468064980324627, -17.71385965295432, -13.188030293284562, -9.155177789925066, -4.0831553640675855, -0.37612497092742475, 1.145839913697633, 1.0189529448457328, -3.035883650035163, -9.633230836231512, -12.971868690253725, -15.250667205837674, -18.239849817113463, -21.88653888021871, -21.975215256542167, -16.843549165508243, -15.285355401286374, -13.553436570099, -10.903627112935393, -6.477565222149229, -1.8664994112988536],