{"oculusX": [240.78930703017872, 240.59081197886394, 240.48429657319, 240.76116079163458, 241.0442000713243, 241.19040556694296, 241.04010180619278, 240.8805622647519, 240.79259488951766, 240.7880798228482, 240.69431421005444, 240.52471766316938, 240.4725286149276, 240.2285645885117, 239.5806809940305, 238.95399482036902, 237.82635354472268, 236.4557245129858, 235.3114217871015, 233.89908480618234, 232.48351513606613, 231.3834471393904, 230.65391158264117, 230.20912446726848, 229.8494787615802, 229.27184308014967, 228.84446495767997, 228.35008697858316, 228.06820044674237, 227.9997202992032, 227.98993143106824, 228.08846107641378, 228.16450422063593, 228.31850649284902, 228.3321133727994, 228.25313549588947, 228.50044794731826, 228.54125746619619, 228.7227854429689, 228.75717148593827, 228.78793796603196, 228.47199274530882, 228.5281081294385, 228.59666720155423, 228.65084496435878, 229.01311098753433, 229.28638092743094, 229.5607708585387, 229.58968684875953, 229.97968774026936, 230.78779877113163, 232.84928972001262, 233.27679004173413, 233.01151871128974, 231.94447380247516, 232.38325675648997, 232.4064310937562, 233.3414832299849, 235.01885394444426, 235.65473394349016, 235.7773366133532, 235.84712901775666, 236.34864466996567, 236.82488551889114, 236.61688072574924, 236.41677608803593, 236.55819590107717, 235.21624096767277, 234.1283560759925, 234.3683200616709, 234.60115846393808, 235.4273842854941, 236.35521442891485, 238.1337436777033, 240.27334771312357, 241.74128433145586, 242.770568957545, 243.09264498621874, 241.67141842461592, 239.35594468187276, 237.58919865716658, 235.71832989531813, 234.7706238530071, 233.41676240011608, 232.4859899740437, 231.655449858407, 230.78638839205848, 229.1911575944296, 228.4290759357065, 228.07284099517778, 228.17328406477674, 228.61273737193866, 229.44964665703736, 229.74919219335118, 230.31411704473064, 230.02342825060632, 229.9727645621449, 229.69116378539894, 229.0695468319897, 227.97468448158102, 227.5324111707297, 226.70781414115547, 226.0293251645937, 225.29639588034306, 224.68944799079804, 223.11100888488207, 221.6557979412344, 220.4705944817148, 219.25785466678977, 218.74679957142197, 219.09842364533839, 219.871727012849, 219.96613432390615, 219.33591653545065, 218.155804679248, 217.02233099196565, 215.16166444963818, 214.16469214084188, 214.15213538295063, 214.85519489421915, 215.4718109719858, 215.40027163827628, 214.32727255584234, 212.66852241841872, 210.6788233509956], "oculusY": [-0.06755013606659394, -0.21880561025144704, -0.41608897634105413, -0.1864276156806755, -0.031167510542624607, -0.00014882105781617263, -0.1357268004111555, -0.11018986373095173, -0.006042582948200926, 0.08578100459901764, 0.15276781209422793, 0.09306647913685695, -0.21203202537670565, -0.7723474877142275, -1.5237633252604896, -1.9411815044152125, -2.659695155587565, -3.5955214905198054, -4.581062988537391, -6.022787586707419, -7.944101617044423, -9.69502489643464, -10.869925131156565, -11.876518658162432, -13.102432234344867, -14.463020894978767, -15.353845934804582, -16.301580017518802, -16.975343500092496, -17.23111411290296, -17.84306615078244, -18.350430916797077, -18.625204456914016, -18.288660537597757, -17.924052959635297, -17.584232683062897, -16.85584551753582, -14.249796291117097, -11.910441189476002, -9.945170466334647, -7.08664821810354, -3.998946120951328, -1.4949468390651728, 1.226941025027867, 3.3560962825641094, 6.802615728541229, 9.785417454314723, 12.48279123665537, 16.50108402354259, 21.953156984741543, 27.48089458255207, 37.57257638304956, 45.11688558072755, 50.63312471517708, 58.47238628795008, 68.31692863341537, 75.16415871144517, 85.21446708574132, 94.43655810817623, 100.81996754387623, 107.86645333556135, 112.0449822159944, 115.59801517865895, 118.0692985410406, 118.78715422795413, 118.0005336091741, 117.12309333948639, 117.94881468850558, 119.72503294274702, 122.97256830068909, 126.39746330727992, 129.6131734213285, 131.73533930700768, 134.9387417960967, 137.34156532467543, 138.80694321695208, 139.99041097637095, 139.63791024213242, 137.33708535095988, 131.75556515183067, 125.77747165679207, 119.12812779830925, 113.44806126657447, 109.23591604892562, 104.42042607340031, 99.83969464097119, 96.7129355598291, 92.06358281028248, 88.97228165120492, 86.43720004167376, 82.92946231458208, 80.65743129966069, 77.53084721900207, 72.9518124859658, 69.80869664212072, 65.75609291372795, 62.60615613751535, 56.80708239689898, 51.90348824299104, 45.701250140797484, 41.36932205297959, 39.450762020072936, 35.84271055000432, 31.015882257214344, 26.24149234277688, 19.23730967737579, 12.750280314866272, 8.727043309241806, 6.578558410724057, 5.28586217572832, 4.008718487523572, 1.4927858242777825, -1.0045228296191042, -5.089353430289576, -8.576323971339606, -9.796457844477588, -11.70344397126754, -13.088223403185829, -13.893112147945825, -15.507133612283292, -17.96930769657337, -21.662712456354292, -26.758200505266053, -30.771099087882718, -32.70075922270124], "oculusZ": [-8.252199336242676, -8.483107730102539, -8.553322001647949, -8.39012448425293, -8.170779391479492, -8.08196847076416, -8.16577260131836, -8.261616870117187, -8.322652026367187, -8.287485285949707, -8.433159037780761, -8.70459859008789, -8.719499751281738, -8.814032717895508, -9.300168200683594, -9.794529124450683, -10.763462229919433, -12.099083110046386, -13.058956309509277, -14.01012723083496, -14.539178057861328, -15.08718316192627, -15.356119319152832, -15.167649432373047, -14.89799801940918, -14.97882191772461, -15.104945346069336, -15.2292806350708, -15.170987292480469, -15.173490687561035, -14.841969653320312, -14.286931201171875, -13.944800540161133, -13.772662326049804, -13.706620379638672, -13.440426036071777, -13.18758313293457, -13.92298524017334, -14.92553536529541, -15.85942093963623, -17.466958209228515, -18.924291773986816, -19.892748042297363, -20.881589099121094, -21.66407887573242, -22.880848094177246, -23.273165866088867, -23.17744080657959, -23.03081338043213, -23.137267276000976, -23.21260754699707, -23.19711033935547, -23.329671069335937, -22.979911013793945, -21.782096072387695, -19.517357989501953, -18.02783791656494, -15.710647746276855, -13.2531482421875, -12.046750231933594, -10.785396739196777, -9.703572436523437, -7.701571627807617, -6.7650634490966794, -6.526048823547363, -6.1159688674926755, -5.918677493286133, -6.1356384002685544, -5.486663027954101, -4.862483187866211, -4.484828158569336, -3.8005668365478513, -3.9251405441284177, -4.740055247497558, -6.528909846496582, -8.383091136169433, -11.083896800231933, -12.866433306884765, -14.096077128601074, -13.626750155639648, -12.761171504211426, -12.280996485900879, -12.539442225646972, -13.199504061889648, -13.547356768798828, -14.55181424255371, -15.675481005859375, -17.67223660583496, -18.9979631149292, -19.247110530090332, -19.079621478271484, -19.12170235748291, -20.359810038757324, -23.619349642944336, -26.461656733703613, -29.78306595916748, -31.645115061950683, -32.99909417266846, -34.77304761047363, -36.89926449890137, -39.48741738433838, -41.62519757385254, -41.624720736694336, -40.1388961517334, -38.86073414916992, -37.16545884246826, -35.6680709564209, -35.682733699035644, -37.881549044799804, -37.83839528198242, -36.633308573913574, -34.34818570251465, -33.71113125915527, -34.394796534729004, -38.24215714569092, -41.6189986907959, -44.73763291473389, -44.91072480316162, -44.113453074645996, -42.42163483734131, -40.499981089782715, -39.73930661315918, -40.24093930358887, -42.17439477081299, -45.26286904449463], "dobotX": [259.1198, 259.1198, 259.1198, 259.1198, 259.1198, 259.1198, 259.1198, 259.1198, 259.1198, 259.1198, 259.1198, 259.1198, 259.1198, 259.1198, 259.1198, 259.1198, 259.1198, 259.1198, 259.1198, 259.1198, 259.1198, 259.1198, 259.1198, 259.1198, 259.1198], "dobotY": [0, 0, 0, 0, 0, 0, 0, 0, 0, 0, 0, 0, 0, 0, 0, 0, 0, 0, 0, 0, 0, 0, 0, 0, 0],