{"oculusX": [259.4957264945984, 259.490391878891, 259.43621125679016, 259.4492348716736, 259.45293035964966, 259.56194725494385, 259.74937406044006, 260.05675521354675, 260.36437478523254, 260.52688684921264, 260.6699379966736, 260.752758650589, 260.663590102005, 260.78843203048706, 260.8323904560089, 260.9494539783478, 260.7241186187744, 260.52876439552307, 260.3749248073578, 260.25222864608764, 260.1233037994385, 260.1106676147461, 260.31764474372864, 260.49172010879516, 260.6262775943756, 260.51135983924866, 260.3758784816742, 260.18630590896606, 260.21607842903137, 260.3111478374481, 260.4517253921509, 260.5492683933258, 260.7410463378906, 260.678193239975, 260.71458187561035, 260.8229133174896, 260.91026392440796, 261.03430119018554, 261.17332902412414, 261.3524111793518, 261.48428645591736, 261.55748095970154], "oculusY": [-0.6938725709915161, -0.7269382476806641, -1.2506097555160522, -1.419156789779663, -1.4282912015914917, -1.3665109872817993, -1.1203587055206299, -1.0642260313034058, -0.9201467037200928, -0.9912699460983276, -1.1118054389953613, -1.2250840663909912, -1.3855546712875366, -1.2840032577514648, -1.6608089208602905, -1.8117278814315796, -2.0404011011123657, -2.1248161792755127, -2.0643025636672974, -2.038896083831787, -2.0068734884262085, -2.3877471685409546, -3.269970417022705, -3.8292258977890015, -4.172086715698242, -4.3168216943740845, -4.714205861091614, -5.1796287298202515, -5.600005388259888, -5.791902542114258, -5.594074726104736, -5.318120121955872, -5.256026983261108, -5.0017088651657104, -5.151793360710144, -5.469471216201782, -5.471229553222656, -5.823776125907898, -5.739465355873108, -5.533084273338318, -6.139993667602539, -7.261455059051514], "oculusZ": [-8.766706629943847, -8.668358966064453, -8.674915476989746, -8.597071810913086, -8.578475161743164, -8.684929057312011, -8.731301470947265, -9.040649577331543, -9.160931750488281, -9.377773448181152, -9.407456561279297, -9.458120509338379, -9.436305209350586, -9.440715953063965, -9.573157473754883, -9.44608037109375, -9.286697550964355, -9.107764407348633, -9.125049754333496, -8.968289538574219, -8.835251971435547, -8.652861758422851, -8.547719165039062, -8.592661067199707, -8.650596781921386, -8.685644313049316, -8.650119944763183, -8.56250111694336, -8.51386372680664, -8.548196002197265, -8.691604777526855, -8.7595540725708, -8.922393962097168, -8.951242610168457, -8.981521769714355, -8.974846049499511, -9.026106044006347, -9.06151120300293, -9.14996449584961, -9.263928576660156, -9.344514056396484, -9.25081555480957], "dobotX": [265.7270812988281, 259.3006286621094], "dobotY": [0.0, -0.3691166639328003], "dobotZ": [-17.47850799560547, -8.583961486816406], "diffX": [-5.057143302154543, 2.256852297592161], "diffY": [-1.1118054389953613, -6.892338395118713], "diffZ": [8.071051434326172, -0.6668540679931638], "diffXYZ": [9.589196054323052, 7.2830217076412485], "predictionX": [259.3006702945709, 260.3111478374481], "predictionY": [-0.3691166639328003, -5.791902542114258], "predictionZ": [-8.5839587890625, -8.548196002197265], "oculusXSynchronized": [260.6699379966736, 261.55748095970154], "oculusYSynchronized": [-1.1118054389953613, -7.261455059051514], "oculusZSynchronized": [-9.407456561279297, -9.25081555480957], "timestamp": [1589998746.2647786, 1589998748.0714316], "oculusTimeStamp": [1589998746.2134032, 1589998746.264108, 1589998746.314795, 1589998746.365502, 1589998746.4161208, 1589998746.466812, 1589998746.5173836, 1589998746.5676773, 1589998746.6182873, 1589998746.6688237, 1589998746.7192261, 1589998746.7815933, 1589998746.8424258, 1589998746.8946893, 1589998746.956574, 1589998747.0410652, 1589998747.107106, 1589998747.1869833, 1589998747.25763, 1589998747.318438, 1589998747.3800044, 1589998747.4414651, 1589998747.494784, 1589998747.5709252, 1589998747.6317508, 1589998747.692691, 1589998747.7674086, 1589998747.8202603, 1589998747.8806417, 1589998747.942106, 1589998747.9929905, 1589998748.043595, 1589998748.09414, 1589998748.1447268, 1589998748.195144, 1589998748.2456949, 1589998748.2962291, 1589998748.3469248, 1589998748.3974528, 1589998748.4479935, 1589998748.4984937, 1589998748.5490727]}