{"oculusX": [259.03667573492527, 207.51886133711338, 285.04933108251095, 219.69876129786968, 266.2193856076479, 311.85565952818393, 311.6214952306032, 279.98996589939594, 235.90504954244494, 205.88040788333416, 197.2421227828741, 190.51926274459362, 232.577300920631, 293.4706291989565, 300.7621548012972, 235.29951478030085, 208.37677147846222, 214.74800881605148, 216.1687451289177, 233.71203121404648, 237.93299373846054, 234.94194325666427, 234.05630764226913, 232.82413062314987, 232.47255262594223, 226.02452215414047], "oculusY": [0.3384724259376526, -7.168754935264587, -17.75684952735901, 4.858195781707764, 12.875385582447052, -8.971042931079865, -40.856629610061646, -73.873370885849, -97.33410179615021, -100.72958469390869, -86.79039776325226, -31.307876110076904, 4.4330209493637085, -30.700623989105225, -108.53248834609985, -102.59740054607391, -96.453458070755, -101.23877227306366, -100.87073221802711, -95.69263085722923, -91.55222028493881, -87.31335401535034, -90.01896157860756, -91.4902463555336, -89.84369784593582, -89.27356824278831], "oculusZ": [-8.645470782470703, -30, 0.49227888946533227, -30, -28.587754412841797, -28.060849353027344, -7.128413363647461, 7.978026226806641, -6.459053202819824, -30, -30, -30, -19.491251155090332, 3.5461824691772463, -30, -30, -30, -30, -30, -30, -26.71593014831543, -13.281877680969238, 16.94542582397461, 63.37529833679199, 89.45411856536865, 109.01922400360107], "dobotX": [259.11981201171875, 259.0367126464844, 215.99868774414062, 250.6842803955078, 271.9752502441406, 219.9351806640625, 267.2295227050781, 311.85491943359375, 311.5426940917969, 279.9560852050781, 237.46551513671875, 201.86639404296875, 192.05467224121094, 218.6862030029297, 247.88694763183594, 293.8306579589844, 300.73834228515625, 240.77647399902344, 214.74801635742188, 216.16873168945312, 233.7120361328125, 237.9329833984375, 234.9419403076172, 234.0747528076172, 233.23007202148438, 232.49261474609375], "dobotY": [0.0, 0.338472455739975, -5.933068752288818, -13.063721656799316, -13.232474327087402, 4.8989386558532715, 12.391813278198242, -9.071355819702148, -40.93890380859375, -73.89142608642578, -96.5036849975586, -88.05147552490234, -43.97943878173828, -7.3716254234313965, -4.400209426879883, -34.54342269897461, -108.27851104736328, -103.0939712524414, -101.23877716064453, -100.87071990966797, -95.69263458251953, -91.5522232055664, -87.3133544921875, -89.96261596679688, -91.00553894042969, -89.93765258789062], "dobotZ": [-8.568687438964844, -8.645462036132812, -26.48503875732422, -13.023292541503906, -5.6080322265625, -29.99279022216797, -28.57610321044922, -27.99500274658203, -7.090763092041016, 7.966926574707031, -5.948020935058594, -27.184371948242188, -30.000015258789062, -22.962120056152344, -13.699211120605469, 1.8899002075195312, -29.890544891357422, -30.0, -29.999977111816406, -29.99999237060547, -30.000015258789062, -26.71593475341797, -13.281883239746094, 16.315902709960938, 48.07928466796875, 87.96607971191406], "diffX": [-0.08313627679348201, -51.517851309371, 69.05064333837032, -30.985519097638132, -5.755864636492731, 91.92047886412143, 44.39197252552509, -31.86495353419781, -75.63764454935193, -74.07567732174397, -40.223392353844645, -11.347131298375132, 40.52262867942005, 74.7844261960268, 52.87520716946125, -58.53114317868352, -92.36157080669403, -26.028465182971956, 1.420728771495817, 17.54329952459335, 4.220957605648039, -2.991040141773226, -0.8856326653480551, -1.2506221844673178, -0.7575193955421469, -6.46809259195328], "diffY": [0.3384724259376526, -7.507227391004562, -11.82378077507019, 17.92191743850708, 26.107859909534454, -13.869981586933136, -53.24844288825989, -64.80201506614685, -56.39519798755646, -26.83815860748291, 9.713287234306335, 56.74359941482544, 48.41245973110199, -23.328998565673828, -104.13227891921997, -68.0539778470993, 11.825052976608276, 1.8551989793777466, 0.3680449426174164, 5.178089052438736, 4.140414297580719, 4.2388691902160645, -2.705607086420059, -1.5276303887367249, 1.161841094493866, 0.6640843451023102], "diffZ": [-0.07678334350585914, -21.354537963867188, 26.97731764678955, -16.976707458496094, -22.979722186279297, 1.9319408691406252, 21.447689846801758, 35.97302897338867, 0.6317098892211916, -37.96692657470703, -24.051979064941406, -2.8156280517578125, 10.50876410369873, 26.50830252532959, -16.30078887939453, -31.88990020751953, -0.10945510864257812, 0.0, -2.288818359375e-05, -7.62939453125e-06, 3.284085110473633, 13.43405707244873, 30.227309063720703, 47.059395626831055, 41.374833897399895, 21.053144291687005], "timestamp": [1589129991.5187993, 1589129993.2714324, 1589129994.7536058, 1589129996.1999693, 1589129997.6373978, 1589129998.9206223, 1589130000.3948536, 1589130001.7565758, 1589130003.0169973, 1589130004.4091792, 1589130005.6429005, 1589130007.1034193, 1589130008.5038881, 1589130009.9369497, 1589130011.1805274, 1589130012.6224828, 1589130014.0955467, 1589130015.4978642, 1589130018.8515048, 1589130020.2458358, 1589130021.6699533, 1589130023.1140344, 1589130024.4840317, 1589130025.893045, 1589130027.1169157, 1589130028.5584874]}