{"oculusX": [259.18578234176636, 250.75342383842468, 265.7312664077759, 286.97159018974304, 304.7152372882843, 286.83065500717163, 262.0767864273071, 309.7912582443237, 346.64409485321045, 443.9185174987793, 311.52563419799804, 255.45086589317322, 244.40493312339783, 245.17383304100036, 263.09158530693054, 263.64689197998047, 269.3012270019531, 260.9326752708435, 263.14123597602844, 262.2458848045349, 221.95189323883056, 220.52662697296142], "oculusY": [0.27995556592941284, -4.157558083534241, 30.27696069329977, 42.039090069010854, -33.30392763018608, -83.44365283846855, -18.559899181127548, 44.23141723964363, -72.63803854584694, -99.87513348460197, -34.839216619729996, -26.989292353391647, -11.492766439914703, 109.65130850672722, 6.1103589832782745, 36.105199716985226, 16.27938821911812, 44.13883341476321, 44.0020541427657, 49.60892302915454, 50.93798087909818, 45.732257538475096], "oculusZ": [-8.656795664978027, -10.11448685760498, 16.767565563964844, 54.71438582305908, 72.61819060211181, 11.15483458404541, -26.512082263183594, -20.581300898742676, -19.452269717407226, 48.83295710449219, 161.18890459899902, -136.20966260070801, -176.44440714950562, -124.73529164428712, -112.25956265563966, -115.03827159042359, -82.70376507873536, -95.7789975845337, -100.0717837059021, -100.24952475662232, -70.72048966522217, 171.49287875061034], "dobotX": [259.11981201171875, 259.185791015625, 259.11981201171875, 259.1387939453125, 259.13116455078125, 259.1035461425781, 259.13690185546875, 259.0587463378906, 259.1257019042969, 259.0384521484375, 259.0911560058594, 259.0361633300781, 259.0455017089844, 259.04046630859375, 259.00048828125, 259.0337829589844, 258.97430419921875, 259.01275634765625, 258.9557800292969, 258.9746398925781, 258.95953369140625, 258.9302978515625], "dobotY": [0.0, 0.27995553612709045, 0.0, 0.08069229871034622, 0.048243992030620575, -0.0688338577747345, 0.0725906565785408, -0.25908973813056946, 0.02504212036728859, -0.34536194801330566, -0.12170694023370743, -0.35512611269950867, -0.31549516320228577, -0.33713632822036743, -0.5067744255065918, -0.3655568063259125, -0.6180883049964905, -0.4551445543766022, -0.6967613697052002, -0.6170375943183899, -0.6812236309051514, -0.8055776953697205], "dobotZ": [-8.568687438964844, -8.65679931640625, -8.568679809570312, -8.594070434570312, -8.583877563476562, -8.547012329101562, -8.591499328613281, -8.48712158203125, -8.5765380859375, -8.459945678710938, -8.530326843261719, -8.456832885742188, -8.469337463378906, -8.462486267089844, -8.409095764160156, -8.453529357910156, -8.374053955078125, -8.425331115722656, -8.349227905273438, -8.374366760253906, -8.3541259765625, -8.314994812011719], "diffX": [0.06597033004760533, -8.43236717720032, 6.611454396057127, 27.83279624443054, 45.58407273750305, 27.727108864593504, 2.939884571838377, 50.7325119064331, 87.51839294891357, 184.8800653503418, 52.43447819213867, -3.5852974369049093, -14.64056858558655, -13.866633267593386, 4.09109702568054, 4.613109020996092, 10.326922802734373, 1.9199189231872538, 4.185455946731565, 3.271244911956785, -37.007640452575686, -38.403670878601076], "diffY": [0.27995556592941284, -4.437513619661331, 30.27696069329977, 41.95839777030051, -33.3521716222167, -83.37481898069382, -18.63248983770609, 44.4905069777742, -72.66308066621423, -99.52977153658867, -34.71750967949629, -26.63416624069214, -11.177271276712418, 109.98844483494759, 6.617133408784866, 36.47075652331114, 16.89747652411461, 44.593977969139814, 44.6988155124709, 50.22596062347293, 51.61920451000333, 46.53783523384482], "diffZ": [-0.08810822601318336, -1.4576875411987302, 25.336245373535156, 63.308456257629395, 81.20206816558837, 19.701846913146973, -17.920582934570312, -12.094179316711426, -10.875731631469726, 57.292902783203125, 169.71923144226074, -127.75282971496583, -167.97506968612672, -116.27280537719727, -103.8504668914795, -106.58474223251343, -74.32971112365723, -87.35366646881104, -91.72255580062867, -91.87515799636842, -62.366363688659675, 179.80787356262206], "predictionX": [259.18578234176636, 259.1198016517342, 259.1388312577037, 259.1311760817189, 259.1035311144078, 259.13690135470824, 259.0586783029139, 259.1256763152742, 259.0384244583547, 259.09112752834335, 259.0361721999943, 259.0455143325962, 259.04042769549415, 259.000456798356, 259.03377873124555, 258.97429988579825, 259.0127147245221, 258.9558167923242, 258.97465230873786, 258.95949251716956, 258.93025892041624, 258.9504420317244], "predictionY": [0.27995556592941284, 0.0, 0.08069230010733008, 0.048243993893265724, -0.06883385125547647, 0.07259065215475857, -0.259089682251215, 0.025042117980774492, -0.34536186419427395, -0.12170692253857851, -0.35512612387537956, -0.3154951874166727, -0.33713625743985176, -0.5067743603140116, -0.3655567714013159, -0.6180883292108774, -0.45514451805502176, -0.6967614572495222, -0.6170375933870673, -0.6812235657125711, -0.8055776245892048, -0.7199637237936258], "predictionZ": [-8.656795664978027, -8.568698272729762, -8.594082112424076, -8.583876102464274, -8.547029447276145, -8.591530986188445, -8.487133740913123, -8.576540253390704, -8.459947880357504, -8.530333125498146, -8.456863287836313, -8.46932730032131, -8.462475887965411, -8.409100177697837, -8.453530230559409, -8.374046300537884, -8.425322517752647, -8.349259031936526, -8.374368768185377, -8.354121287353337, -8.314985554199666, -8.341914641205221], "timestamp": [1589134988.898542, 1589134990.7384825, 1589134992.2140617, 1589134993.8149633, 1589134995.348804, 1589134996.891189, 1589134998.3864574, 1589134999.9307203, 1589135001.4961905, 1589135003.0589619, 1589135004.6110995, 1589135006.1259732, 1589135007.6228678, 1589135009.1220624, 1589135010.6159453, 1589135012.0729494, 1589135013.5235858, 1589135015.05221, 1589135016.5735712, 1589135018.10186, 1589135019.606194, 1589135021.1207666]}