{"oculusX": [259.09667339782715, 259.1228994415283, 259.27250709991455, 259.3135448978424, 259.2033955142975, 258.96414247016907, 258.7756129787445, 258.6848053024292, 258.80723324279785, 258.8436218784332, 258.73749580841064, 258.6896630809784, 258.81834950904846, 259.0081306980133, 258.925548462677, 258.8908883617401, 258.85223474960327, 258.77206650238037, 258.6842986629486, 258.4536882923126, 258.2926663444519, 258.17777839164734, 258.15375771980285, 257.9805168197632, 257.9909178302765, 257.894715933609, 257.7847751663208, 257.8439327762604, 257.9351278827667, 257.98716273765564, 257.9901727722168, 257.9487773464203, 257.93381658058166, 257.86244001846313, 257.7047857330322, 257.7205511615753, 257.69429531555176, 257.6803776309967, 257.6205643699646, 257.73476686935425, 257.74108496170044, 257.74755206565857, 257.84280028800964, 257.8494462059021, 257.87620869140625, 257.8753146217346, 258.01690545539856, 258.07460275154114, 256.80448737602234, 256.9211038635254, 256.35539617996216, 255.97085681419372, 256.35199871520996, 256.9477769420624, 257.109484343338, 257.04591598968506, 256.6875728652954, 256.6994043872833, 256.3315245197296], "oculusY": [0.23603439331054688, 0.6982088088989258, 1.1165440082550049, 1.4128237962722778, 1.6021579504013062, 1.4287382364273071, 1.3859570026397705, 1.0733157396316528, 0.9877383708953857, 1.0807514190673828, 1.049339771270752, 0.6612539291381836, 0.46028196811676025, 0.19077956676483154, 0.39736926555633545, 0.3650784492492676, 0.0696033239364624, 0.0010132789611816406, 0.13239681720733643, 0.14434754848480225, 0.3515183925628662, 0.5780458450317383, 0.8269399404525757, 1.0045021772384644, 1.2652277946472168, 1.3526976108551025, 1.2179911136627197, 1.206621527671814, 1.2910962104797363, 1.6196668148040771, 1.7675608396530151, 1.7619729042053223, 1.7627328634262085, 1.84650719165802, 1.9065439701080322, 1.943334937095642, 1.8580108880996704, 1.6917139291763306, 1.5915483236312866, 1.5105009078979492, 1.7417222261428833, 1.90754234790802, 1.9764751195907593, 1.9596070051193237, 2.0760148763656616, 2.345845103263855, 2.4744272232055664, 0.9945929050445557, 3.2879263162612915, 8.872807025909424, 16.253933310508728, 20.448580384254456, 21.59440517425537, 21.653875708580017, 19.433364272117615, 17.75476336479187, 16.281619668006897, 17.053768038749695, 21.172627806663513], "oculusZ": [-8.716042681884765, -8.820052787017822, -9.173389121246338, -9.29116789932251, -9.278591319274902, -9.012456580352783, -8.778329535675049, -8.782799884033203, -9.065027877044677, -9.16522328491211, -9.105141802978515, -9.10353247756958, -9.285922690582275, -9.470875903320312, -9.359474822235107, -9.090657874298095, -9.003873511505127, -8.96620337600708, -8.910055800628662, -8.660967990112304, -8.499618216705322, -8.519526168060302, -8.469815894317627, -8.468683406066894, -8.45878903503418, -8.351679488372802, -8.18812434310913, -8.13912932510376, -8.143182440948486, -8.157249137115478, -7.96752755279541, -7.8467685424804685, -7.763262435150146, -7.571097060394287, -7.393236800384521, -7.390494986724853, -7.3535997116088865, -7.280703231048584, -7.174428149414062, -7.325764342498779, -7.276769324493408, -7.314618273925781, -7.347520037841797, -7.392938777160644, -7.528956576538086, -7.577951594543457, -7.768209620666504, -7.145758315277099, -3.636475249481201, -0.1182514869689939, 5.093519047546387, 9.244088486480713, 10.012571171569824, 9.465281323242188, 7.886235073852539, 6.815318421173096, 5.215052918243408, 3.5111349380493166, 2.6564639366149905], "dobotX": [273.1451110839844, 265.7971496582031, 259.3305358886719, 258.1558532714844, 257.76031494140625], "dobotY": [52.697906494140625, 25.089092254638672, 0.791725218296051, 0.8277249932289124, 1.7730393409729004], "dobotZ": [4.010139465332031, -2.5799942016601562, -8.379714965820312, -8.472038269042969, -7.5263824462890625], "diffX": [-14.407615275573733, -7.643391938400271, -1.6257501556396505, -0.13894781608581752, -1.4287904216766378], "diffY": [-51.64856672286987, -24.262152314186096, 1.1148187518119812, 1.646702229976654, 19.399588465690613], "diffZ": [-13.115281268310547, -5.8898216926574705, 0.9864781654357913, 0.7038286483764651, 10.182846382904053], "predictionX": [244.76476636390686, 258.73749580841064, 258.15375771980285, 257.7047857330322, 258.01690545539856], "predictionY": [-27.86073088645935, 1.049339771270752, 0.8269399404525757, 1.9065439701080322, 2.4744272232055664], "predictionZ": [-9.857888861846924, -9.105141802978515, -8.469815894317627, -7.393236800384521, -7.768209620666504], "oculusXSynchronized": [258.73749580841064, 258.15375771980285, 257.7047857330322, 258.01690545539856, 256.3315245197296], "oculusYSynchronized": [1.049339771270752, 0.8269399404525757, 1.9065439701080322, 2.4744272232055664, 21.172627806663513], "oculusZSynchronized": [-9.105141802978515, -8.469815894317627, -7.393236800384521, -7.768209620666504, 2.6564639366149905], "timestamp": [1589831848.2372646, 1589831848.8391018, 1589831849.4423242, 1589831850.0456426, 1589831850.6482096], "oculusTimeStamp": [1589831848.1812105, 1589831848.2323935, 1589831848.283502, 1589831848.3344936, 1589831848.3852916, 1589831848.4364595, 1589831848.4873052, 1589831848.5381188, 1589831848.5892894, 1589831848.6416402, 1589831848.692364, 1589831848.7435303, 1589831848.794608, 1589831848.8456252, 1589831848.896274, 1589831848.9466405, 1589831848.9971, 1589831849.047835, 1589831849.0982685, 1589831849.1492944, 1589831849.199926, 1589831849.2503932, 1589831849.3013673, 1589831849.3522367, 1589831849.4030473, 1589831849.4543378, 1589831849.5054426, 1589831849.556493, 1589831849.6075256, 1589831849.6582625, 1589831849.7093253, 1589831849.760326, 1589831849.8109243, 1589831849.8614068, 1589831849.9122903, 1589831849.9635756, 1589831850.0145774, 1589831850.065844, 1589831850.1166031, 1589831850.1672404, 1589831850.2180128, 1589831850.2683322, 1589831850.3192565, 1589831850.3702018, 1589831850.4208288, 1589831850.4714904, 1589831850.5224364, 1589831850.5731864, 1589831850.6242867, 1589831850.6753955, 1589831850.7261715, 1589831850.7773097, 1589831850.8285596, 1589831850.8798063, 1589831850.930175, 1589831850.9814005, 1589831851.032214, 1589831851.0834606, 1589831851.134876]}