{"oculusX": [255.63978281478882, 251.01648893814087, 247.01579537849426, 244.40122273426056, 241.1296578929901, 239.11061015586853, 236.89288523654938, 234.98151329021454, 233.81397750835418, 232.28453722457886, 230.85985210399627, 229.88600161533356, 228.80538430671692, 227.70925488929748, 227.04059508304596, 226.2884738729477, 225.71987536411285, 225.2547356174469, 224.6526392982483, 224.31491938095093, 224.3401768491745, 224.30234280090332, 224.23227754096985, 224.30736449222564, 224.35209777812958, 224.47068121891022, 224.62799277763366, 224.89910450439453, 225.24694231014251, 225.77493515472412, 226.63735475997925, 227.22681489448547, 227.93898609142303, 228.5060348794937, 228.83706417541504, 229.23203435401916, 229.33228936653137, 229.28533580760956, 229.22665503482818, 229.12692156295776, 229.0592851922989, 228.8797709033966, 228.6106708333969, 228.4185948656082, 228.17189124088287, 228.05551317195892, 228.05713739852905, 227.84644988040924, 227.83297923069, 228.00747182826996, 228.14578440647125, 228.15672185878753, 228.2055082605362, 228.25311747055054, 228.26091077785492, 228.4154507205963, 228.59700646858215, 228.66632667045593, 228.8359465883255, 229.06448569755554, 229.3581130788803, 230.37428286533356, 230.0678106830597, 230.23856308918, 230.15276220302582, 230.1200839565277, 230.08238401870727, 229.9457403705597, 229.80365779857635, 229.77187362174988, 229.70940795402527, 229.77476444702148], "oculusY": [-6.932079792022705, -15.564531087875366, -23.838937282562256, -29.013872146606445, -35.02613306045532, -39.26724195480347, -44.27057504653931, -48.13927412033081, -50.96423625946045, -54.587483406066895, -57.43110179901123, -58.71656537055969, -60.26098132133484, -61.9562566280365, -62.93967366218567, -64.1392171382904, -64.62937593460083, -65.10168313980103, -65.75259566307068, -66.23885035514832, -66.07800722122192, -65.65454602241516, -65.41377305984497, -64.99841809272766, -64.45589661598206, -64.043790102005, -63.139498233795166, -62.406986951828, -61.95485591888428, -61.12837791442871, -60.19824743270874, -59.88726019859314, -59.30948257446289, -58.55822563171387, -58.22905898094177, -58.288127183914185, -58.464109897613525, -58.50857496261597, -58.41776728630066, -58.493971824645996, -58.59389901161194, -58.699607849121094, -59.233903884887695, -59.49294567108154, -59.624671936035156, -59.72406268119812, -59.69938635826111, -59.86437201499939, -59.933751821517944, -59.83129143714905, -59.59218740463257, -59.54456329345703, -59.55076217651367, -59.64404344558716, -59.579432010650635, -59.56074595451355, -59.31481719017029, -59.32050943374634, -59.41978096961975, -59.31049585342407, -59.2210590839386, -58.540791273117065, -58.24318528175354, -58.72693657875061, -59.15096402168274, -59.218913316726685, -58.89448523521423, -58.46846103668213, -58.423399925231934, -58.260172605514526, -58.269619941711426, -58.28577280044556], "oculusZ": [-7.26264302368164, -5.477007075500488, -4.447158023071289, -4.0320712768554685, -3.7485915863037107, -4.131014987182617, -5.125697299194336, -6.362732096862793, -7.368381663513183, -8.131917163085937, -8.136327906799316, -7.7159959518432615, -7.058675929260254, -6.045516177368164, -5.459602519226074, -4.803236170959472, -4.27335087890625, -3.842170878601074, -3.1498033248901365, -2.658541842651367, -2.503688975524902, -2.230103656005859, -1.8638927185058591, -1.6686279022216794, -1.553352519226074, -1.680310412597656, -1.8560249053955076, -2.1633464538574216, -2.7722675048828123, -3.7884074890136716, -4.9819308959960935, -5.647595568847656, -6.144936724853515, -6.245906993103027, -6.176407977294922, -6.143983050537109, -6.084974452209472, -5.983765765380859, -6.034668132019043, -6.02656190032959, -6.026442691040039, -5.953725024414062, -5.865271731567383, -5.790885134887695, -5.612786456298828, -5.648310824584961, -5.5443603240966794, -5.386050387573242, -5.286868258666992, -5.411799594116211, -5.318339511108398, -5.173500224304199, -5.003507777404785, -5.087311907958984, -5.061801119995117, -5.244548960876465, -5.303676768493652, -5.33240620727539, -5.4108459197998044, -5.512889071655273, -5.70767705078125, -6.696041270446777, -6.875928088378906, -6.387766047668457, -6.023939295959472, -5.679186030578613, -5.263264819335937, -4.646356745910644, -4.284556552124023, -3.957088633728027, -3.932531520080566, -3.9154845916748044], "dobotX": [258.7010498046875, 257.9978942871094, 239.6835479736328, 222.41224670410156, 222.2784881591797, 224.22218322753906], "dobotY": [0.9395235776901245, -1.1527501344680786, -19.970548629760742, -37.71669006347656, -45.219303131103516, -64.16790771484375], "dobotZ": [-8.264755249023438, -7.760917663574219, 5.425270080566406, 17.86054229736328, 13.379608154296875, -1.036773681640625], "diffX": [-28.815048189353945, -33.69052979488373, -10.45151361961365, 5.434203176307676, 6.785997538375852, 5.55258121948242], "diffY": [-59.65608894824982, -63.84566795825958, -38.31757855415344, -22.147681951522827, -14.091192722320557, 5.882134914398193], "diffZ": [0.548759297180176, 6.092289761352539, -11.569253131103515, -23.246592684936523, -18.892497225952148, -2.8787109100341794], "predictionX": [221.5950402305603, 229.88600161533356, 224.30736449222564, 229.23203435401916, 227.84644988040924, 229.06448569755554], "predictionY": [-38.55632245540619, -58.71656537055969, -64.99841809272766, -58.288127183914185, -59.86437201499939, -59.31049585342407], "predictionZ": [18.448893383789063, -7.7159959518432615, -1.6686279022216794, -6.143983050537109, -5.386050387573242, -5.512889071655273], "oculusXSynchronized": [229.88600161533356, 224.30736449222564, 229.23203435401916, 227.84644988040924, 229.06448569755554, 229.77476444702148], "oculusYSynchronized": [-58.71656537055969, -64.99841809272766, -58.288127183914185, -59.86437201499939, -59.31049585342407, -58.28577280044556], "oculusZSynchronized": [-7.7159959518432615, -1.6686279022216794, -6.143983050537109, -5.386050387573242, -5.512889071655273, -3.9154845916748044], "timestamp": [1589831852.1087599, 1589831852.7113433, 1589831853.3148303, 1589831853.9175382, 1589831854.520608, 1589831855.1229103], "oculusTimeStamp": [1589831852.00923, 1589831852.0599656, 1589831852.1103895, 1589831852.1612072, 1589831852.2116144, 1589831852.2622206, 1589831852.3133879, 1589831852.3641326, 1589831852.4148126, 1589831852.4652383, 1589831852.515777, 1589831852.5663497, 1589831852.6175478, 1589831852.6679442, 1589831852.71863, 1589831852.7693665, 1589831852.8210444, 1589831852.8722978, 1589831852.923579, 1589831852.9741864, 1589831853.0251958, 1589831853.076285, 1589831853.12698, 1589831853.1777608, 1589831853.2282948, 1589831853.2789998, 1589831853.329351, 1589831853.3801115, 1589831853.4309375, 1589831853.4816968, 1589831853.532483, 1589831853.5833151, 1589831853.6341205, 1589831853.685483, 1589831853.7362916, 1589831853.7871523, 1589831853.8378477, 1589831853.888509, 1589831853.9398441, 1589831853.9910061, 1589831854.0415907, 1589831854.0919976, 1589831854.1425319, 1589831854.1934855, 1589831854.2443233, 1589831854.2953632, 1589831854.3462534, 1589831854.396774, 1589831854.4475234, 1589831854.4982686, 1589831854.5486665, 1589831854.5990138, 1589831854.6494362, 1589831854.6997445, 1589831854.7500257, 1589831854.8012788, 1589831854.8522644, 1589831854.903312, 1589831854.9543316, 1589831855.0048356, 1589831855.0560238, 1589831855.1069033, 1589831855.1574702, 1589831855.2083533, 1589831855.2589042, 1589831855.3093336, 1589831855.3604667, 1589831855.4112916, 1589831855.461629, 1589831855.5127134, 1589831855.5633864, 1589831855.6140308]}