{"oculusX": [260.6575998352051, 263.16539075832367, 265.134609012413, 266.07499149303436, 266.3100126073837, 266.641116409111, 268.2513060853958, 271.89684536914825, 275.30560520153045, 277.8384449766159, 279.31556728343963, 278.7411573217392, 273.6755373762131, 262.580818204689, 250.20057585697174, 233.48315682868957, 222.92841103534698, 216.6196915195465, 215.58727946739197, 220.2002170370102, 226.17586579780578, 240.06409075717926, 253.1523766801834, 262.91767385463714, 276.95531275730133, 286.9719031141281, 296.88737419109344, 301.4438214586258, 301.98360112171173, 298.7473371313095, 292.180484800148, 285.7163014696121, 272.1425953195572, 262.6053455160141, 251.29646685581207, 243.353358177948, 238.55491605262756, 234.62178435783386, 232.73794975738525, 233.52516320209503, 237.0044949338913, 242.41910007457733, 254.31310263137817, 271.0926595018387, 285.27972724895477, 307.33842280368805, 324.76080086688995, 328, 328, 327.3065152452469, 317.2574105546951, 305.3897085474014, 298.0866494462967, 292.14385774593353, 289.32044532756805, 290.8675136850357, 297.2757282541275, 301.57200124721527, 305.33615377407074, 316.97205331783294, 318.5132506177902, 318.6116578863144, 315.8873083875656, 311.2888100431442], "oculusY": [3.944952040910721, 7.050944492220879, 8.009722456336021, 5.6779030710458755, 0.9415373206138611, -4.281988367438316, -7.410451769828796, -7.492415606975555, -2.0021460950374603, 6.1967018991708755, 23.671122267842293, 46.5890821069479, 65.06017409265041, 89.38221447169781, 102.6689987629652, 107.09492675960064, 102.55834273993969, 95.10010294616222, 82.16716907918453, 66.3809310644865, 53.97491715848446, 37.78228722512722, 22.533820942044258, 8.87962244451046, -3.8792267441749573, -14.933306723833084, -35.09384859353304, -60.23860536515713, -80.65013773739338, -110.67917384207249, -134.34247113764286, -145.1419983059168, -154.02752347290516, -152.1905828267336, -140.3947789222002, -119.69762481749058, -95.33408470451832, -59.86415408551693, -27.66314649488777, -5.611913278698921, 17.85382442176342, 28.604047372937202, 36.131711676716805, 37.490351125597954, 34.3098770827055, 28.767863288521767, 17.536522820591927, -0.8849482983350754, -35.56552994996309, -69.74001415073872, -91.55078418552876, -112.33800835907459, -117.95072443783283, -113.19340951740742, -97.62977994978428, -80.78162185847759, -56.05238862335682, -35.81568785011768, -21.926602348685265, 3.5844147205352783, 19.249828532338142, 29.06188555061817, 40.49315117299557, 44.289907440543175], "oculusZ": [-7.76606385345459, -7.522876902770996, -7.848199053955078, -9.060438319396972, -10.130699320983886, -11.935527964782715, -13.587053462219238, -14.481719180297851, -13.238485499572754, -11.302765055847168, -6.124790354919433, -0.48023049468994117, 4.6387356079101565, 10.733906582641602, 14.750186756896973, 18.92143900756836, 18.07326491241455, 19.547645405578614, 17.640892819213867, 14.380876377868653, 11.407439068603516, 4.28218062286377, -2.2800523483276365, -8.765752955627441, -16.73501317138672, -23.992951556396484, -37.08165471191406, -50.96846406097412, -63.16452805633545, -81.43764321441651, -94.91365735168458, -101.27013508911133, -102.61195485229493, -98.18857495422364, -84.36697308654786, -67.1225148880005, -50.09382550354004, -30.499036952209472, -16.290720149230957, -8.455570384216308, -2.43776623840332, -1.105364009094238, -3.2418328964233396, -9.226020022583008, -15.029843493652344, -25.457437678527832, -36.187823458862304, -46.79375474090576, -60.59091870422363, -74.2110568725586, -81.37315098876954, -89.30748288269044, -89.57546536560059, -82.11808983917237, -70.94710652465821, -62.30145279998779, -55.89204613800049, -54.866011782836914, -51.08087842102051, -53.038294955444336, -47.55371396179199, -44.27545849914551, -38.9494258605957, -34.96437852020264], "dobotX": [259.11981201171875, 257.3213806152344, 226.3484649658203, 168.19931030273438, 110.21003723144531], "dobotY": [0.0, 0.013946517370641232, 0.2541365325450897, 0.705073893070221, 1.1544151306152344], "dobotZ": [-8.568687438964844, -8.4947509765625, -7.2216033935546875, -4.8313446044921875, -2.448028564453125], "diffX": [3.461006192970274, 29.650522498893736, 6.389484791564939, 149.05810025196075, 205.6772711561203], "diffY": [89.38221447169781, -14.947253241203725, -27.91728302743286, -92.25585807859898, 39.33873604238033], "diffZ": [19.302594021606446, -15.498200579833984, -9.06911675567627, -76.54180638427735, -36.50139729614258], "diffXYZ": [91.50819069184638, 36.643800091241154, 30.040790373482494, 191.2801838275737, 212.56299778703524], "predictionX": [1.991990277543664, 0.8973310012370348, 1.035093848593533, 1.0276631464948878, 1.0915507841855288], "predictionY": [1.993985190987587, 1.0089192241430283, 0.9622324258089066, 1.0263818502426147, 0.9418623894453049], "predictionZ": [2.000720500946045, 1.023318886756897, 0.9714870452880859, 0.992277979850769, 0.9271955490112305], "oculusXSynchronized": [262.580818204689, 286.9719031141281, 232.73794975738525, 317.2574105546951, 315.8873083875656], "oculusYSynchronized": [89.38221447169781, -14.933306723833084, -27.66314649488777, -91.55078418552876, 40.49315117299557], "oculusZSynchronized": [10.733906582641602, -23.992951556396484, -16.290720149230957, -81.37315098876954, -38.9494258605957], "timestamp": [1590245602.9690666, 1590245603.5739307, 1590245604.186793, 1590245604.7987714, 1590245605.413733], "oculusTimeStamp": [1590245602.7646375, 1590245602.8149352, 1590245602.8657916, 1590245602.9161987, 1590245602.966676, 1590245603.0172248, 1590245603.0677621, 1590245603.1181645, 1590245603.1684697, 1590245603.219151, 1590245603.2699637, 1590245603.3206685, 1590245603.3713892, 1590245603.4221265, 1590245603.4727886, 1590245603.5232947, 1590245603.5738413, 1590245603.6244268, 1590245603.675068, 1590245603.7255206, 1590245603.775881, 1590245603.826638, 1590245603.8773506, 1590245603.9281447, 1590245603.9786355, 1590245604.0290215, 1590245604.0797734, 1590245604.1305969, 1590245604.181269, 1590245604.2319205, 1590245604.282506, 1590245604.3330848, 1590245604.3836467, 1590245604.4342325, 1590245604.4850295, 1590245604.535525, 1590245604.5859616, 1590245604.636394, 1590245604.6866941, 1590245604.7372422, 1590245604.787803, 1590245604.8382661, 1590245604.8887346, 1590245604.939435, 1590245604.9897923, 1590245605.0403497, 1590245605.091733, 1590245605.142197, 1590245605.1926076, 1590245605.2431586, 1590245605.2936006, 1590245605.344353, 1590245605.3948035, 1590245605.4451551, 1590245605.495915, 1590245605.5466807, 1590245605.5973384, 1590245605.6476638, 1590245605.6981177, 1590245605.7485337, 1590245605.799056, 1590245605.8500147, 1590245605.900443, 1590245605.9508677]}