{"oculusX": [258.9083823249817, 258.88960686187744, 258.81739583473205, 258.8588806674957, 258.86102643470764, 258.81012406806946, 258.6731227920532, 258.6334260986328, 258.55990376930237, 258.84913530807495, 258.89228907089233, 258.96002974967956, 258.8729473636627, 259.10418358306885, 259.5720502422333, 260.0752922580719, 260.2394434497833, 260.26987162094116, 260.34595694999695, 260.6013926551819, 260.8497950122833, 260.93863573532104, 261.01326075057983, 260.8782264278412, 260.63080754737854, 260.57293143730163, 260.6834384487152, 260.79379644851684, 260.74223843078613, 260.53535070877075, 260.4555996940613, 260.5664047286987, 260.7524308250427, 260.99698868255615, 261.1962172077179, 261.47996511917114, 261.6372915790558, 261.7748590991974, 262.0211752937317, 262.38145556907654, 262.7016815231323, 263.27638950805664, 263.7160333679199, 264.06060781936645, 264.19632759552, 264.1845258758545, 263.8429316566467, 263.5181459472656, 263.2801446006775, 263.01207271080017, 263.27320065956116, 263.82832851867676, 264.6528991744995, 264.81484499435425, 264.7757443473816, 264.98391356925964, 265.2722510383606, 265.4355081604004, 265.42930927734375, 265.5725690410614, 265.8658238933563, 265.99799719314575, 265.9874471710205, 265.9659000919342, 265.9157427833557, 265.9951659725189, 266.2497374103546, 266.5896030948639, 267.0197400138855, 267.33734336357116, 267.355165152359, 267.0461150691986, 267.09230866889953, 266.9337901161194, 266.5076765106201, 266.0117062614441, 265.51701751213074, 264.16983333091736, 263.3786710784912, 262.2979494617462, 260.22904243927, 259.1612550304413, 258.12788930397033, 257.85999622802734, 258.11570015411377, 258.2864376590729, 258.09975591163635, 257.84423079948425, 257.1041497276306, 256.66277733306885, 255.93789544563293, 255.54206099967956], "oculusY": [0.19134581089019775, 0.11119246482849121, 0.07078051567077637, -0.0743865966796875, -0.5173236131668091, -0.7021576166152954, -0.6840825080871582, -0.7068365812301636, -0.7746666669845581, -0.7455050945281982, -0.8878260850906372, -1.3126283884048462, -1.3410300016403198, -1.0018348693847656, -0.5006939172744751, 0.13603270053863525, 0.735163688659668, 0.8999258279800415, 0.8974075317382812, 0.39255619049072266, -0.2002120018005371, -0.684008002281189, -1.2630969285964966, -1.8569380044937134, -2.414718270301819, -3.0218660831451416, -3.1636059284210205, -3.737151622772217, -4.375845193862915, -4.910305142402649, -5.871802568435669, -6.354808807373047, -6.630346179008484, -6.55713677406311, -6.614133715629578, -6.531134247779846, -6.55791163444519, -6.64287805557251, -7.110655307769775, -7.65565037727356, -8.143261075019836, -9.038254618644714, -10.260090231895447, -11.80998980998993, -12.786313891410828, -12.80173659324646, -12.12833821773529, -11.388421058654785, -11.009171605110168, -9.907618165016174, -8.751019835472107, -6.4858198165893555, -3.547683358192444, -1.7878711223602295, -1.1398792266845703, -0.8655190467834473, -0.2151280641555786, 0.7097870111465454, 1.4101266860961914, 2.1604448556900024, 2.5931596755981445, 2.5804340839385986, 2.779722213745117, 3.4219175577163696, 4.149213433265686, 5.225151777267456, 6.054401397705078, 7.183000445365906, 8.00466537475586, 8.346408605575562, 8.660107851028442, 8.782774209976196, 8.416086435317993, 7.761538028717041, 6.898164749145508, 5.415633320808411, 4.4846683740615845, 2.9456019401550293, 2.0869672298431396, 2.2127479314804077, 2.3186057806015015, 2.3651719093322754, 2.414792776107788, 2.875998616218567, 3.290414810180664, 4.072338342666626, 4.371717572212219, 4.4293999671936035, 4.463881254196167, 4.586696624755859, 4.273071885108948, 4.1347891092300415], "oculusZ": [-8.672292872619629, -8.749898120117187, -8.670623942565918, -8.596594973754883, -8.429463549804687, -8.427675410461426, -8.439596339416504, -8.414204760742187, -8.432682200622558, -8.597429438781738, -8.401330157470703, -8.353408023071289, -8.438523455810547, -8.694346591186523, -9.107168360900879, -9.62012593383789, -9.835537120056152, -9.934719248962402, -9.922559901428222, -9.981330081176758, -9.895260974121094, -9.789999171447754, -9.782131358337402, -9.406622096252441, -9.013708277893066, -8.762176676940918, -8.763845606994629, -8.71365849609375, -8.617814227294922, -8.443887873840332, -8.35960690612793, -8.451755686950683, -8.627350970458984, -8.776958628845215, -8.903439685058594, -9.133036776733398, -9.122903987121582, -9.091075106811523, -9.177978678894043, -9.227212115478515, -9.247120066833496, -9.28288285369873, -9.290154620361328, -9.240444346618652, -9.204562350463867, -9.16689221496582, -9.023960276794433, -9.080584689331054, -9.037430926513672, -9.00965516204834, -9.228761836242676, -9.758051081848144, -10.634358569335937, -11.004622622680664, -11.245902224731445, -11.581118746948242, -11.868413134765625, -12.17883412475586, -12.253578349304199, -12.43370358581543, -12.691434069824219, -12.705023928833008, -12.866433306884765, -12.995894595336914, -13.220127268981933, -13.703997775268554, -14.088805361938476, -14.558728381347656, -15.06739441986084, -15.703495188903808, -15.944655581665039, -15.60455147857666, -15.221293612670898, -14.781768962097168, -14.206226512145996, -13.61637894744873, -13.146098300170898, -11.84635941619873, -11.263783618164062, -10.498340769958496, -8.962209864807129, -8.253033801269531, -7.53265206451416, -7.507975741577148, -7.703717395019531, -8.053715869140625, -7.9737264358520505, -7.909115000915527, -7.6380330764770505, -7.356222315979004, -6.7977267944335935, -6.712015315246582], "dobotX": [259.11981201171875, 258.95343017578125, 260.45556640625, 264.9839172363281], "dobotY": [0.0, 0.0778883770108223, -5.871801853179932, -0.8655189871788025], "dobotZ": [-8.568687438964844, -8.6845703125, -8.359596252441406, -11.581130981445312], "diffX": [-0.15978226203918666, 4.76260319213867, 6.1340366886138895, -9.441856236648562], "diffY": [-1.3126283884048462, -10.337978608906269, 13.054802298545837, 5.000308096408844], "diffZ": [0.21527941589355493, -0.6055843078613279, -6.19913212890625, 4.869115666198731], "diffXYZ": [1.3397271678278877, 11.398373710222916, 15.69979325669662, 11.741380567180892], "predictionX": [258.9534434364319, 260.4555996940613, 264.98391356925964, 262.2979494617462], "predictionY": [0.0778883695602417, -5.871802568435669, -0.8655190467834473, 2.2127479314804077], "predictionZ": [-8.68457142944336, -8.35960690612793, -11.581118746948242, -10.498340769958496], "oculusXSynchronized": [258.96002974967956, 263.7160333679199, 266.5896030948639, 255.54206099967956], "oculusYSynchronized": [-1.3126283884048462, -10.260090231895447, 7.183000445365906, 4.1347891092300415], "oculusZSynchronized": [-8.353408023071289, -9.290154620361328, -14.558728381347656, -6.712015315246582], "timestamp": [1590007067.410131, 1590007069.1866755, 1590007070.6527843, 1590007072.1158943],