{"oculusX": [259.0877625034332], "oculusY": [0.023290514945983887], "oculusZ": [-8.473570986938476], "dobotX": [259.11981201171875], "dobotY": [0.0], "dobotZ": [-8.568687438964844], "diffX": [-0.03204950828552455], "diffY": [0.023290514945983887], "diffZ": [0.09511645202636743], "timestamp": [1589132692.7393942]}