{"oculusX": [259.19835892181396, 259.120336441803, 259.70124330978393, 259.21731319885254, 256.18251290779114, 254.68125071983337, 256.0050698802948, 256.9309386299133, 258.20004072647095, 258.8131043003082, 258.6077364967346, 258.79996147613525, 258.6646589324951, 258.46280780296325, 258.36639729003906, 258.3416315601349, 258.7133559272766, 257.6507839248657, 255.99735107879638, 257.7225479171753, 258.33662476997375, 257.69599404792785, 257.5197729156494, 257.4331375644684, 257.3975237892151, 256.40647736053467, 255.5167588279724, 255.4707738445282, 255.4179641292572, 256.19169202308655, 255.3918274925232, 255.36268082122803, 255.78891363601684], "oculusY": [0.03848224878311157, 0.07928535342216492, 0.5568899214267731, 1.5390478074550629, 5.34612312912941, 5.06104901432991, 7.4492692947387695, 7.265880703926086, 7.695794105529785, 10.310657322406769, 9.382490068674088, 8.635681122541428, 8.626725524663925, 9.109769016504288, 9.70878079533577, 8.840009570121765, 8.961677551269531, 9.7355917096138, 10.752413421869278, 9.598098695278168, 9.531453251838684, 10.3682279586792, 10.830983519554138, 12.378193438053131, 12.29119673371315, 30.275585129857063, 48.55123907327652, 49.77145744487643, 43.08933578431606, 36.31753474473953, 38.245439529418945, 38.40408381074667, 37.96686232089996], "oculusZ": [-8.71830765838623, -8.648331805419922, -8.861120387268066, -8.127506419372558, 12.28100474243164, 20.68669016723633, 23.645226315307617, 18.78554041748047, 8.791510418701172, -9.592230960083008, -11.984999819946289, -13.210709735107422, -10.515387698364258, -8.440311595153808, -9.036715670776367, -11.758263751220703, -11.669095202636719, -8.815105601501465, -7.85463635559082, -10.82080189819336, -12.32534234161377, -10.507639094543457, -11.095936938476562, -12.821133776855469, -12.758310481262207, -9.272511645507812, -9.472902461242676, -9.155924960327148, -10.003979846191406, -10.317977114868164, -8.87232606048584, -10.139043971252441, -9.78332345123291], "dobotX": [259.11981201171875, 259.1983337402344, 259.12030029296875, 259.701171875, 259.2471008300781, 258.95697021484375, 256.2973327636719, 254.84120178222656, 256.00506591796875, 257.0064697265625, 258.2080078125, 258.7520751953125, 258.8071594238281, 258.712890625, 258.5127868652344, 258.3670654296875, 258.3512268066406, 258.7133483886719, 258.1083679199219, 256.416015625, 256.8551025390625, 258.25506591796875, 257.84893798828125, 257.5198059082031, 257.45782470703125, 257.3975524902344, 257.3003234863281, 256.4187316894531, 255.8072967529297, 255.48440551757812, 255.62210083007812, 255.65147399902344, 255.3642578125], "dobotY": [0.0, 0.038482245057821274, 0.07928536087274551, 0.5568898320198059, 1.4786005020141602, 1.8656607866287231, 5.202115535736084, 5.0914177894592285, 7.449269771575928, 7.291461944580078, 7.729575157165527, 10.050374031066895, 9.554529190063477, 8.629916191101074, 8.990192413330078, 9.704537391662598, 9.174771308898926, 8.961677551269531, 9.402318954467773, 10.49493408203125, 10.178499221801758, 9.540306091308594, 10.168510437011719, 10.830985069274902, 11.937363624572754, 12.291197776794434, 14.055729866027832, 30.053281784057617, 42.584537506103516, 46.759986877441406, 41.30287170410156, 37.619564056396484, 38.3955192565918], "dobotZ": [-8.568679809570312, -8.718284606933594, -8.648323059082031, -8.861122131347656, -8.172660827636719, -6.3766326904296875, 11.509025573730469, 19.791244506835938, 23.645225524902344, 18.19086456298828, 8.554031372070312, -7.762321472167969, -11.2257080078125, -11.475814819335938, -8.953987121582031, -9.032478332519531, -10.709571838378906, -11.669090270996094, -10.044113159179688, -8.09783935546875, -9.329376220703125, -12.125473022460938, -10.941490173339844, -11.095947265625, -12.329612731933594, -12.758316040039062, -12.416290283203125, -9.315605163574219, -9.407485961914062, -9.647064208984375, -10.086830139160156, -9.341636657714844, -10.070671081542969], "diffX": [0.07854691009521275, -0.07799729843139858, 0.5809430168151835, -0.48385867614746303, -3.0645879222869894, -4.275719495010378, -0.2922628833770773, 2.0897368476867655, 2.194974808502195, 1.8066345737457254, 0.39972868423461705, 0.047886280822751814, -0.1425004913330099, -0.25008282203674526, -0.1463895751953146, -0.025433869552614397, 0.36212912063598424, -1.0625644638061544, -2.1110168411254904, 1.3065322921752909, 1.4815222309112528, -0.5590718700408956, -0.32916507263183803, -0.0866683437347433, -0.0603009178161642, -0.9910751296997091, -1.783564658355715, -0.9479578449249288, -0.38933262367248744, 0.7072865055084208, -0.23027333755493373, -0.28879317779541225, 0.4246558235168436], "diffY": [0.03848224878311157, 0.04080310836434364, 0.47760456055402756, 0.982157975435257, 3.8675226271152496, 3.195388227701187, 2.2471537590026855, 2.174462914466858, 0.24652433395385742, 3.0191953778266907, 1.6529149115085602, -1.414692908525467, -0.9278036653995514, 0.4798528254032135, 0.7185883820056915, -0.8645278215408325, -0.21309375762939453, 0.7739141583442688, 1.3500944674015045, -0.8968353867530823, -0.6470459699630737, 0.8279218673706055, 0.6624730825424194, 1.5472083687782288, 0.3538331091403961, 17.98438735306263, 34.49550920724869, 19.718175660818815, 0.5047982782125473, -10.442452132701874, -3.057432174682617, 0.7845197543501854, -0.4286569356918335], "diffZ": [-0.14962784881591773, 0.06995280151367211, -0.21279732818603492, 0.7336157119750979, 20.45366557006836, 27.063322857666016, 12.136200741577149, -1.0057040893554685, -14.853715106201172, -27.78309552307129, -20.5390311920166, -5.448388262939453, 0.7103203094482424, 3.035503224182129, -0.0827285491943357, -2.7257854187011716, -0.9595233642578123, 2.853984669494629, 2.1894768035888674, -2.722962542724609, -2.9959661209106443, 1.6178339279174807, -0.1544467651367185, -1.7251865112304685, -0.42869774932861304, 3.4858043945312502, 2.9433878219604495, 0.15968020324707055, -0.5964938842773435, -0.6709129058837888, 1.2145040786743166, -0.7974073135375974, 0.28734763031005883], "timestamp": [1589131040.7185965, 1589131041.322028, 1589131041.9247909, 1589131042.5286872, 1589131043.1311154, 1589131043.733304, 1589131044.336008, 1589131044.9394498, 1589131045.5431023, 1589131046.146595, 1589131046.750906, 1589131047.3550282, 1589131047.9598303, 1589131048.5634131, 1589131049.1662822, 1589131049.7700288, 1589131050.3735304, 1589131050.9776914, 1589131051.5819082, 1589131052.185923, 1589131052.790079, 1589131053.3948956, 1589131053.9980693, 1589131054.6031969, 1589131055.207234, 1589131055.8111231, 1589131056.4145637, 1589131057.0179472, 1589131057.6212397, 1589131058.2231705, 1589131058.8284466, 1589131059.4319746, 1589131060.0367484]}