{"oculusX": [373.6917289779663, 373.69038787345886, 373.7130674407959, 373.70832887153625, 373.6415418670654, 373.5429855869293, 373.46538033943176, 373.38792410354614, 373.4729799316406, 373.41498461227417, 373.14110126953125, 373.00934520225525, 373.7077328250885, 373.86577454071045, 373.3318659351349, 372.9498895690918, 372.73614731292724, 372.729978232193, 372.666558890152, 372.6781817958832, 372.54696217041015, 372.7275046394348, 372.6582738445282], "oculusY": [150.48250555992126, 150.30565857887268, 150.2409279346466, 150.052011013031, 150.1832976937294, 150.19134059548378, 150.19315108656883, 150.37044510245323, 150.4240818321705, 150.72180703282356, 151.34469792246819, 151.55069157481194, 150.88534355163574, 149.50471743941307, 149.53786879777908, 149.9302238225937, 150.31171217560768, 150.44977888464928, 150.62709897756577, 150.3555178642273, 150.13618022203445, 149.45020526647568, 149.14337545633316], "oculusZ": [-87.67467324371339, -87.6237708770752, -87.60040585632325, -87.42683713073731, -87.32014481658936, -87.20498864288331, -87.18388859863282, -87.1192771636963, -87.21750561828614, -87.29749505157471, -87.17923943634034, -87.22322766418458, -87.7761203491211, -87.39941899414063, -86.8918258392334, -86.86607663269044, -86.71444241638184, -86.68273274536133, -86.46124188537598, -86.45873849029542, -86.19170968170167, -86.05581109161378, -85.9603244506836], "dobotX": [151.96878051757812, 168.7765350341797], "dobotY": [-137.1627655029297, -115.64734649658203], "dobotZ": [60.95936584472656, 50.05316925048828], "diffX": [221.17232075195312, 203.8817388103485], "diffY": [288.5074634253979, 264.7907219529152], "diffZ": [-148.1386052810669, -136.01349370117188], "predictionX": [144.54769220809936, 373.65518593788147], "predictionY": [-150.7324017584324, 150.17288208007812], "predictionZ": [70.61821635131835, -87.43561640381813], "oculusXSynchronized": [373.14110126953125, 372.6582738445282], "oculusYSynchronized": [151.34469792246819, 149.14337545633316], "oculusZSynchronized": [-87.17923943634034, -85.9603244506836], "timestamp": [1589831380.6935778, 1589831381.2958462], "oculusTimeStamp": [1589831380.6404743, 1589831380.6910315, 1589831380.7413108, 1589831380.7917032, 1589831380.8424916, 1589831380.8934143, 1589831380.9439702, 1589831380.9945982, 1589831381.0454113, 1589831381.0958064, 1589831381.1464944, 1589831381.1971896, 1589831381.2481105, 1589831381.29881, 1589831381.3491185, 1589831381.3994935, 1589831381.4504092, 1589831381.5012207, 1589831381.552317, 1589831381.6026194, 1589831381.653372, 1589831381.7040722, 1589831381.7553473]}