{"oculusX": [244.67997686605412, 246.52533526491118, 245.9580749218234, 249.02176761532243, 247.88252979922916, 249.75776355974776, 250.69667759807922, 255.24291390276346, 260.2139175704319, 261.6749367858163, 264.72861021685554, 264.7481564158991, 271.15316485558986, 272.8069616280752], "oculusY": [23.347714131472472, 31.81231265555496, 37.50200840948297, 41.66105736346075, 41.433041999261775, 37.80896392317166, 36.57505074586664, 32.401704329857814, 30.878424718779254, 29.681395888753872, 32.46019959204502, 29.956472075215196, 32.57374287431424, 29.168625482481996], "oculusZ": [-16.702469035339355, -18.82415597076416, -21.623190089416504, -23.489173098754883, -27.107294245910644, -25.770600482177734, -25.885279818725586, -22.564466639709472, -18.77539937133789, -18.108900233459472, -17.884548350524902, -18.743808909606933, -11.259611293029785, -12.320693179321289], "dobotX": [259.11981201171875], "dobotY": [0.0], "dobotZ": [-8.568687438964844], "diffX": [12.033352843871114], "diffY": [32.57374287431424], "diffZ": [-2.690923854064941], "diffXYZ": [34.82946133226029], "predictionX": [259.1198], "predictionY": [0], "predictionZ": [-5.5687], "oculusXSynchronized": [271.15316485558986], "oculusYSynchronized": [32.57374287431424], "oculusZSynchronized": [-11.259611293029785], "timestamp": [1590859214.1030917], "oculusTimeStamp": [1590859213.963468, 1590859214.0137374, 1590859214.0692444, 1590859214.1248198, 1590859214.1804798, 1590859214.236095, 1590859214.2915933, 1590859214.3472223, 1590859214.4027393, 1590859214.458445, 1590859214.5137577, 1590859214.5691602, 1590859214.6246986, 1590859214.679683]}