{"oculusX": [259.0452643917084, 259.34737053375244, 259.05474153022766, 259.6877726600647, 266.87940087776184, 278.3247443721771, 272.34154072265625, 277.1784874485016, 275.425872473526], "oculusY": [-0.05806237459182739, 2.2967085242271423, 5.847208201885223, 34.33158993721008, 88.04277516901493, -12.497097253799438, -74.06878471374512, -10.874047875404358, -6.728231906890869], "oculusZ": [-8.427198573303222, -9.444769068908691, -9.643967791748047, -18.295224353027344, 13.097469166564942, 72.54928763275146, 2.501193836975098, -25.27564351196289, -19.963200732421875], "dobotX": [259.11981201171875, 259.0452575683594, 259.1142272949219, 259.141357421875, 259.1395263671875, 259.2536315917969, 263.11553955078125, 272.7588195800781, 279.1330261230469], "dobotY": [0.0, -0.058062370866537094, -0.004333227872848511, 0.40984630584716797, 1.4282231330871582, 8.639267921447754, 54.07698059082031, 54.3642463684082, 20.173484802246094], "dobotZ": [-8.568687438964844, -8.427215576171875, -8.558128356933594, -8.691940307617188, -8.896560668945312, -10.947242736816406, -0.8613357543945312, 39.11064910888672, 57.85544967651367], "diffX": [-0.07454762001037807, 0.3021129653930643, -0.05948576469421596, 0.5464152381896952, 7.739874510574339, 19.071112780380247, 9.226001171874998, 4.41966786842346, -3.707153649520876], "diffY": [-0.05806237459182739, 2.3547708950936794, 5.851541429758072, 33.921743631362915, 86.61455203592777, -21.136365175247192, -128.14576530456543, -65.23829424381256, -26.901716709136963], "diffZ": [0.14148886566162133, -1.0175534927368162, -1.0858394348144529, -9.603284045410156, 21.994029835510254, 83.49653036956786, 3.362529591369629, -64.38629262084962, -77.81865040893555], "predictionX": [259.0452643917084, 259.1142373755574, 259.1413477435708, 259.13951796712354, 259.25355854816735, 264.26048988103867, 277.75888419151306, 282.280953168869, 286.8037323951721], "predictionY": [-0.05806237459182739, -0.004333227872848511, 0.4098462760448456, 1.428223118185997, 8.63926613330841, 67.54913902282715, 46.60676622390747, -40.38210105895996, -59.77905750274658], "predictionZ": [-8.427198573303222, -8.558139681816101, -8.69195679249242, -8.896561749279499, -10.94723892211914, 2.1291096210479736, 60.86917781829834, 50.95132064819336, 11.462186574935913], "timestamp": [1589135432.6286602, 1589135434.3635418, 1589135435.8821387, 1589135437.3780034, 1589135438.8292012, 1589135440.2973108, 1589135441.751811, 1589135443.2187262, 1589135444.658708]}