{"oculusX": [258.9139553592682, 4.02378445553219e-07, -4.503159169941359e+35, 2.167897262573112e+35, 3.489702335512263e+34, 2.8829995322365472e+35, -5.094441780986861e+35, -1.2366275149226318e+35, 1.153911157330759e+37], "oculusY": [0.20026415586471558, 0.0, -4.383994440140764e+35, -2.822699354221019e+36, 9.066693847387152e+36, -4.904486700345928e+36, -3.9404347644688574e+32, -9.565056939736323e+31, 8.925245393059444e+33], "oculusZ": [-8.49395577545166, -1.3306026273589473e-08, -1.3381406757663509e+35, -9.646305026361897e+35, 3.0742739209665555e+36, -1.673138676745115e+36, 1.6712794127934056e+34, 4.0571788532196135e+33, -3.7855458209623715e+35], "dobotX": [259.11981201171875, 258.9139404296875, 199.94569396972656, 109.99409484863281, 109.99409484863281, 109.99409484863281, 109.99409484863281, 109.99409484863281, 109.99409484863281], "dobotY": [0.0, 0.20026414096355438, 0.15465351939201355, 0.08507797867059708, 0.08507797867059708, 0.08507797867059708, 0.08507797867059708, 0.08507797867059708, 0.08507797867059708], "dobotZ": [-8.568687438964844, -8.493949890136719, -6.559440612792969, -3.608489990234375, -3.608489990234375, -3.608489990234375, -3.608489990234375, -3.608489990234375, -3.608489990234375], "diffX": [-0.20585665245056362, -258.9139400273091, -4.503159169941359e+35, 2.167897262573112e+35, 3.489702335512263e+34, 2.8829995322365472e+35, -5.094441780986861e+35, -1.2366275149226318e+35, 1.153911157330759e+37], "diffY": [0.20026415586471558, -0.20026414096355438, -4.383994440140764e+35, -2.822699354221019e+36, 9.066693847387152e+36, -4.904486700345928e+36, -3.9404347644688574e+32, -9.565056939736323e+31, 8.925245393059444e+33], "diffZ": [0.07473166351318383, 8.493949876830692, -1.3381406757663509e+35, -9.646305026361897e+35, 3.0742739209665555e+36, -1.673138676745115e+36, 1.6712794127934056e+34, 4.0571788532196135e+33, -3.7855458209623715e+35], "timestamp": [1589132872.1474743, 1589132873.908245, 1589132875.4192781, 1589132876.9499912, 1589132878.4378724, 1589132879.921225, 1589132881.3952765, 1589132882.7938123, 1589132884.2533267]}