{"oculusX": [259.22354188423157, 259.11980031849254, 259.12569221231035, 259.11896093425014, 259.16410253657887, 259.1227099106298, 259.1681446810637, 259.0453252650669, 258.7586393810457, 258.57528305053705, 257.0647633870441, 258.35446875435986, 249.36709558396092, 269.71721503848164, 197.6992171151292, 386.6511842636843, 111.25566664196057, -135.9621641976487, 626.6816181001229, 1026.0119182041706, -255.73141624814036, -848.4904717944908, -68.04650324867151, 996.0182460603334, 581.0639776048201], "oculusY": [0.18069148063659668, 0.0, 0.010266561399806797, -0.0014666516285445803, 0.07715143119206745, 0.00505550349500815, 0.08426121241593094, -0.13006722519224337, -0.6285323869406536, -0.9506684617718724, -3.5734375065672093, -1.352049224177039, -16.929288998422237, 18.28273839091364, -106.44286437656139, 220.69818766366365, -256.0856575135696, -684.1808005024982, 636.3488665943347, 1327.7193528598236, -891.5537315465206, -1917.8948398317602, -566.6117957319574, 1275.8048655759808, 557.3102993056901], "oculusZ": [-8.664425059509277, -8.568699666942248, -8.574139674377438, -8.567920102285411, -8.609553050522576, -8.571371140391696, -8.6133292092988, -8.499816843305313, -8.23572481246221, -8.065164611453111, -6.675497055053725, -7.853158451261986, 0.4016691843668809, -18.26032588595441, 47.83893385387624, -30, 127.14544764019335, 354.0196123123167, -30, -30, 322.5315296763469, 779.9126169340964, 309.8336111023316, -30, -30], "dobotX": [259.11981201171875, 259.2235412597656, 259.11981201171875, 259.1257019042969, 259.11895751953125, 259.1640625, 259.12274169921875, 259.16815185546875, 259.0453186035156, 258.7586669921875, 258.5752868652344, 257.06475830078125, 258.3544921875, 249.36709594726562, 267.27069091796875, 243.81280517578125, 197.70346069335938, 239.33755493164062, 313.7781677246094, 265.8638916015625, 200.71249389648438, 131.8380889892578, 118.40815734863281, 118.35279083251953, 141.7507781982422], "dobotY": [0.0, 0.18069148063659668, 0.0, 0.010266561061143875, -0.0014666516799479723, 0.07715143263339996, 0.005055502522736788, 0.0842612162232399, -0.13006722927093506, -0.6285324692726135, -0.9506683945655823, -3.5734379291534424, -1.3520493507385254, -16.929288864135742, 14.049468994140625, -26.580263137817383, -106.43550872802734, -34.35248947143555, 94.52983093261719, 11.567893981933594, -101.23970031738281, -220.49342346191406, -243.74696350097656, -243.84283447265625, -203.33001708984375], "dobotZ": [-8.568687438964844, -8.664398193359375, -8.568687438964844, -8.574134826660156, -8.567901611328125, -8.609565734863281, -8.571372985839844, -8.613327026367188, -8.499809265136719, -8.235725402832031, -8.065170288085938, -6.67547607421875, -7.853157043457031, 0.40167236328125, -16.01673126220703, 5.515144348144531, 47.83502960205078, 30.68598175048828, 0.027111053466796875, 37.74058532714844, 89.02157592773438, 143.23289489746094, 153.74790954589844, 153.7942352294922, 148.8944091796875], "diffX": [0.10372987251281529, -0.10374094127308808, 0.005880200591604989, -0.0067409700467351286, 0.04514501704761642, -0.041352589370205806, 0.0454029818449726, -0.12282659040187127, -0.28667922246989974, -0.18338394165044747, -1.5105234781902936, 1.289710453578607, -8.987396603539082, 20.350119091216015, -69.57147380283956, 142.83837908790304, -86.4477940513988, -375.2997191292893, 312.90345037551356, 760.1480266026081, -456.44391014462474, -980.3285607837486, -186.45466059730433, 877.6654552278138, 439.31319940657795], "diffY": [0.18069148063659668, -0.18069148063659668, 0.010266561399806797, -0.011733212689688455, 0.07861808287201542, -0.07209592913839181, 0.07920570989319416, -0.21432844141548327, -0.49846515766971855, -0.32213599249925884, -2.622769112001627, 2.2213887049764036, -15.577239647683712, 35.21202725504938, -120.49233337070201, 247.27845080148103, -149.65014878554223, -649.8283110310626, 541.8190356617175, 1316.15145887789, -790.3140312291378, -1697.4014163698462, -322.8648322309808, 1519.647700048637, 760.6403163955339], "diffZ": [-0.09573762054443336, 0.09569852641712728, -0.0054522354125943195, 0.006214724374745018, -0.041651439194451356, 0.038194594471585575, -0.041956223458957, 0.11351018306187477, 0.2640844526745081, 0.17056079137891977, 1.3896732330322124, -1.1776823770432356, 8.254826227823912, -18.66199824923566, 63.85566511608327, -35.51514434814453, 79.31041803814257, 323.33363056182844, -30.027111053466797, -67.74058532714844, 233.50995374861253, 636.6797220366354, 156.08570155643315, -183.7942352294922, -178.8944091796875], "timestamp": [1589133521.792306, 1589133523.6438336, 1589133525.1250615, 1589133526.6387815, 1589133528.1156964, 1589133529.6417155, 1589133531.099916, 1589133532.5521066, 1589133534.0700378, 1589133535.5433502, 1589133536.999218, 1589133538.5028782, 1589133539.973448, 1589133541.436299, 1589133542.8563628, 1589133544.3443112, 1589133545.8305974, 1589133547.2435684, 1589133548.8065495, 1589133550.2941434, 1589133551.695063, 1589133553.169334, 1589133554.6243272, 1589133556.1487951, 1589133557.543878]}