{"oculusX": [259.04599454860687, 258.9780750558853, 258.67745902996063, 258.622831373024, 258.43743112545013, 258.2647862718582, 258.02730646591186, 257.9346659467697, 257.7660593078613, 257.7935072467804, 257.7683540866852, 257.5588437602997, 257.4923696802139, 257.3374572084427, 257.2869869754791, 257.25590315322876, 257.1867617652893, 257.0264103696823, 256.64024677734375, 256.38494518260956, 256.17883232097626, 255.92093792419433, 255.76423731307983, 255.48880424957275, 255.4465296552658, 255.3261878774643, 255.25913265209198, 255.06489601593017, 254.8538806722641, 254.81883314113617, 254.65910759429931, 254.6123924539566, 254.87453368167877, 255.0856831357956, 255.2903356836319, 255.73689368228912, 256.26557198028564, 256.91269960861206, 258.0131205604553, 259.31251671772003, 259.99843206863403, 261.26799610118866, 261.9301291988373, 262.2488501356125, 262.666678695488, 262.68759992580414, 262.7843382642746, 262.76673999290466, 262.75808241825104, 262.62728002529144, 262.72899535160064, 262.753388552475, 262.79903080921173, 262.78539624671936, 262.9352721260071, 263.2549914405823, 263.190707831192, 263.1384941623688, 263.0885305688858, 262.8644767091751, 263.02107301216125, 263.51223018627167, 260.74997213344574, 257.92876508693695, 255.07726397972107, 253.5660478160858, 253.6431166217804, 253.9282056377411, 253.89975932102203, 253.34878888587951, 251.88989069919586, 250.61251845817566], "oculusY": [0.028893351554870605, -0.10670721530914307, -0.2266019582748413, -0.4642009735107422, -0.7636547088623047, -0.9486973285675049, -0.9842664003372192, -0.8614808320999146, -0.6858110427856445, -0.5868524312973022, -0.7052421569824219, -1.134723424911499, -1.212984323501587, -1.1041909456253052, -1.2405365705490112, -1.1132657527923584, -1.1133253574371338, -1.2528300285339355, -1.535162329673767, -1.780778169631958, -1.9149631261825562, -2.200111746788025, -2.3762881755828857, -2.330482006072998, -1.96857750415802, -2.2389888763427734, -2.0299702882766724, -2.1998584270477295, -2.3637712001800537, -2.2315531969070435, -2.2385865449905396, -2.2172778844833374, -1.9094198942184448, -1.6268640756607056, -1.0555535554885864, 0.015720725059509277, 1.0286271572113037, 2.1150410175323486, 4.026457667350769, 6.349921226501465, 7.8444704413414, 10.164916515350342, 11.845961213111877, 12.510955333709717, 12.7825066447258, 12.77085393667221, 12.997910380363464, 13.257093727588654, 13.58889788389206, 13.545483350753784, 13.341441750526428, 13.230875134468079, 13.200275599956512, 13.03565502166748, 12.834534049034119, 12.724444270133972, 12.204989790916443, 12.162856757640839, 11.97700947523117, 11.853322386741638, 12.595035135746002, 15.43978601694107, 23.328669369220734, 32.668620347976685, 35.5772003531456, 37.85485029220581, 37.591345608234406, 35.585857927799225, 32.750241458415985, 31.03228658437729, 29.113873839378357, 28.123341500759125], "oculusZ": [-8.532698794555664, -8.360441371154785, -8.324320956420898, -8.062656565856933, -7.963712855529785, -7.798011943054199, -7.6990682327270505, -7.556017085266113, -7.405455752563476, -7.423098727416992, -7.357056781005859, -7.17407052154541, -7.132704898071289, -7.052953883361816, -7.080372019958496, -7.129128619384765, -7.185276194763183, -7.075722857666015, -6.840522929382324, -6.695683642578125, -6.434972926330566, -6.167705699157715, -6.105240031433105, -5.959208651733398, -5.7306844436645505, -5.862291499328613, -5.678351565551758, -5.429204150390625, -5.528982325744629, -5.440052195739746, -5.3099948608398435, -5.444701358032226, -5.547817393493652, -5.719359561157226, -5.893166705322265, -6.3715535842895505, -6.933863803100586, -7.486994906616211, -8.481438800048828, -9.784396334838867, -10.626609965515136, -11.671002551269531, -12.491281672668457, -12.832339450073242, -13.113434954833984, -13.193901225280761, -13.267453356933594, -13.365324183654785, -13.42719380493164, -13.38129822845459, -13.39810673828125, -13.520534678649902, -13.530309840393066, -13.430770083618164, -13.352211161804199, -13.143833323669433, -12.98456971282959, -12.969072505187988, -12.958462878417969, -12.979801341247558, -12.81982247467041, -13.680632754516601, -13.742263957214355, -14.99574963684082, -15.09648148651123, -14.866645976257324, -15.0614339553833, -14.647420092773437, -13.565118952941894, -12.701805278015136, -11.27713505859375, -10.222967311096191], "dobotX": [265.0178527832031, 265.0121765136719, 261.7333068847656, 257.558837890625, 255.66262817382812, 256.5018310546875], "dobotY": [16.536052703857422, 16.630414962768555, 8.861745834350586, -1.1347236633300781, -0.6866304278373718, 1.456492304801941], "dobotZ": [-14.290283203125, -14.587867736816406, -12.324928283691406, -7.174072265625, -6.248130798339844, -7.132514953613281], "diffX": [-7.4590090229034445, -9.523372264099123, -5.996413202476504, 5.207902102279661, 7.201848535346983, -5.889312596511843], "diffY": [-17.67077612876892, -18.960896968841553, -8.846025109291077, 14.391817390918732, 12.53995281457901, 26.666849195957184], "diffZ": [7.11621268157959, 8.628659085083008, 5.953374699401856, -6.191251918029785, -6.731670542907715, -3.09045235748291], "predictionX": [262.12303963165283, 257.5588437602997, 255.48880424957275, 255.73689368228912, 262.76673999290466, 262.8644767091751], "predictionY": [9.795114398002625, -1.134723424911499, -2.330482006072998, 0.015720725059509277, 13.257093727588654, 11.853322386741638], "predictionZ": [-12.805874987792969, -7.17407052154541, -5.959208651733398, -6.3715535842895505, -13.365324183654785, -12.979801341247558], "oculusXSynchronized": [257.5588437602997, 255.48880424957275, 255.73689368228912, 262.76673999290466, 262.8644767091751, 250.61251845817566], "oculusYSynchronized": [-1.134723424911499, -2.330482006072998, 0.015720725059509277, 13.257093727588654, 11.853322386741638, 28.123341500759125], "oculusZSynchronized": [-7.17407052154541, -5.959208651733398, -6.3715535842895505, -13.365324183654785, -12.979801341247558, -10.222967311096191], "timestamp": [1589833145.9425688, 1589833146.5454373, 1589833147.1494083, 1589833147.7524657, 1589833148.3563333, 1589833148.9589896], "oculusTimeStamp": [1589833145.843431, 1589833145.8945475, 1589833145.946091, 1589833145.9972432, 1589833146.0475767, 1589833146.0986323, 1589833146.1498706, 1589833146.201017, 1589833146.2515695, 1589833146.3027532, 1589833146.3539622, 1589833146.4052324, 1589833146.4562345, 1589833146.5073097, 1589833146.557714, 1589833146.6087043, 1589833146.6597195, 1589833146.710234, 1589833146.7606719, 1589833146.8115492, 1589833146.862684, 1589833146.9134455, 1589833146.964443, 1589833147.0147643, 1589833147.065977, 1589833147.1165583, 1589833147.1669965, 1589833147.217353, 1589833147.2680995, 1589833147.319115, 1589833147.369763, 1589833147.4202516, 1589833147.4707882, 1589833147.5220826, 1589833147.5728228, 1589833147.6234603, 1589833147.6742752, 1589833147.7249079, 1589833147.7755177, 1589833147.8266497, 1589833147.877086, 1589833147.9274018, 1589833147.9788074, 1589833148.0298066, 1589833148.0806983, 1589833148.131788, 1589833148.1833751, 1589833148.2339225, 1589833148.2845216, 1589833148.3351758, 1589833148.3855839, 1589833148.4363816, 1589833148.487487, 1589833148.5379744, 1589833148.5887048, 1589833148.6399243, 1589833148.6908572, 1589833148.741546, 1589833148.7922647, 1589833148.8433084, 1589833148.8936172, 1589833148.9446616, 1589833148.9960566, 1589833149.0471616, 1589833149.0975902, 1589833149.1480393, 1589833149.198949, 1589833149.2499084, 1589833149.3014317, 1589833149.3518267, 1589833149.4031053, 1589833149.4535446]}