{"oculusX": [259.2823716686249, 3.7783969191927215e-13, 259.1198120117186, 206.31289672851486, -352.8253491333239, 3894.9926546727665, -7276.8717030917705, 4165.514461748573, 4474.62009213748, -5962.883973724827, 1628.8764332427972, 1461.3375672360744, -1369.026987631716, 4386.880442229609, -2543.0720919307414, -4024.8307615248245, 4930.322755718594, 1566.2197088784535, -2803.918187342554, 2247.632295875074, -4060.1480166912916, 3030.4819426357203], "oculusY": [0.42594224214553833, -1.0569757267387736e-23, -7.45103315075386e-09, 0.3389254510402709, 2.8869508643633774, -3.5976322857215557, 3.7715371267850366, 0.8873356505702119, -15.601365308186676, 20.152061919846865, -5.568115095532706, 1.2326876200381962, 3.5576857489325953, -8.931256891168932, 11.508345675016821, 0.7898088727030413, -0.16800259760671032, -2.1393186444167362, 6.289859068755012, -0.7244714141548931, 3.9321224724376562, 1.6376612790249658], "oculusZ": [-8.799727603149414, -1.1995725412733486e-14, -8.568687438964846, -7.0019912719726225, 10.137880722893588, -126.89484622162902, 238.63610401863306, -138.21664474846142, -139.70337556475522, 186.50673327732946, -50.91416971965261, -48.977334203388786, 43.3865458568302, -140.33435813289196, 77.99689606192469, 132.67676836707204, -162.94832397941803, -50.66017029150724, 89.38977507283711, -73.94142323383988, 132.1776263163917, -101.07867086011599], "dobotX": [259.11981201171875, 259.2823486328125, 206.31289672851562, 122.3619613647461, 244.63934326171875, 223.01707458496094, 113.82909393310547, 229.1282501220703, 328.196044921875, 328.4359130859375, 275.4623107910156, 135.53196716308594, 166.51382446289062, 312.4338684082031, 247.4673309326172, 111.49849700927734, 109.97921752929688, 162.95057678222656, 306.8727111816406, 277.3278503417969, 129.4049072265625, 184.37576293945312], "dobotY": [-7.451033567917875e-09, 0.4259422719478607, 0.33892545104026794, 0.16669127345085144, 0.017649918794631958, 0.170320525765419, 0.6984620690345764, 0.5674610733985901, 0.45629966259002686, 0.45537063479423523, 0.6212189793586731, 1.0593088865280151, 1.1384127140045166, 1.1490367650985718, 1.2650227546691895, 1.4579616785049438, 1.4632397890090942, 1.4453139305114746, 1.3966094255447388, 1.4655554294586182, 1.697158694267273, 1.64165461063385], "dobotZ": [-8.568687438964844, -8.799713134765625, -7.001991271972656, -4.1346282958984375, -8.099189758300781, -7.465065002441406, -4.134185791015625, -7.877525329589844, -11.094635009765625, -11.102062225341797, -9.43817138671875, -5.0430145263671875, -6.109428405761719, -10.940406799316406, -8.853546142578125, -4.459503173828125, -4.4120941162109375, -6.154289245605469, -10.887710571289062, -9.947219848632812, -5.1782989501953125, -6.9666748046875], "diffX": [0.16255965690612584, -259.2823486328121, 52.806915283202954, 83.95093536376876, -597.4646923950427, 3671.9755800878056, -7390.700797024876, 3936.3862116265027, 4146.424047215605, -6291.319886810765, 1353.4141224517816, 1325.8056000729885, -1535.5408120946067, 4074.4465738214058, -2790.5394228633586, -4136.329258534102, 4820.343538189297, 1403.269132096227, -3110.7908985241947, 1970.304445533277, -4189.552923917854, 2846.106179696267], "diffY": [0.4259422495965719, -0.4259422719478607, -0.33892545849130107, 0.17223417758941945, 2.8693009455687455, -3.7679528114869747, 3.07307505775046, 0.3198745771716218, -16.057664970776703, 19.69669128505263, -6.189334074891379, 0.17337873351018107, 2.4192730349280787, -10.080293656267504, 10.243322920347632, -0.6681528058019025, -1.6312423866158046, -3.584632574928211, 4.8932496432102734, -2.190026843613511, 2.2349637781703833, -0.003993331608884265], "diffZ": [-0.23104016418457007, 8.799713134765613, -1.5666961669921893, -2.867362976074185, 18.23707048119437, -119.42978121918762, 242.7702898096487, -130.33911941887158, -128.6087405549896, 197.60879550267126, -41.47599833293386, -43.9343196770216, 49.49597426259192, -129.39395133357556, 86.85044220450281, 137.13627154090017, -158.5362298632071, -44.50588104590177, 100.27748564412617, -63.99420338520707, 137.355925266587, -94.11199605542849], "timestamp": [1589133073.52419, 1589133075.2597394, 1589133076.7009568, 1589133078.158574, 1589133079.6210623, 1589133081.0430884, 1589133082.453937, 1589133083.8799763, 1589133085.3038616, 1589133086.7388086, 1589133088.1733768, 1589133089.576434, 1589133091.0428786, 1589133092.4897122, 1589133093.969369, 1589133095.3709934, 1589133096.6372073, 1589133098.0788174, 1589133099.513834, 1589133100.9444785, 1589133102.4145513, 1589133103.8439107]}