{"oculusX": [259.14995995025635, 261.85219612579345, 267.8362640426636, 271.024039654541, 1738.2301303432464, 1753.5951050804138, 1700.305900244522, 1607.71479335289, 1623.6046465919494, 1633.1287535713195, 1696.6559502170562, 1725.1272412822723], "oculusY": [-0.29790401458740234, -3.0673742294311523, -13.233542442321777, -24.201154708862305, -1386.451855301857, -1345.4959690570831, -1280.0667732954025, -1251.9962973892689, -1304.7237605787814, -1295.7017361186445, -1367.1267330646515, -1357.8185178339481], "oculusZ": [-8.309598609161377, -8.038457080078125, -6.268616362762451, -4.675980254364013, 351.28170664672854, 446.14679034118654, 385.8127039230347, 208.24176485900878, 229.714934185791, 222.04399521713256, 431.66405375366213, 417.77855570678713], "dobotX": [259.11981201171875, 259.1499328613281, 259.11981201171875, 259.12298583984375, 259.1249694824219, 259.1287536621094, 259.1237487792969, 259.1236267089844, 259.1162414550781, 259.1225280761719, 259.1124267578125, 259.1213684082031], "dobotY": [0.0, -0.29790401458740234, 0.0, -0.03156163915991783, -0.050816211849451065, -0.08863193541765213, -0.03885004669427872, -0.037838164716959, 0.03564441204071045, -0.02681499347090721, 0.07348231971263885, -0.014958063140511513], "dobotZ": [-8.568687438964844, -8.309608459472656, -8.568687438964844, -8.541244506835938, -8.524482727050781, -8.491615295410156, -8.534904479980469, -8.535774230957031, -8.599700927734375, -8.545379638671875, -8.632591247558594, -8.555679321289062], "diffX": [0.030147938537595564, 2.70226326446533, 8.716452030944822, 11.901053814697264, 1479.1051608608245, 1494.4663514183044, 1441.1821514652252, 1348.5911666439056, 1364.4884051368713, 1374.0062254951476, 1437.5435234592437, 1466.0058728740692], "diffY": [-0.29790401458740234, -2.76947021484375, -13.233542442321777, -24.169593069702387, -1386.4010390900075, -1345.4073371216655, -1280.0279232487082, -1251.958459224552, -1304.759404990822, -1295.6749211251736, -1367.2002153843641, -1357.8035597708076], "diffZ": [0.25908882980346704, 0.2711513793945315, 2.300071076202393, 3.865264252471924, 359.8061893737793, 454.6384056365967, 394.34760840301516, 216.7775390899658, 238.31463511352538, 230.58937485580444, 440.2966450012207, 426.3342350280762], "predictionX": [259.14995995025635, 259.1198003248418, 259.12299198587425, 259.12494428036734, 259.1287718618987, 259.1237351834425, 259.1236294963164, 259.11619888278074, 259.1225173306884, 259.1123981908895, 259.1213407648902, 259.1137365233153], "predictionY": [-0.29790401458740234, 0.0, -0.03156163822859526, -0.05081620533019304, -0.0886319326236844, -0.03885004576295614, -0.037838163785636425, 0.03564440505579114, -0.026814992539584637, 0.07348230574280024, -0.014958060113713145, 0.060491930693387985], "predictionZ": [-8.309598609161377, -8.568699660302627, -8.54125085612759, -8.524499955587089, -8.491607446223497, -8.534905458334833, -8.53578690532595, -8.599700677674264, -8.545366256032139, -8.63260041642934, -8.555691171437502, -8.62130380840972], "timestamp": [1589134774.9723384, 1589134776.822916, 1589134778.308869, 1589134779.7901788, 1589134781.2694802, 1589134782.7452865, 1589134784.2061775, 1589134785.7060537, 1589134787.1799738, 1589134788.6201615, 1589134790.1119032, 1589134791.5570369]}