{"oculusX": [234.59473885380064, 232.29617337078844, 230.45679842033707, 228.90993391010278, 227.28733630792183, 222.03252200859066, 222.05515146500278, 219.4669430518335, 213.6045165577894, 214.44425813825035, 218.3000628845207, 218.59834931557825, 220.59856124620785, 214.545536070408, 211.76993390114154, 206.11863949286985, 197.2769823683597, 189.9255547867722, 189.1889209471475, 189.00588938800936, 189.54645751982656, 189.99981507770107, 189.50331245127379, 188.72853196118922, 188.4893215883562, 188.70398684570074], "oculusY": [-12.057731130346054, -18.388481223470723, -25.76543129392338, -37.92834671911397, -43.675254281721315, -47.446869517383334, -44.954998883861, -43.30579841256542, -34.74722977499608, -33.54801517943781, -33.01645263709948, -32.694719490979516, -34.615341834450966, -37.40835915653787, -34.704941307874506, -26.68623565102659, -11.576824377233692, 5.31823644987643, 17.537165986954133, 19.410661417055508, 13.120230245105619, -0.2650857208407388, -13.729332467199574, -21.94404757045468, -23.91183069447501, -22.154127121996943], "oculusZ": [-22.908802672576904, -23.02252833480835, -25.607760592651367, -34.72488705749512, -45.74244801635742, -53.82519547576904, -62.83139769668579, -58.25250928039551, -48.232312842559814, -52.96605412597656, -60.58537547225952, -63.74656741256714, -62.788661166381836, -61.29401509399414, -57.92522017593384, -55.093701525878906, -59.835310622406006, -81.5921980583191, -115, -115, -115, -115, -115, -115, -115, -115], "dobotX": [259.11981201171875], "dobotY": [0.0], "dobotZ": [-8.568687438964844], "diffX": [-70.63049042336255], "diffY": [-23.91183069447501], "diffZ": [-106.43131256103516], "diffXYZ": [129.95409234830086], "predictionX": [262.1198], "predictionY": [0], "predictionZ": [-8.5687], "oculusXSynchronized": [188.4893215883562], "oculusYSynchronized": [-23.91183069447501], "oculusZSynchronized": [-115], "timestamp": [1590857591.9209213], "oculusTimeStamp": [1590857590.8983908, 1590857590.9622738, 1590857591.0380106, 1590857591.096256, 1590857591.1567144, 1590857591.2170997, 1590857591.287126, 1590857591.3521705, 1590857591.417899, 1590857591.483719, 1590857591.5496285, 1590857591.6155062, 1590857591.6810815, 1590857591.7470345, 1590857591.8072815, 1590857591.8729484, 1590857591.938503, 1590857592.0043583, 1590857592.069845, 1590857592.1356404, 1590857592.2013881, 1590857592.2615004, 1590857592.322146, 1590857592.3877397, 1590857592.4533453, 1590857592.514396]}