{"oculusX": [259.2001768634796, 265.2005168483734, 270.962080626297, 277.8689476535797, 296.04401317100525, 267.2210547016144, 247.00736132125854, 234.02839031677246, 231.13380995254516, 229.9648734615326, 235.7467326210022, 238.10475197296142, 244.24689140777588, 247.0047685192108, 248.64711490135193, 246.07484665374756, 248.45551577072143, 250.29181566696167, 258.7094816253662, 259.29187860946655, 257.1562143848419, 254.5988472984314], "oculusY": [-0.3615301102399826, -25.100519880652428, -36.30132041871548, -6.787950173020363, 72.05787859857082, 146.20220847427845, 150.12421645224094, 94.12715025246143, 6.990388035774231, -30.536336824297905, -58.496562764048576, -63.20561282336712, -45.50688527524471, -18.940890207886696, 6.099609658122063, 50.962142646312714, 98.88787753880024, 126.46730430424213, -12.784631922841072, -78.14492098987103, -110.07138900458813, -123.3151089400053], "oculusZ": [-8.422668620300293, 0.06133730773925805, 2.062980488586426, 6.636206463623047, 70.64277346496581, 28.88554747467041, -30, -30, -30, -30, -30, -9.275372668457031, 21.05182822113037, 40.28648550872803, 49.42053969268799, 52.88297350769043, 36.3987129486084, 41.51350672607422, 43.905321911621094, 46.41765768890381, 48.364226177978516, 50.67402537231445], "dobotX": [259.11981201171875, 259.2001647949219, 265.2005615234375, 270.96209716796875, 277.8689270019531, 295.7190856933594, 267.6045227050781, 247.3011932373047, 234.0283966064453, 231.1337890625, 229.9648895263672, 235.7467498779297, 238.05897521972656, 244.24661254882812, 247.00477600097656, 248.6470947265625, 246.07484436035156, 248.45553588867188, 250.2918243408203, 258.70947265625, 259.2918701171875, 257.1562194824219], "dobotY": [0.0, -0.3615301251411438, -25.100522994995117, -36.30132293701172, -6.787949562072754, 22.675739288330078, 52.28375244140625, 81.85336303710938, 94.12714385986328, 64.12714385986328, 34.12714385986328, 4.127143859863281, -25.290464401245117, -45.50606155395508, -18.940889358520508, 6.099609375, 36.099609375, 66.09961700439453, 96.09961700439453, 66.09962463378906, 36.0996208190918, 6.099621295928955], "dobotZ": [-8.568687438964844, -8.42266845703125, 0.06134033203125, 2.0629806518554688, 6.636207580566406, 36.09990310668945, 28.988662719726562, -0.576751708984375, -30.0, -29.99999237060547, -30.00000762939453, -29.99999237060547, -9.677703857421875, 20.321067810058594, 40.28648376464844, 49.42054748535156, 52.882972717285156, 36.398704528808594, 41.513511657714844, 43.90533447265625, 46.41764831542969, 48.364227294921875], "diffX": [0.08036485176086217, 6.000352053451536, 5.761519102859495, 6.90685048561096, 18.175086169052122, -28.498030991744997, -20.597161383819582, -13.272802920532229, -2.8945866539001486, -1.1689156009674093, 5.781843094635008, 2.358002095031736, 6.187916188049314, 2.7581559703826883, 1.6423389003753641, -2.5722480728149435, 2.380671410369871, 1.8362797782897928, 8.417657284545896, 0.5824059532165506, -2.135655732345583, -2.5573721839904806], "diffY": [-0.3615301102399826, -24.738989755511284, -11.20079742372036, 29.513372763991356, 78.84582816064358, 123.52646918594837, 97.8404640108347, 12.273787215352058, -87.13675582408905, -94.66348068416119, -92.62370662391186, -67.3327566832304, -20.216420873999596, 26.565171346068382, 25.04049901664257, 44.862533271312714, 62.78826816380024, 60.3676872998476, -108.8842489272356, -144.2445456236601, -146.17100982367992, -129.41473023593426], "diffZ": [0.14601881866455102, 8.484005764770508, 2.001640156555176, 4.573225811767578, 64.00656588439941, -7.214355632019043, -58.98866271972656, -29.423248291015625, 0.0, -7.62939453125e-06, 7.62939453125e-06, 20.724619702148438, 30.729532078552246, 19.965417698669434, 9.134055928039551, 3.4624260223388674, -16.484259768676758, 5.114802197265625, 2.3918102539062502, 2.512323216247559, 1.9465778625488284, 2.3097980773925784], "timestamp": [1589133755.005704, 1589133756.7028203, 1589133758.1385372, 1589133759.6008763, 1589133761.0039015, 1589133762.430369, 1589133763.845898, 1589133765.2947292, 1589133766.7636342, 1589133768.22303, 1589133769.6837814, 1589133771.0911224, 1589133772.3991358, 1589133773.7951424, 1589133775.218047, 1589133776.6418562, 1589133778.0530014, 1589133779.499034, 1589133780.9617798, 1589133782.3961172, 1589133783.8082538, 1589133785.2200425]}