{"oculusX": [259.05134406547546, 260.40991273384094, 259.7326251552582, 253.2776507423401, 247.34230962257385, 249.80991211395263, 256.0397299812317, 260.8835312412262, 264.37624421577453, 255.0023707435608, 254.29650273780823, 252.81276431541443], "oculusY": [1.1947602033615112, 15.184305608272552, 17.267577350139618, -22.036530077457428, -39.79766368865967, -19.52819526195526, 37.36666962504387, 66.51540659368038, 80.14750108122826, 58.14055912196636, 0.8461102843284607, -18.028810620307922], "oculusZ": [-8.67873017425537, -15.848215266418457, -15.090759440612793, -12.34381978149414, 22.430602864074707, 58.43681509857178, 63.24822123413086, 33.7514322555542, -10.888989611816406, -30, -30, -22.750790759277344], "dobotX": [259.11981201171875, 259.0513610839844, 260.409912109375, 259.7326354980469, 253.8841094970703, 247.8783721923828, 249.64280700683594, 254.86351013183594, 260.42083740234375, 263.94915771484375, 255.21188354492188, 254.44076538085938], "dobotY": [0.0, 1.1947603225708008, 15.184307098388672, 17.267576217651367, -18.3438720703125, -38.193580627441406, -20.900835037231445, 26.624431610107422, 63.730953216552734, 78.48046112060547, 58.632423400878906, 12.554272651672363], "dobotZ": [-8.568687438964844, -8.678726196289062, -15.848213195800781, -15.090774536132812, -12.601913452148438, 19.28997039794922, 55.99848937988281, 62.33979415893555, 36.56913757324219, -5.429962158203125, -29.5728759765625, -30.000015258789062], "diffX": [-0.06846794624328822, 1.3585516498565653, -0.6772869541168234, -6.454984755706789, -6.541799874496462, 1.9315399215698221, 6.39692297439575, 6.020021109390257, 3.955406813430784, -8.946786971282961, -0.9153808071136496, -1.6280010654449484], "diffY": [1.1947602033615112, 13.989545285701752, 2.083270251750946, -39.304106295108795, -21.453791618347168, 18.665385365486145, 58.267504662275314, 39.89097498357296, 16.416547864675522, -20.339901998639107, -57.786313116550446, -30.583083271980286], "diffZ": [-0.1100427352905271, -7.169489070129394, 0.7574537551879885, 2.746954754638672, 35.032516316223145, 39.14684470062256, 7.249731854248047, -28.588361903381347, -47.45812718505859, -24.570037841796875, -0.4271240234375, 7.249224499511719], "timestamp": [1589133661.212132, 1589133662.9363775, 1589133664.3495793, 1589133665.814941, 1589133667.2161212, 1589133668.6191301, 1589133670.0878842, 1589133671.5596886, 1589133673.0632815, 1589133674.4932442, 1589133675.9073963, 1589133677.3650641]}