{"oculusX": [266.18372526626587, 266.3364621685028, 266.5023418949127, 266.581079630661, 266.67421188812256, 266.573778061676, 266.42473664741516, 266.2747415588379, 266.1187860057831, 266.156754164505, 266.0513433502197, 266.0872551486969, 265.9111234233856, 265.6229945705414, 265.48012223701477, 265.71466651420593, 266.21817675094604, 266.644498972702, 266.72609773139953, 266.7768212841034, 267.1774241016388, 268.0630895183563, 268.817088274765, 269.04564228515625, 269.14807286720276, 269.81248584251404, 272.3147186325073, 274.5229217098236, 277.0868751094818, 279.7278973148346, 282.0881518409729, 283.43319025497436, 284.3580755279541, 284.85088673095703, 284.68974557380676, 284.5445784614563, 284.2495652721405, 283.6218091533661, 282.7466639564514, 281.69449296455383, 281.00954618911743, 280.2578422115326, 279.19178333740234, 278.4841569946289, 277.4117502258301, 276.78762999038696, 275.60736861686706, 274.6607276485443, 273.81654706459045, 273.0847212360382, 272.12860312919616, 271.2705942676544, 270.2029558704376, 269.7300228164673, 269.31034651260376, 268.50741234283447, 267.3318895385742, 265.9441145942688, 263.8337525413513, 263.28696933250427, 263.27004161338806, 263.2900687740326, 263.05331912498474, 262.40008202056885, 261.403700976181, 259.80555143814087, 258.2425090358734, 256.07516494255066, 254.42982342700958, 253.30313172798157, 251.7129692123413, 249.44043782215118, 247.19766405086517, 244.33535960178375], "oculusY": [-6.851688027381897, -6.551757454872131, -6.707549095153809, -6.989091634750366, -7.325723767280579, -7.699757814407349, -7.678568363189697, -7.490202784538269, -7.533177733421326, -7.557719945907593, -7.706820964813232, -7.976144552230835, -8.11147689819336, -8.187755942344666, -7.9782456159591675, -7.69864022731781, -7.029816508293152, -6.046712398529053, -5.03048300743103, -4.675328731536865, -4.648461937904358, -3.981977701187134, 0.10955333709716797, 6.168588995933533, 10.431423783302307, 14.445975422859192, 21.950095891952515, 26.432156562805176, 33.85166823863983, 42.79923439025879, 46.30325734615326, 46.31763696670532, 45.13023793697357, 42.34388470649719, 39.93077576160431, 36.180317401885986, 30.939146876335144, 28.104186058044434, 24.22797679901123, 21.353572607040405, 19.455090165138245, 17.63877272605896, 15.887051820755005, 14.59820568561554, 13.646528124809265, 13.534754514694214, 12.909218668937683, 12.010827660560608, 10.190203785896301, 7.959470152854919, 5.083188414573669, 2.7680397033691406, 1.2269020080566406, 0.4255026578903198, -0.3247857093811035, -1.7820000648498535, -2.6913881301879883, -2.5625526905059814, -1.5078634023666382, -0.6085336208343506, -0.2528876066207886, 0.3108978271484375, -0.051468610763549805, -0.7274448871612549, -1.7719268798828125, -2.7387887239456177, -3.010392189025879, -3.3537298440933228, -3.039613366127014, -3.1691640615463257, -3.3661872148513794, -2.54860520362854, -1.1157840490341187, 3.0248165130615234], "oculusZ": [-15.798147364807129, -16.144092723083496, -16.473229571533203, -16.5107804977417, -16.380365534973144, -16.207631274414062, -15.991266413879394, -15.878613635253906, -15.771921321105957, -15.759165927124023, -15.654142543029785, -15.618498965454101, -15.305812998962402, -15.034969493103027, -14.891322299194336, -15.141900225830078, -15.468533679199219, -15.790517970275879, -15.69622342224121, -15.621598406982422, -15.8776599609375, -16.54010598297119, -17.532761737060547, -18.24110333557129, -18.340047045898437, -18.498595401000976, -19.836123629760742, -20.323689624023437, -19.606288119506836, -18.236096545410156, -16.579206629943847, -14.923389598083496, -13.54318444366455, -12.353356524658203, -11.708672686767578, -11.294301196289062, -10.552104159545898, -10.019119425964355, -9.468014880371094, -9.043868228149414, -8.964951678466797, -8.923824473571777, -8.75323598022461, -8.86171643371582, -9.508426829528808, -10.460670634460449, -12.381370707702636, -13.682301684570312, -13.971622630310058, -13.55236355895996, -12.647565051269531, -11.586363955688476, -10.926421328735351, -10.795291110229492, -10.76918427581787, -10.576065226745605, -10.182436152648926, -9.73742787475586, -8.81141011352539, -8.57942883605957, -8.650119944763183, -8.939083262634277, -8.801873370361328, -8.154566928100586, -7.455642863464355, -6.475504084777832, -5.7917195999145505, -4.781659289550781, -4.184778376770019, -3.8195211135864255, -2.9733735763549802, -2.013738795471191, -1.3017017089843748, -0.7793266021728513], "dobotX": [259.11981201171875, 266.3630676269531, 284.2831726074219], "dobotY": [0.0, -6.707578182220459, 40.837562561035156], "dobotZ": [-8.568687438964844, -15.679061889648438, -12.45550537109375], "diffX": [6.9315313385009745, 10.424562363433836, -39.947813005638125], "diffY": [-7.706820964813232, 20.242332696914673, -37.81274604797363], "diffZ": [-7.085455104064941, 5.2183912551879885, 11.676178768920899], "predictionX": [266.363075642395, 284.85088673095703, 263.2900687740326], "predictionY": [-6.707578897476196, 42.34388470649719, 0.3108978271484375], "predictionZ": [-15.679057284545898, -12.353356524658203, -8.939083262634277], "oculusXSynchronized": [266.0513433502197, 276.78762999038696, 244.33535960178375], "oculusYSynchronized": [-7.706820964813232, 13.534754514694214, 3.0248165130615234], "oculusZSynchronized": [-15.654142543029785, -10.460670634460449, -0.7793266021728513], "timestamp": [1589644832.4225051, 1589644834.4885035, 1589644836.1565013], "oculusTimeStamp": [1589644832.372373, 1589644832.4229655, 1589644832.473665, 1589644832.5243244, 1589644832.5750248, 1589644832.6256313, 1589644832.6761947, 1589644832.7268066, 1589644832.777296, 1589644832.8277476, 1589644832.878397, 1589644832.9413428, 1589644833.0102217, 1589644833.0670528, 1589644833.1193748, 1589644833.1718574, 1589644833.241444, 1589644833.3113127, 1589644833.3887627, 1589644833.4718273, 1589644833.5221767, 1589644833.5800202, 1589644833.6328511, 1589644833.6883416, 1589644833.7484426, 1589644833.8229685, 1589644833.8837445, 1589644833.9406388, 1589644834.0105362, 1589644834.1361198, 1589644834.1916754, 1589644834.2512155, 1589644834.3013055, 1589644834.3546994, 1589644834.4051843, 1589644834.455515, 1589644834.506216, 1589644834.556832, 1589644834.60733, 1589644834.6580281, 1589644834.7087286, 1589644834.759429, 1589644834.8101487, 1589644834.8607926, 1589644834.911306, 1589644834.961688, 1589644835.0223405, 1589644835.0804443, 1589644835.1472204, 1589644835.2170684, 1589644835.2853668, 1589644835.3747363, 1589644835.4285214, 1589644835.4865289, 1589644835.5429993, 1589644835.6220684, 1589644835.687833, 1589644835.750535, 1589644835.8615222, 1589644835.9205563, 1589644835.9767966, 1589644836.0327315, 1589644836.0831923, 1589644836.1337564, 1589644836.1845126, 1589644836.2348614, 1589644836.2854724, 1589644836.3358042, 1589644836.3864775, 1589644836.4371967, 1589644836.4878411, 1589644836.5381489, 1589644836.5889368, 1589644836.639487]}