{"oculusX": [260.98798838119507, 277.63386693458557, 285.5670961425781, 289.19472423057556, 305.247387556839, 318.3139475868225, 328, 328, 328, 328, 328], "oculusY": [-28.722617775201797, -45.47774977982044, -42.55896434187889, -32.319892197847366, -30.393922701478004, -28.040518052875996, -31.346309930086136, -32.5065478682518, -36.536116153001785, -46.380722895264626, -49.99716393649578], "oculusZ": [149.21874220733642, 160, 160, 160, 160, 160, 160, 160, 160, 160, 160], "dobotX": [194.0701141357422], "dobotY": [18.00366973876953], "dobotZ": [154.3460235595703], "diffX": [133.9298858642578], "diffY": [-68.00083367526531], "diffZ": [5.6539764404296875], "diffXYZ": [150.31066215586023], "predictionX": [260.4539009616852], "predictionY": [-15.036263968795538], "predictionZ": [110.64404662017822], "oculusXSynchronized": [328], "oculusYSynchronized": [-49.99716393649578], "oculusZSynchronized": [160], "timestamp": [1590005823.7773638], "oculusTimeStamp": [1590005823.7274356, 1590005823.7781606, 1590005823.8285325, 1590005823.8791924, 1590005823.9296951, 1590005823.9803793, 1590005824.0308285, 1590005824.0815668, 1590005824.1323001, 1590005824.1826477, 1590005824.2329626]}