{"oculusX": [262.66986754398346, 266.3042160556793, 269.4633069322586, 274.4688602970123, 281.24707069854736, 286.5570696876526, 292.0012089298248, 294.9406417892456, 296.97092500190735, 298.09089627723694, 298.8693925426483, 300.7899138019562, 303.41159430007934, 306.13320198516845, 310.5891260192871], "oculusY": [6.64868950843811, 12.338005006313324, 17.079390585422516, 24.516373872756958, 31.25288337469101, 33.81114453077316, 36.203376948833466, 35.81652790307999, 35.191863775253296, 34.201204776763916, 33.461131155490875, 29.610641300678253, 24.981632828712463, 20.33933997154236, 12.738868594169617], "oculusZ": [-11.729772731018066, -13.922627612304687, -15.365656062316894, -18.398101969909668, -23.324902697753906, -27.86784951324463, -32.87142102355957, -35.02481763000488, -36.3627034866333, -37.44786564941406, -38.16002194519043, -38.90019242401123, -40.46839062805176, -42.42199246520996, -45.93544785614014], "dobotX": [259.11981201171875], "dobotY": [0.0], "dobotZ": [-8.568687438964844], "diffX": [51.46931400756836], "diffY": [12.738868594169617], "diffZ": [-37.36676041717529], "diffXYZ": [64.86635369391261], "predictionX": [0.9829206094145775], "predictionY": [0.9896564930677414], "predictionZ": [0.9932030439376831], "oculusXSynchronized": [310.5891260192871], "oculusYSynchronized": [12.738868594169617], "oculusZSynchronized": [-45.93544785614014], "timestamp": [1590011265.283906], "oculusTimeStamp": [1590011265.060642, 1590011265.1110113, 1590011265.161688, 1590011265.2122982, 1590011265.2630792, 1590011265.3133917, 1590011265.3637302, 1590011265.4145193, 1590011265.4652846, 1590011265.515897, 1590011265.5666964, 1590011265.6173117, 1590011265.6680892, 1590011265.7185266, 1590011265.7691329]}