{"oculusX": [259.17073216896057, 258.3604368255615, 267.2597977207184, 261.14012923698425, 252.74693098526, 251.12812843780517, 253.00910201530456, 252.01206531982422, 252.47629609565735, 256.51528563957214], "oculusY": [0.20053982734680176, 16.23644307255745, 27.3105688393116, -26.93643793463707, -56.66796490550041, -63.04806098341942, -74.60547611117363, -78.11680063605309, -81.96547254920006, -86.80110797286034], "oculusZ": [-8.587535067749023, -9.00810544128418, 12.637321308898926, 38.73211558227539, -0.1863795959472654, -36.779936000061035, -29.231126948547363, -27.383502169799804, -27.959044619750976, -9.099062129211426], "dobotX": [259.11981201171875, 259.1707458496094, 259.127197265625, 258.9349060058594, 260.7395324707031, 263.4402160644531, 269.34906005859375, 266.1044616699219, 263.28204345703125, 257.7544250488281], "dobotY": [0.0, 0.20053985714912415, 0.02913603186607361, 5.0663743019104, 8.59207534790039, -27.2785587310791, -105.01626586914062, -22.443950653076172, 49.38301467895508, -25.619577407836914], "dobotZ": [-8.568687438964844, -8.587532043457031, -8.571434020996094, -8.717369079589844, -4.107902526855469, 40.107505798339844, 136.2921142578125, 53.74799346923828, -18.05443572998047, -7.374053955078125], "diffX": [0.0509201572418192, -0.8103090240478537, 8.132600455093382, 2.205223231124876, -7.992601485443117, -12.312087626647951, -16.339958043289187, -14.092396350097658, -10.805747361373903, -1.2391394092559835], "diffY": [0.20053982734680176, 16.035903215408325, 27.281432807445526, -32.00281223654747, -65.2600402534008, -35.76950225234032, 30.410789757966995, -55.67284998297691, -131.34848722815514, -61.18153056502342], "diffZ": [-0.01884762878417945, -0.4205733978271482, 21.20875532989502, 47.449484661865235, 3.9215229309082034, -76.88744179840089, -165.52324120635987, -81.13149563903809, -9.904608889770508, -1.7250081741333005], "predictionX": [259.17073216896057, 259.12719983421266, 258.9349023033865, 260.73956436663866, 272.41144623979926, 263.2774461507797, 240.11902770400047, 256.55649304389954, 247.23392182588577, 252.41465621395037], "predictionY": [0.20053982734680176, 0.02913602627813816, 5.066374108195305, 8.592076607048512, -146.43405801057816, 49.50034761428833, -172.39923667907715, -41.91269302368164, -105.37110543251038, -97.50426936149597], "predictionZ": [-8.587535067749023, -8.571436509490013, -8.717382562346756, -4.107902958989143, 186.98276722431183, -18.17173731327057, -30, -5.032109022140503, -30, -30], "timestamp": [1589135322.1308286, 1589135323.8899627, 1589135325.4064832, 1589135326.9056659, 1589135328.3420053, 1589135329.823342, 1589135331.3189769, 1589135332.7963471, 1589135334.2487137, 1589135335.684685]}