{"oculusX": [237.17196601362474, 236.19974873371913, 235.4640448293619, 234.61130052159953, 233.71989123270262, 233.2135823620581, 232.68906337284457, 232.28416510992952, 231.88536914398077, 231.25888287517705, 230.51328514278225, 230.20905181918567, 230.05819281022931, 230.16862801849314, 229.83114582244266, 229.58575514784775, 229.4085539390219], "oculusY": [7.108172227894814, 9.543506302348339, 11.824086106882044, 14.71139501820648, 17.588697552766494, 20.185778710537782, 23.128067408926853, 26.40636144931265, 28.675522610517405, 32.108684168812005, 35.98737156948474, 39.13587590134641, 42.50934753993877, 45.3812007034875, 46.71576617647741, 48.537812570304865, 50.172441246191866], "oculusZ": [-13.088758631896972, -14.017041369628906, -14.831956072998047, -15.878017588806152, -16.870554133605957, -17.395432635498047, -17.790134593200683, -18.26244179840088, -18.853719874572754, -19.80834786529541, -21.000679179382324, -21.590169116210937, -21.706159754943847, -20.89160267944336, -20.010765238952636, -17.688568278503418, -14.527495547485351], "dobotX": [259.11981201171875], "dobotY": [0.0], "dobotZ": [-8.568687438964844], "diffX": [-29.288666189276086], "diffY": [46.71576617647741], "diffZ": [-11.442077799987793], "diffXYZ": [56.31260889874601], "predictionX": [256.1198], "predictionY": [0], "predictionZ": [-8.5687], "oculusXSynchronized": [229.83114582244266], "oculusYSynchronized": [46.71576617647741], "oculusZSynchronized": [-20.010765238952636], "timestamp": [1590859242.0938883], "oculusTimeStamp": [1590859241.9140863, 1590859241.9656672, 1590859242.016215, 1590859242.0718381, 1590859242.127551, 1590859242.182852, 1590859242.2386172, 1590859242.2949946, 1590859242.3504333, 1590859242.4061308, 1590859242.4563205, 1590859242.5121107, 1590859242.5671995, 1590859242.6226146, 1590859242.677644, 1590859242.7300134, 1590859242.7816412]}