{"oculusX": [240.0632773073286, 239.96604175093267, 239.85530178114038, 239.58513668541613, 239.32605129584087, 239.12931025177718, 238.51639378130233, 238.10345194280296, 237.51949143458796, 237.0058421015646, 236.90176814476948, 236.86464978815738, 236.819260936801, 236.66458121869516, 236.50811591397877, 236.32135066993195, 235.9183702038641, 235.7809733445062, 235.71769523713795, 235.67489297587883, 235.64328472978593, 235.66592406108714, 235.76677797073066, 235.68567997078708, 235.70882027543806, 235.78325558809414, 235.93990273030502, 236.0366089560727, 236.05419842398064, 236.034292813796, 236.154615652631, 236.27354195676435, 236.6009642901771, 236.97372956444582, 237.05110144040285, 237.17286301107578, 237.25116958322968, 237.40855919179663, 237.22397947880907, 237.22060456473218, 237.07668598837114, 236.88640954768084, 236.6864483254695, 236.49504957298745, 236.4080989506501, 235.65980164032592, 235.47469096854778, 235.62134199648895, 235.6333536021397, 235.61990948294888, 235.11390743373065, 234.6120871797597, 233.95754723327488, 233.24590821334021, 232.6217550335966, 232.40916263626266, 232.5206453646894, 232.46578316479471, 232.46913635235217, 232.53665605658514, 233.31057274411242, 233.74251376579144, 233.78153820020344, 233.90141718266457, 234.06743648368686, 234.18601173300647, 234.32038100164255, 234.00361717595868, 233.7665375977776, 233.31787931211747, 232.76660761014264, 231.9185281899925, 231.3371777022078, 230.6361147941452, 230.1391970939881, 230.03233849254838, 229.80619826773415, 229.8375736590952, 229.5292280576536, 229.08570201075787, 228.5841102785189, 228.03110771853662, 227.7022159819435, 227.6469879683377, 227.59756358032877, 227.5452245757122, 227.55213256376825, 227.52367343666236, 227.5226574010658, 227.4676109766035, 227.1062972898317, 227.0675154778271, 227.25318809246727, 227.48515301450712, 227.72893862142598, 228.1346185447982, 228.44984657118835, 228.43742228238656, 229.03228293288876, 229.74237191258877, 230.32770054593894, 231.45752230247453, 232.20378863836746, 232.7485777708806, 233.7354061921315], "oculusY": [-1.567176559686388, -1.7275150330231768, -1.7672541821115446, -2.1043851062113568, -2.6630175169927286, -3.280778278101225, -4.401549695730463, -5.295459120407366, -6.496966889476301, -7.256336169063081, -8.061763060061633, -8.554933763696427, -9.185542716603582, -10.109674612492356, -11.122660596106071, -11.775129738333517, -12.640600849721062, -13.203216901615853, -13.503604191456654, -13.977496489554811, -14.318123597577316, -14.455886672650877, -14.884386312081283, -15.595716496635239, -15.85229377859901, -15.658221499660224, -15.187991409075053, -14.503514514843129, -13.56530738575903, -12.430841783052884, -11.3770532817115, -10.547816957831252, -9.648446708954019, -8.806268551217459, -8.203825573268459, -7.4889028969723475, -6.098431354563943, -5.446961974169319, -4.50410737815419, -2.531475303815783, -1.3627644572203261, -0.44838318787737796, -0.8545485677966848, -1.8428459287942498, -3.618023988855915, -6.531137698873216, -9.032151426753076, -11.764022328634521, -13.326842327483329, -16.323586552861148, -19.047840207537472, -21.432914791178266, -24.473408008548898, -27.364351485016744, -29.601905151574407, -32.43607319710463, -33.98654140599769, -36.4180213130008, -37.610821531859536, -38.02196463171431, -38.34360789864955, -39.11524049969993, -40.79967375472152, -44.22382065732762, -48.42447880531309, -50.81001780892109, -52.37861616108821, -53.011980133362776, -51.184415276191395, -47.61755915205445, -40.74298388093578, -32.372296035549624, -25.200967265098118, -16.1795136228798, -10.102671379629863, -2.7583987360759035, 3.0803753828192035, 7.191634774423662, 11.581582885024616, 15.952985493179673, 18.914847659285606, 23.34028656921806, 27.617428977279136, 31.16896312753131, 35.9919218069417, 40.856018920805965, 44.221746753520414, 48.97759644928954, 53.00498045224402, 58.28757136509942, 64.44773678701762, 70.41018827301681, 73.81604687952735, 78.48559462878578, 81.82031290340002, 86.56881734215165, 91.43308991985728, 94.99561335290142, 100.59085279482917, 106.24363221667969, 110.68656473100314, 117.3407885201542, 122.69559063880806, 126.11698389069056, 131.85412867644467], "oculusZ": [-8.276398822021484, -8.310373469543457, -8.2254964553833, -8.183773204040527, -8.164818927001953, -8.116419955444336, -8.398111506652832, -8.665617152404785, -8.914168521118164, -9.092267199707031, -8.688862963867187, -8.337553187561035, -7.959659739685058, -7.381852313232422, -7.066662951660156, -7.0963460647583005, -7.29316060180664, -7.252510234069824, -7.051046534729004, -6.98023621673584, -6.926472827148437, -6.745513125610351, -6.42340962524414, -6.183441325378418, -5.957062884521484, -5.798514529418945, -5.65129105682373, -5.9040147506713865, -6.3781100952148435, -7.317002459716797, -7.666524096679687, -7.864411517333984, -8.070762797546386, -8.287246867370605, -8.356984301757812, -8.391316577148437, -8.299763842773437, -8.302982493591308, -8.382733508300781, -8.80378071899414, -9.269412203979492, -9.840305491638183, -9.812529727172851, -9.804423495483398, -9.199197932434082, -8.96864716644287, -8.431847735595703, -8.137996836853027, -7.528956576538086, -6.552394076538086, -5.615766688537597, -6.192620440673828, -8.61614529724121, -11.185224696350097, -12.175019427490234, -12.32093159790039, -12.060578509521484, -11.729891940307617, -11.179860278320312, -10.398443385314941, -8.422907038879394, -7.836754962158203, -8.497770472717285, -9.662206813049316, -10.784919902038574, -10.966118022155761, -10.331447764587402, -8.963163539123535, -7.056172534179687, -5.814250155639648, -4.27943055267334, -3.2277662002563474, -2.7709562026977537, -2.6026326858520505, -2.8495151245117185, -2.888973399353027, -3.331478282165527, -3.634985133361816, -4.280741854858398, -4.797394915771484, -5.083258792114258, -5.361612483215332, -5.109842463684082, -4.935796900939941, -4.652674838256836, -4.109557315063476, -3.822978182983398, -3.811653300476074, -4.0053683959960935, -4.276688739013672, -4.588897868347168, -4.3753940307617185, -4.222329302978515, -4.325445338439941, -4.3181735717773435, -3.9079744064331052, -3.8288194381713865, -3.6457139694213865, -2.9030400955200193, -2.1036225997924802, -1.9202787124633787, -1.9974071228027341, -2.0990926467895505, -1.7313319885253904, -1.3138610565185544], "dobotX": [259.1198, 259.1198, 259.1198, 259.1198, 259.1198, 259.1198, 259.1198, 259.1198, 259.1198, 259.1198, 259.1198, 259.1198, 259.1198, 259.1198, 259.1198, 259.1198, 259.1198, 259.1198, 259.1198, 259.1198, 259.1198, 259.1198, 259.1198, 259.1198, 259.1198], "dobotY": [0, 0, 0, 0, 0, 0, 0, 0, 0, 0, 0, 0, 0, 0, 0, 0, 0, 0, 0, 0, 0, 0, 0, 0, 0], "dobotZ": [-8.5687, -8.5687, -8.5687, -8.5687, -8.5687, -8.5687, -8.5687, -8.5687, -8.5687, -8.5687, -8.5687, -8.5687, -8.5687, -8.5687, -8.5687, -8.5687, -8.5687, -8.5687, -8.5687, -8.5687, -8.5687, -8.5687, -8.5687, -8.5687, -8.5687], "diffX": [-19.056522692671393, -19.264498218859615, -19.990489748222814, -22.113957898435388, -23.33882665549379, -23.45387593891286, -23.085507186204012, -22.518835709822895, -21.71124080820337, -22.233390452319156, -22.711701049349898, -23.499890517051114, -26.59915463531061, -25.338261799796555, -25.052363516313136, -25.116182824041317, -29.08746150745162, -30.535689721481106, -31.4728120316623, -31.652189023396488, -31.390861378574016, -30.669953428811652, -29.377428087411232, -27.662277697525468, -25.38439380786849], "diffY": [-1.567176559686388, -1.7672541821115446, -3.280778278101225, -7.256336169063081, -13.203216901615853, -14.455886672650877, -12.430841783052884, -9.648446708954019, -5.446961974169319, -0.44838318787737796, -3.618023988855915, -16.323586552861148, -33.98654140599769, -40.79967375472152, -48.42447880531309, -53.011980133362776, -2.7583987360759035, 18.914847659285606, 31.16896312753131, 58.28757136509942, 81.82031290340002, 91.43308991985728, 106.24363221667969, 117.3407885201542, 131.85412867644467],