{"oculusX": [259.5087203071594, 259.50284924964905, 259.7647818611145, 259.91653528671264, 260.1288172290802, 260.16693439941406, 260.2489205883026, 260.2210554168701, 260.2014752910614, 260.0932034538269, 260.0353869483948, 260.09603467445373], "oculusY": [1.9007474184036255, 2.7105361223220825, 4.463031888008118, 4.489883780479431, 6.183147430419922, 7.145434617996216, 7.169067859649658, 7.437035441398621, 7.314786314964294, 7.259294390678406, 7.304340600967407, 7.258087396621704], "oculusZ": [-9.233291789245605, -8.955057307434082, -8.566673442077636, -8.636947318267822, -8.367593928527832, -8.244033499908447, -8.072193309020996, -7.826383753967285, -7.501776858520508, -7.874484702301025, -7.849629565429687, -7.807965918731689], "dobotX": [251.51773071289062], "dobotY": [-54.87816619873047], "dobotZ": [26.793060302734375], "diffX": [8.578303961563108], "diffY": [62.13625359535217], "diffZ": [-34.601026221466064], "diffXYZ": [71.63611048417877], "predictionX": [259.02031984786987], "predictionY": [3.4235864877700806], "predictionZ": [-8.858318968963623], "oculusXSynchronized": [260.09603467445373], "oculusYSynchronized": [7.258087396621704], "oculusZSynchronized": [-7.807965918731689], "timestamp": [1590005922.411408], "oculusTimeStamp": [1590005922.3541768, 1590005922.404503, 1590005922.4553175, 1590005922.5060933, 1590005922.5567384, 1590005922.607425, 1590005922.6578858, 1590005922.7081668, 1590005922.758937, 1590005922.8093426, 1590005922.8601024, 1590005922.910485]}