{"oculusX": [259.0040477798462, 252.72574153404236, 258.9080544994354, 272.50888076286316, 289.5031484649658, 286.08604398231506, 281.4191195056915, 280.5859657810211, 271.1746605918884, 267.6247569606781, 264.9951490447998, 266.453168062973, 266.03435602645874, 266.6329058692932, 265.5161532447815, 265.5132922218323, 266.06561866264343, 265.7058152244568, 264.9927946613312], "oculusY": [-0.2025701105594635, 9.4028040766716, 56.25947751104832, 41.517216712236404, -33.93704257905483, -117.61601455509663, -107.99613781273365, -19.284242764115334, 13.025585561990738, 7.666289806365967, -31.593741849064827, -43.442001566290855, -45.6447247415781, -43.843453750014305, -41.69263876974583, -40.80216400325298, -42.99592040479183, -47.4789384752512, -46.92822881042957], "oculusZ": [-8.811171694946289, -11.325057192993164, 10.703627423095703, 45.58128531341553, 78.36217100982665, 49.05170615081787, -40.1849109375, -71.29495923156739, -33.75142399902344, -2.7448493682861326, -13.916309519958496, -50.727899714660644, -62.53796403045654, -59.666808291625976, -57.84385983581543, -58.41010396118164, -50.62657181854248, -54.52924553985596, -61.218317195129394], "dobotX": [259.11981201171875, 259.0040283203125, 259.11981201171875, 259.0853576660156, 259.1003723144531, 263.0013427734375, 257.8525695800781, 232.66644287109375, 166.21875, 179.80430603027344, 252.18043518066406, 313.6933898925781, 313.8120422363281, 287.5235900878906, 214.11434936523438, 141.69711303710938, 78.10809326171875, 134.21043395996094, 207.559814453125], "dobotY": [0.0, -0.2025700807571411, 0.0, -0.060258425772190094, -0.03400037810206413, 6.794313907623291, -2.2186756134033203, -46.30428695678711, -162.61390686035156, -138.8333740234375, -12.144712448120117, 95.52870178222656, 95.73628997802734, 49.720096588134766, -78.7779769897461, -205.5395965576172, -316.8479919433594, -218.64373779296875, -90.2494125366211], "dobotZ": [-8.568687438964844, -8.811180114746094, -8.568679809570312, -8.640823364257812, -8.609382629394531, -0.43675994873046875, -11.224998474121094, -16.03307342529297, -28.718063354492188, -23.74420166015625, -1.44097900390625, 17.46988296508789, 17.448780059814453, 16.79529571533203, 14.970436096191406, 13.170242309570312, 11.491569519042969, 6.728355407714844, 0.5008087158203125], "diffX": [-0.11576423187256069, -6.278286786270144, -0.2117575122833273, 13.423523096847532, 30.402776150512693, 23.08470120887756, 23.5665499256134, 47.919522909927366, 104.95591059188843, 87.82045093040466, 12.81471386413574, -47.240221829605105, -47.77768620986939, -20.890684218597414, 51.40180387954712, 123.8161791847229, 187.95752540092468, 131.49538126449585, 57.432980208206175], "diffY": [-0.2025701105594635, 9.605374157428741, 56.25947751104832, 41.577475138008595, -33.90304220095277, -124.41032846271992, -105.77746219933033, 27.020044192671776, 175.6394924223423, 146.49966382980347, -19.44902940094471, -138.97070334851742, -141.38101471960545, -93.56355033814907, 37.08533822000027, 164.7374325543642, 273.85207153856754, 171.16479931771755, 43.32118372619152], "diffZ": [-0.24248425598144507, -2.51387707824707, 19.272307232666016, 54.22210867767334, 86.97155363922118, 49.48846609954834, -28.959912463378906, -55.26188580627442, -5.03336064453125, 20.999352291870117, -12.475330516052246, -68.19778267974854, -79.986744090271, -76.46210400695801, -72.81429593200684, -71.58034627075196, -62.11814133758545, -61.2576009475708, -61.71912591094971], "predictionX": [259.0040477798462, 259.11980166365663, 259.08537187075126, 259.1003722244641, 263.00130149303004, 257.8525290884136, 159.50367353484035, 258.6163496072404, 909.9132763445377, 1255.2452750205994, 3169.9712240695953, 580.6439561247826, -1594.928510427475, -2595.022013902664, -629.5480037927628, 566.8060343265533, 8283.67189335823, 846.271176815033, 4785.420578598976], "predictionY": [-0.2025701105594635, 0.0, -0.060258428449742496, -0.034000376996118575, 6.794313024380244, -2.218675646581687, -174.36797477677464, -0.8806456001475453, 1139.1639185249805, 1743.6189700365067, 5095.138101577759, 562.7629264593124, -3245.3886679410934, -4995.943826198578, -1555.536028623581, 538.5924717187881, 14046.456665992737, 1027.771062374115, 7922.977355480194], "predictionZ": [-8.811171694946289, -8.568698260261073, -8.6408195514814, -8.609393337043002, -0.43675136793171987, -11.22498976890347, -30, -9.621679335832596, 201.24396758526564, 250.39821028709412, 717.3604750335217, -30, -30, -30, -30, -30, 216.44634461775422, 30.86935108155012, 258.2135064601898], "timestamp": [1589135218.1630936, 1589135219.9928813, 1589135221.5253124, 1589135223.028284, 1589135224.5515695, 1589135226.0276165, 1589135227.4969697, 1589135228.9353626, 1589135230.3874514, 1589135231.8506641, 1589135233.3393373, 1589135234.8551493, 1589135236.351119, 1589135237.7829015, 1589135239.2589984, 1589135240.731949, 1589135242.232623, 1589135243.6857696, 1589135245.1616669]}