{"oculusX": [261.81777444343567, 264.5051541612625, 266.03021350364685, 267.3338564918518, 267.9051968143463, 268.7510463283539, 270.0961741493225, 270.78533795337677, 271.3437887714386, 271.806887059021, 272.22911146144867, 272.5637468383789, 272.59684231739044, 272.54616346817016, 272.66710129241943], "oculusY": [-0.6919428706169128, -0.6479248404502869, -1.6929805278778076, -3.8306936621665955, -6.079979240894318, -8.749894797801971, -11.310562491416931, -12.896046042442322, -14.89400863647461, -16.49223268032074, -17.510339617729187, -18.15617084503174, -18.290400505065918, -18.458470702171326, -18.676921725273132], "oculusZ": [-10.615285083007812, -12.671168490600586, -13.573344393920898, -13.73833005065918, -12.848551913452148, -12.295420809936523, -12.26752583618164, -12.2155505859375, -12.16536347503662, -12.185986682128906, -12.272532626342773, -12.37278763885498, -12.423928424072265, -12.476261302185058, -12.461002513122558], "dobotX": [259.11981201171875], "dobotY": [0.0], "dobotZ": [-8.568687438964844], "diffX": [13.547289280700682], "diffY": [-18.676921725273132], "diffZ": [-3.8923150741577146], "diffXYZ": [23.398858276067287], "predictionX": [0.0016929805278778076], "predictionY": [-0.006910413503646851], "predictionZ": [-0.0050046443939208984], "oculusXSynchronized": [272.66710129241943], "oculusYSynchronized": [-18.676921725273132], "oculusZSynchronized": [-12.461002513122558], "timestamp": [1590011259.8682377], "oculusTimeStamp": [1590011259.6294396, 1590011259.6800754, 1590011259.7307777, 1590011259.7812452, 1590011259.8318846, 1590011259.8821545, 1590011259.9327757, 1590011259.9831164, 1590011260.0339253, 1590011260.084248, 1590011260.134527, 1590011260.1848278, 1590011260.2352302, 1590011260.2856567, 1590011260.3359916]}