{"oculusX": [259.29044809799194, 258.9989217803955, 256.6152128265381, 244.95493498306274, 251.41253200035095, 245.07167067985534, 231.68190446357727], "oculusY": [-0.27970224618911743, -6.846494972705841, 8.572854101657867, 79.7575080068782, 110.31956784427166, 81.69195195659995, -2.129264175891876], "oculusZ": [-8.749659701538086, -0.9060460769653318, -10.30665223236084, -29.506381198120117, 84.95635207061767, 134.1159981048584, 80.72632964019775], "dobotX": [259.11981201171875, 259.29046630859375, 258.9989318847656, 256.6152038574219, 249.2084503173828, 246.03477478027344, 251.34593200683594], "dobotY": [0.0, -0.2797022759914398, -6.846495628356934, 8.572853088378906, 53.790252685546875, 84.86799621582031, 110.00434875488281], "dobotZ": [-8.568687438964844, -8.749656677246094, -0.9060516357421875, -10.306632995605469, -22.502578735351562, -10.366317749023438, 83.77577209472656], "diffX": [0.17063608627319127, -0.2915445281982443, -2.383719058227541, -11.660268874359133, 2.2040816829681376, -0.9631041004180929, -19.66402754325867], "diffY": [-0.27970224618911743, -6.566792696714401, 15.419349730014801, 71.18465491849929, 56.529315158724785, -3.1760442592203617, -112.13361293077469], "diffZ": [-0.18097226257324195, 7.843610600280762, -9.400600596618652, -19.199748202514648, 107.45893080596923, 144.48231585388183, -3.0494424545288155], "timestamp": [1589128549.2815423, 1589128551.0005527, 1589128552.45641, 1589128553.9153504, 1589128555.3212833, 1589128556.7267642, 1589128558.119326]}