{"oculusX": [259.2874380634308, 262.021890549469, 263.29084363441467, 266.2591549442291], "oculusY": [-0.47675706446170807, -4.393061622977257, -9.989053010940552, -16.76882803440094], "oculusZ": [-8.421357318115234, -10.183389826965332, -11.71820942993164, -11.066373034667969], "dobotX": [259.11981201171875, 259.2874450683594, 259.11981201171875, 259.1376647949219], "dobotY": [3.6854133078634277e-09, -0.4767569899559021, 0.0, -0.05074110999703407], "dobotZ": [-8.568687438964844, -8.421356201171875, -8.568687438964844, -8.553009033203125], "diffX": [0.16762605171203404, 2.734445481109617, 4.171031622695921, 7.121490149307249], "diffY": [-0.4767570681471214, -3.9163046330213547, -9.989053010940552, -16.718086924403906], "diffZ": [0.1473301208496096, -1.7620336257934568, -3.1495219909667966, -2.5133640014648435], "predictionX": [259.2874380634308, 259.11980035569877, 259.1376419845037, 259.1483035478741], "predictionY": [-0.47675706446170807, 1.0913481229835043e-10, -0.0507411016151309, -0.08104773983359337], "predictionZ": [-8.421357318115234, -8.568699628034551, -8.553018693812191, -8.543647435028106], "timestamp": [1589134897.1922774, 1589134899.0154233, 1589134900.487778, 1589134902.028992]}