{"oculusX": [328, 328, 328, 328, 328, 328, 328, 328, 328, 328, 328, 328, 328, 328, 328, 328, 328, 328, 328, 328, 328, 328, 328, 328, 328, 328, 328, 328, 328, 328, 328, 328, 328, 328, 328, 328, 328, 328, 328, 328, 328, 328, 328, 328, 328, 328, 328, 328, 328, 328, 328, 328, 328, 328, 328, 328, 328, 328, 328, 328, 328, 328, 328, 328, 328, 328, 328, 328, 328, 328, 328, 328, 328, 328, 328, 328, 328, 328, 328, 328, 328, 328, 328, 328, 328, 328, 328, 328, 328, 328, 328, 328, 328, 328, 328, 328, 328, 328, 328, 328, 328, 328, 328, 328, 328, 328, 328, 328, 328, 328, 328, 328, 328, 328, 328, 328, 328, 328, 328, 328, 328, 328, 328, 328, 328, 328, 328, 328, 328, 328, 328, 328, 328, 328, 328, 328, 328, 328, 328, 328, 328, 328, 328, 328, 328, 328, 328, 328, 328, 328, 328, 328, 328, 328, 328, 328, 328, 328, 328, 328, 328, 328, 328, 328, 328, 328, 328, 328, 328, 328, 328, 328, 328, 328, 328, 328, 328, 328, 328, 328, 328, 328, 328, 328, 328, 328, 328, 328, 328, 328, 328, 328, 328, 328, 328, 328, 328, 328, 328, 328, 328, 328, 328, 328, 328, 328, 328, 328, 328, 328, 328, 328, 328, 328, 328, 328, 328, 328, 328, 328, 328, 328, 328, 328, 328, 328, 328, 328, 328, 328, 328, 328], "oculusY": [38.86900935322046, 26.47291583707556, 12.572607956826687, 1.9690636545419693, -5.3549036383628845, -10.360512882471085, -8.612755686044693, -12.672152370214462, -18.415391445159912, -28.404779732227325, -31.550362706184387, -42.13929921388626, -52.08691954612732, -63.164688646793365, -67.03978776931763, -71.19487971067429, -71.35242968797684, -68.1464821100235, -64.3901452422142, -60.11665612459183, -53.117766976356506, -47.4257618188858, -43.385572731494904, -39.97361660003662, -38.421422243118286, -38.85851055383682, -38.67262601852417, -39.23160582780838, -40.63730686903, -42.45547950267792, -42.78731346130371, -40.81210494041443, -37.137292325496674, -34.01762619614601, -28.405264019966125, -22.31571450829506, -17.294198274612427, -11.30550354719162, -6.951749324798584, -5.362547934055328, -5.1163844764232635, -6.74806535243988, -9.469427168369293, -13.780906796455383, -15.95965027809143, -19.421525299549103, -22.94629067182541, -25.06115287542343, -26.90979838371277, -28.936777263879776, -31.46268054842949, -36.293305456638336, -40.43017327785492, -46.2997704744339, -51.05065554380417, -53.848229348659515, -56.44062161445618, -60.274749994277954, -64.0498474240303, -68.60572099685669, -70.81891596317291, -74.11939650774002, -79.06268537044525, -82.21475780010223, -86.26610785722733, -88.46568316221237, -89.59107846021652, -89.19209986925125, -87.47101575136185, -84.78415757417679, -81.38863742351532, -78.24094593524933, -72.96767085790634, -65.45435637235641, -60.41679531335831, -53.18041145801544, -48.823900520801544, -42.21448302268982, -36.21523827314377, -32.31315687298775, -28.69650349020958, -26.73770859837532, -26.45489200949669, -27.199793606996536, -29.70491722226143, -32.41010755300522, -37.25656121969223, -40.55159538984299, -45.595310628414154, -49.80026185512543, -53.89026552438736, -59.06573683023453, -64.17062133550644, -67.17903912067413, -70.74563950300217, -73.06184619665146, -75.34003257751465, -77.83231884241104, -79.65845614671707, -84.18462425470352, -88.50468695163727, -91.71195328235626, -95.70525586605072, -97.92665392160416, -101.72735899686813, -106.00658506155014, -109.32276397943497, -111.55349761247635, -112.39319294691086, -113.41943591833115, -113.0940243601799, -112.98347264528275, -112.41818219423294, -112.05188184976578, -112.13337630033493, -111.91364377737045, -111.27326637506485, -110.80055683851242, -108.02815109491348, -101.69976204633713, -96.31695598363876, -86.99408918619156, -81.17597550153732, -70.43618708848953, -61.40004098415375, -57.70130455493927, -49.77884888648987, -43.12341660261154, -39.17279094457626, -36.84971481561661, -34.50026735663414, -34.243155270814896, -37.10685670375824, -39.61056470870972, -46.107590198516846, -52.75660753250122, -58.55058133602142, -64.17959183454514, -68.8740462064743, -71.30734622478485, -74.0884616971016, -76.07387006282806, -78.43691855669022, -80.43815195560455, -82.08397030830383, -85.64235270023346, -90.7016396522522, -95.59210389852524, -102.97586768865585, -108.88896137475967, -113.14605921506882, -117.11166054010391, -117.81642585992813, -119.65266615152359, -120.662622153759, -121.31095677614212, -121.46074324846268, -122.08765000104904, -122.66508489847183, -121.97243422269821, -119.98335272073746, -116.6677251458168, -112.26721853017807, -107.39671438932419, -98.51463884115219, -89.81145918369293, -84.54516530036926, -78.34513485431671, -74.33675229549408, -69.92872804403305, -66.97691977024078, -63.26352059841156, -58.66210162639618, -53.55893075466156, -50.40045082569122, -44.71512883901596, -39.857953786849976, -36.922819912433624, -34.73012149333954, -34.04516354203224, -33.4026925265789, -33.21150317788124, -33.620063215494156, -35.65464913845062, -38.76681625843048, -40.968723595142365, -45.27905583381653, -48.3679473400116, -49.95919018983841, -51.276303827762604, -52.60470509529114, -53.53972315788269, -56.712307035923004, -59.6671998500824, -64.78056311607361, -69.08982992172241, -72.59345054626465, -76.8260583281517, -81.8026214838028, -87.08252012729645, -91.70983731746674, -95.76944261789322, -100.70516914129257, -104.02553528547287, -106.44068568944931, -106.93193227052689, -106.48956149816513, -105.26744276285172, -103.1060740351677, -100.68235546350479, -96.91189974546432, -92.85325556993484, -89.80760723352432, -85.53732931613922, -79.76725697517395, -75.3144770860672, -68.88558715581894, -64.5698606967926, -59.312015771865845, -54.03215438127518, -50.981298089027405, -43.02370548248291, -25.448333472013474, -11.48860901594162, 9.667366743087769, 33.47759786993265, 49.60475116968155, 67.89443269371986, 78.88829335570335, 84.90496128797531, 84.21739563345909, 83.40966701507568], "oculusZ": [160, 160, 160, 160, 160, 160, 160, 160, 160, 160, 160, 160, 160, 160, 160, 160, 160, 160, 160, 160, 160, 160, 160, 160, 160, 160, 160, 160, 160, 160, 160, 160, 160, 160, 160, 160, 160, 160, 160, 160, 160, 160, 160, 160, 160, 160, 160, 160, 160, 160, 160, 160, 160, 160, 160, 160, 160, 160, 160, 160, 160, 160, 160, 160, 160, 160, 160, 160, 160, 160, 160, 160, 160, 160, 160, 160, 160, 160, 160, 160, 160, 160, 160, 160, 160, 160, 160, 160, 160, 160, 160, 160, 160, 160, 160, 160, 160, 160, 160, 160, 160, 160, 160, 160, 160, 160, 160, 160, 160, 160, 160, 160, 160, 160, 160, 160, 160, 160, 160, 160, 160, 160, 160, 160, 160, 160, 160, 160, 160, 160, 160, 160, 160, 160, 160, 160, 160, 160, 160, 160, 160, 160, 160, 160, 160, 160, 160, 160, 160, 160, 160, 160, 160, 160, 160, 160, 160, 160, 160, 160, 160, 160, 160, 160, 160, 160, 160, 160, 160, 160, 160, 160, 160, 160, 160, 160, 160, 160, 160, 160, 160, 160, 160, 160, 160, 160, 160, 160, 160, 160, 160, 160, 160, 160, 160, 160, 160, 160, 160, 160, 160, 160, 160, 160, 160, 160, 160, 160, 160, 160, 160, 160, 160, 160, 160, 160, 160, 160, 160, 160, 160, 160, 160, 160, 160, 160, 160, 160, 160, 141.70933182601928, 100.92765505676269, 78.65393574600219], "dobotX": [259.11981201171875, 252.7284698486328, 201.0931396484375, 133.81581115722656, 66.53849792480469, 22.729639053344727, 26.366979598999023, 77.45963287353516, 144.02992248535156, 195.79542541503906, 195.8251190185547, 195.8568878173828, 195.8568878173828], "dobotY": [0.0, 4.111529350280762, 37.32835006713867, 80.60758972167969, 123.88682556152344, 152.06890869140625, 157.3688201904297, 186.22276306152344, 223.81744384765625, 253.05128479003906, 253.06805419921875, 253.08616638183594, 253.08616638183594], "dobotZ": [-8.568687438964844, -8.490959167480469, -7.862861633300781, -7.04449462890625, -6.22613525390625, -5.6932220458984375, -7.898681640625, -25.980392456054688, -49.539642333984375, -67.66432189941406, -67.64344787597656, -67.62723541259766, -67.62723541259766],