{"oculusX": [240.15840148995352, 240.1393343151022, 240.26610961987424, 240.56011993686968, 240.57121945526495, 240.6409167080971, 240.70642079281677, 240.8259000225427, 240.90715553729902, 241.1860923407182, 241.44246410133775, 241.5527943980029, 241.6645413153076, 241.43519803674204, 241.51258515249245, 241.87896264309308, 242.5886735436885, 242.95774550922224, 243.24346287707314, 243.9271383218551, 245.47397836844502, 247.30313546503072, 250.4843128675855, 251.8198170711092, 253.01077922938148, 253.847960870715, 253.35473409574195, 252.00303586381045, 251.52837877363, 251.62011576721292, 252.28353062016188, 253.32654901738442, 253.99091559426108, 255.59744733998275, 256.5468031160966, 256.86642978391774, 256.6996748448138, 255.99913809352205, 255.39405687198138, 254.87708373662508, 254.800024582697, 255.09304440357764, 255.4996446228956, 255.9569447344675, 256.49165735810834, 257.24129846060373, 257.7160053410783, 258.3470905397993, 259.0728875805906, 259.5379035294312, 259.7653362020967, 259.94081946504315, 260.07211092421545, 260.0453860828487, 260.2981524695665, 260.5715893561284, 261.05407837256223, 261.2132898268409, 260.72331277380255, 260.7154431722545, 260.4071685191617, 260.15975858503447, 260.01105637411354, 259.8122107326525, 259.6360955652916, 259.63609306808775, 259.5658923792251, 259.45411890140673, 259.4180734916553, 259.24612944894994, 258.7568037239676, 258.66959826119194, 258.6309626906327, 258.2986755916722, 257.9846388939194, 257.57048495923, 256.97868739973285, 256.66181574652217, 256.33715757652226, 256.1984510471105, 256.43379644356486, 257.2782246817317, 260.3232762419452, 263.4601019296465, 266.638730016452, 268.42799332807215, 269.2158137619328, 269.1738548626214, 268.123906236634, 266.32267099428964, 264.3578939852312, 261.92131739849276, 259.26411217975874, 257.3312721591498, 255.2649747549496, 253.73958457667345, 252.98761600548022, 252.15687697324555, 251.71866262574886, 251.21938587111455, 250.6616061093528, 250.10463881307174, 249.33743634693414], "oculusY": [0.4305144694226944, 0.4972593831937549, 0.1555613842018767, -0.31107559622304604, -0.42767823987518516, -0.18090805085544487, 0.11955115013312252, -0.14452049532224195, -0.27621287048328164, -0.2541184630290417, -0.20753933104489047, -0.32310728949893475, -0.05621321018152157, 0.018732386456233794, 0.5790922230955711, 1.0527954328254492, 2.0397344990308928, 2.191044274379271, 2.0374953963995694, 1.5920960294235083, 0.6825841060457766, 0.09396343915468228, -1.023531813087464, -2.331943620303156, -3.8272789154293614, -5.619102922120249, -6.6094060808304915, -7.545456648887314, -8.650485296076269, -10.010329229482132, -11.439349136129367, -13.091243809174943, -14.20821574986738, -17.091248440096283, -19.74289055660989, -21.049624258832274, -22.015576476193242, -22.895476537182955, -23.459288050383513, -24.49336731723637, -25.126423658555908, -25.66902933421, -26.325595211260868, -26.51429170093853, -26.561635124685967, -26.366137142594855, -26.396790382534657, -26.133982763510712, -25.229520426424493, -24.31808412655426, -22.446642043828295, -21.225545749816895, -18.66597019157658, -17.121597625994767, -14.948652184566397, -12.240141604999343, -9.76340028953475, -7.883684610950145, -4.7165887531597575, -2.969002052819283, -1.9101163494052595, -0.803422182875508, 0.44475763365639237, 1.345120798794347, 1.8438804955831756, 2.4554114266311573, 3.0408364263421737, 3.7653537132284214, 4.324132612481648, 4.679547931963749, 5.4510558941839955, 6.284723310928166, 6.982485717891231, 8.014356504524839, 8.573972729543424, 9.194011086096245, 9.615756570205674, 9.800785420472977, 9.959721462342806, 10.079121502748867, 10.035210501960131, 10.218164006633822, 10.152435567849796, 9.482066830677843, 8.1847755477053, 6.990554489382605, 5.217148255113661, 3.5914347424090303, -0.16557811235743, -3.2991656504694156, -5.7744484088709624, -8.497399809740175, -11.245515115164864, -12.863494213003143, -14.719306961243042, -16.2229973320303, -16.953334294025005, -17.546047589024028, -17.970220356817446, -18.814660899555268, -19.797996748634922, -20.55309382694755, -21.38267510837537], "oculusZ": [-8.860524340820312, -8.765037699890136, -8.674677058410644, -8.568342372131347, -8.588131114196777, -8.717473193359375, -8.859689875793457, -8.909280940246582, -8.960302516174316, -9.351785823059082, -9.503300830078125, -9.51939408416748, -9.632523699951172, -9.614284678649902, -9.750660105895996, -10.077412768554687, -10.988052531433105, -11.910970851135254, -12.369211360168457, -12.888248606872558, -13.949330493164062, -15.306647463989258, -17.192538424682617, -17.64601056213379, -18.059070750427246, -18.47022359008789, -17.614896937561035, -15.735204859924316, -14.65230767364502, -13.907607241821289, -13.695533915710449, -13.641174479675293, -13.510282679748535, -13.636644526672363, -13.746793910217285, -13.752754374694824, -13.15253560180664, -12.219246073913574, -11.52580563659668, -10.913308306884765, -10.847623988342285, -10.928447886657715, -11.171515628051758, -11.43115346069336, -11.785920306396484, -12.288029833984375, -12.666757746887207, -13.325150653076172, -14.114196940612793, -14.674957438659668, -15.354927226257324, -15.77239815826416, -16.45880524749756, -16.897614642333984, -17.891343280029297, -18.81032769317627, -19.91539780731201, -20.599182292175293, -20.946081324768066, -21.27164189453125, -21.54010121459961, -21.90047089691162, -22.073801203918457, -22.27121178741455, -22.412117167663574, -22.71526639099121, -22.814686938476562, -22.89050404663086, -22.898729487609863, -22.703345462036133, -22.583063288879394, -22.645648165893554, -22.76068513031006, -22.828634425354004, -22.94879738922119, -23.163016482543945, -23.129399462890625, -23.11950509185791, -22.90874306793213, -22.91041199798584, -23.26589409942627, -24.05350987548828, -26.47810761566162, -28.268750354003906, -29.887612506103515, -30.66211526031494, -30.76725785369873, -29.928739710998535, -27.34022919769287, -24.509127780151367, -21.904285594177246, -18.931563540649414, -15.98137204284668, -14.028485461425781, -11.839206858825683, -10.069306536865234, -9.239848300170898, -8.354600115966797, -7.931287928771972, -7.332976504516601, -6.599124118041992, -5.904372378540039, -5.009587451171875], "dobotX": [259.11981201171875, 240.33106994628906, 256.5468444824219, 260.0110168457031], "dobotY": [0.0, 0.43687212467193604, -19.742897033691406, 0.44475746154785156], "dobotZ": [-8.568687438964844, -9.004417419433594, -13.746803283691406, -22.07379913330078], "diffX": [-17.567017613715848, 17.384935394789238, 1.4377944114975207, -10.673580498768985], "diffY": [-0.32310728949893475, -26.833662507206594, 28.31686976323483, -21.82743256992322], "diffZ": [-0.9507066452026365, -3.662340327453613, -9.201994105529785, 17.064211682128906], "diffXYZ": [17.595691213656902, 32.18220251794077, 29.80921101733391, 29.690898497532057], "predictionX": [240.33108189728253, 256.5468031160966, 260.01105637411354, 261.92131739849276], "predictionY": [0.43687215765964005, -19.74289055660989, 0.44475763365639237, -8.497399809740175], "predictionZ": [-9.004409953308105, -13.746793910217285, -22.073801203918457, -18.931563540649414], "oculusXSynchronized": [241.5527943980029, 257.7160053410783, 257.9846388939194, 249.33743634693414], "oculusYSynchronized": [-0.32310728949893475, -26.396790382534657, 8.573972729543424, -21.38267510837537], "oculusZSynchronized": [-9.51939408416748, -12.666757746887207, -22.94879738922119, -5.009587451171875], "timestamp": [1590333307.3340733, 1590333309.4996324, 1590333311.2206123, 1590333312.906385],