{"oculusX": [259.53606393795013], "oculusY": [0.4309937357902527], "oculusZ": [-8.681173964691162], "dobotX": [259.11981201171875], "dobotY": [0.0], "dobotZ": [-8.568687438964844], "diffX": [0.4162519262313822], "diffY": [0.4309937357902527], "diffZ": [-0.11248652572631812], "timestamp": [1589132598.266016]}