{"oculusX": [259.0592416809082, 3.323335278605077e-07, -4.498123865727401e+35, 2.165612886495888e+35, 3.4878786842112505e+34, 2.8798346142698747e+35], "oculusY": [-0.14969706535339355, 0.0, 1.1118233758720333e+36, 7.182437740782658e+36, -2.309631681216498e+37, 1.2492405051512086e+37], "oculusZ": [-8.610304042053222, -1.0989750255414074e-08, 3.388585710199924e+35, 2.0857912897517006e+36, -6.731386977807805e+36, 3.6307461704042234e+36], "dobotX": [259.11981201171875, 259.0592346191406, 200.09181213378906, 110.14148712158203, 110.14148712158203, 110.14148712158203], "dobotY": [0.0, -0.14969708025455475, -0.11562281101942062, -0.0636451244354248, -0.0636451244354248, -0.0636451244354248], "dobotZ": [-8.568687438964844, -8.610305786132812, -6.650428771972656, -3.6607513427734375, -3.6607513427734375, -3.6607513427734375], "diffX": [-0.06057033081054897, -259.0592342868071, -4.498123865727401e+35, 2.165612886495888e+35, 3.4878786842112505e+34, 2.8798346142698747e+35], "diffY": [-0.14969706535339355, 0.14969708025455475, 1.1118233758720333e+36, 7.182437740782658e+36, -2.309631681216498e+37, 1.2492405051512086e+37], "diffZ": [-0.04161660308837867, 8.610305775143063, 3.388585710199924e+35, 2.0857912897517006e+36, -6.731386977807805e+36, 3.6307461704042234e+36], "timestamp": [1589132796.331205, 1589132798.1893058, 1589132799.6890001, 1589132801.2649214, 1589132802.7355685, 1589132804.231136]}