{"oculusX": [259.3300255821228], "oculusY": [0.9825825691223145], "oculusZ": [-8.364017649841308], "dobotX": [259.11981201171875], "dobotY": [0.0], "dobotZ": [-8.568687438964844], "diffX": [0.21021357040405064], "diffY": [0.9825825691223145], "diffZ": [0.2046697891235354], "timestamp": [1589132504.103035]}