{"oculusX": [241.93110194664, 240.04014459114074, 236.93137493591308, 236.33690801124573, 237.08518472175598, 238.68533101539612, 239.2620357559204, 239.8639532611847, 241.52263131599426, 243.01662173728943, 243.6994227455139, 243.0462452457428, 242.10592236976623, 240.7169553325653, 238.25412121276855, 235.56768026809692, 231.75000277023315, 229.3249281929016, 227.23650064926147, 227.29452577095032, 229.34364405136108, 232.43220773200989, 234.2971476600647, 236.36113729934692, 238.85982361297607, 239.95276418190002, 239.97085419158935, 239.62112393836975, 238.9566215560913, 237.9374715373993, 237.04453435401916, 236.64422955970764, 236.15487542610168, 235.9484645412445, 235.8125659511566, 235.43362942199707, 235.13426509361267, 234.39200845222473, 233.9517387435913, 233.58666029434204, 233.06786146621704, 232.3542150543213, 231.00813355903625, 227.35737886886596, 225.2583416984558, 221.06771793823242, 210.64101782302856], "oculusY": [19.096363335847855, 18.10455322265625, 11.930782347917557, 10.181140154600143, 7.624618709087372, 13.578645884990692, 15.319805592298508, 18.36574077606201, 19.47428658604622, 24.200689047574997, 29.561419039964676, 37.37907484173775, 38.62243518233299, 40.899140760302544, 40.87068326771259, 38.254519924521446, 32.85529464483261, 27.28205919265747, 20.569078624248505, 14.951106160879135, 9.552378207445145, 1.2562945485115051, -8.34384560585022, -13.586610555648804, -23.23584258556366, -28.180263936519623, -33.49512815475464, -35.89840233325958, -36.947108805179596, -37.21257299184799, -36.60651296377182, -36.439940333366394, -38.00508379936218, -42.04536974430084, -45.923277735710144, -49.41809922456741, -50.46256631612778, -50.962477922439575, -50.41063576936722, -49.88952726125717, -47.791846096515656, -44.86950486898422, -38.43202441930771, -26.221178472042084, -12.327603995800018, 12.484144419431686, 45.49168422818184], "oculusZ": [21.26855070953369, 26.611630276489258, 35.922114208984375, 39.047066525268555, 38.252178982543946, 35.75331385498047, 34.25342257385254, 33.13035185699463, 29.95533163909912, 26.75384695892334, 23.71412928466797, 23.136917904663086, 25.032107189941406, 29.174510792541504, 34.69306643371582, 40.26896174316406, 47.511045292663574, 51.86874087219238, 55.95452006225586, 56.989852742004395, 56.37604411010742, 55.31865771179199, 56.173626736450196, 56.307856396484375, 56.323115185546875, 56.753579930114746, 57.95652087097168, 59.0507429397583, 60.15962775115967, 61.3550585067749, 62.280122593688965, 62.7886694229126, 63.972298458862305, 65.66828902130126, 66.97065050964355, 68.3605116165161, 68.92627890472411, 69.30298025970458, 69.59861929779052, 69.80365927581786, 70.06305868988036, 70.31256373291015, 71.08372862701415, 72.46882136230468, 70.66077406768798, 63.088957623291016, 46.64367850189209], "dobotX": [259.11981201171875, 259.11981201171875, 259.11981201171875], "dobotY": [0.0, 0.0, 0.0], "dobotZ": [-8.568687438964844, -8.568687438964844, -8.568687438964844], "diffX": [-20.865690798950197, -22.075277657699587, -48.47879418869019], "diffY": [40.87068326771259, -36.60651296377182, 45.49168422818184], "diffZ": [43.261753872680664, 70.8488100326538, 55.212365940856934], "diffXYZ": [63.06638685882899, 82.74604859492923, 86.41812409843834], "predictionX": [327.9880692176521, 327.97943092137575, 328.0459232777357], "predictionY": [-315.9778115749359, -315.96811670064926, -315.97669276595116], "predictionZ": [153.04449081420898, 153.06452322006226, 153.07553935050964], "oculusXSynchronized": [238.25412121276855, 237.04453435401916, 210.64101782302856], "oculusYSynchronized": [40.87068326771259, -36.60651296377182, 45.49168422818184], "oculusZSynchronized": [34.69306643371582, 62.280122593688965, 46.64367850189209], "timestamp": [1590319840.7462375, 1590319841.541439, 1590319842.335047], "oculusTimeStamp": [1590319840.5022714, 1590319840.5528674, 1590319840.6035633, 1590319840.6543353, 1590319840.7047749, 1590319840.7555656, 1590319840.8058794, 1590319840.8566494, 1590319840.907055, 1590319840.9574203, 1590319841.0078607, 1590319841.058147, 1590319841.1086287, 1590319841.1590078, 1590319841.2094824, 1590319841.2599137, 1590319841.3105838, 1590319841.3617263, 1590319841.4119644, 1590319841.4627953, 1590319841.5131822, 1590319841.5639553, 1590319841.6143835, 1590319841.6647253, 1590319841.7150028, 1590319841.765469, 1590319841.816206, 1590319841.8669646, 1590319841.9173713, 1590319841.9678507, 1590319842.0182788, 1590319842.0688996, 1590319842.1195598, 1590319842.1703312, 1590319842.2209482, 1590319842.2713807, 1590319842.3218431, 1590319842.3726394, 1590319842.4234204, 1590319842.4739242, 1590319842.5243566, 1590319842.5751278, 1590319842.6255474, 1590319842.6760492, 1590319842.7265425, 1590319842.7770927, 1590319842.8275154]}