{"oculusX": [328, 328, 328, 328, 328, 328, 328, 328, 328, 328, 328, 328, 328, 328, 328, 328, 328, 328, 328, 328, 328, 328, 328, 328, 328, 328, 328, 328, 328, 328, 328, 328, 328, 328, 328, 328, 328, 328, 328, 328, 328, 328, 328, 328, 328, 328, 328, 328, 328, 328, 328, 328, 328, 328, 328, 328, 328, 328, 328, 328, 328, 328, 328, 328, 328, 328, 328, 328, 328, 328, 328, 328, 328, 328, 328, 328, 328, 328, 328, 328, 328, 328, 328, 328, 328, 328, 328, 328, 328, 328, 328, 328, 328, 328, 328, 328, 328, 328, 328, 328, 328, 328, 328, 328, 328, 328, 328, 328, 328, 328, 328, 328, 328, 328, 328, 328, 328, 328, 328, 328, 328, 328, 328, 328, 328, 328, 328, 328, 328, 328, 328, 328, 328, 328, 328, 328, 328, 328, 328, 328, 328, 328, 328, 328, 328, 328, 328, 328, 328, 328, 328, 328, 328, 328, 328, 328, 328, 328, 328, 328, 328, 328, 328, 328, 328, 328, 328, 328, 328, 328, 328, 328, 328, 328, 328, 328, 328, 328, 328, 328, 328, 328, 328, 328, 328, 328, 328, 328, 328, 328, 328, 328, 328, 328, 328, 328, 328, 328, 328, 328, 328, 328, 328, 328, 328, 328, 328, 328, 328, 328, 328, 328, 328, 328, 328, 328, 328, 328, 328, 328, 328, 328, 328, 328, 328, 328, 328, 328, 328, 328, 328, 328, 328, 328], "oculusY": [7.776506245136261, 11.94332167506218, 15.383664518594742, 17.131388187408447, 16.722118481993675, 16.900381073355675, 17.257854342460632, 16.344912350177765, 16.444185748696327, 16.680624336004257, 16.3199994713068, 15.078302472829819, 11.912859976291656, 7.370740175247192, 3.5683363676071167, -1.497797667980194, -6.069928407669067, -8.356042206287384, -9.851247072219849, -10.782387107610703, -11.063143610954285, -11.04457676410675, -10.935064405202866, -10.780427604913712, -10.514892637729645, -10.028209537267685, -8.42583179473877, -6.6899992525577545, -5.976345390081406, -4.436347633600235, -2.8719455003738403, -0.4220642149448395, 2.6780329644680023, 5.497928708791733, 8.494563400745392, 10.759048163890839, 12.821115553379059, 15.848048031330109, 19.206233322620392, 21.278394386172295, 24.30141158401966, 25.728575885295868, 26.946622878313065, 28.325462713837624, 29.012959450483322, 28.04095298051834, 25.922751054167747, 24.141734465956688, 21.316472440958023, 18.602613359689713, 16.18199422955513, 13.713914901018143, 12.274503707885742, 10.816287249326706, 9.094588458538055, 7.635083049535751, 6.4619965851306915, 5.043577402830124, 3.499705344438553, 0.8543059229850769, -1.4777220785617828, -4.126850515604019, -7.566545158624649, -9.322978556156158, -10.107643902301788, -14.339078217744827, -17.572220414876938, -22.242050617933273, -25.36735311150551, -28.84487435221672, -32.45482221245766, -35.14973446726799, -37.51359507441521, -40.09151831269264, -40.7077930867672, -40.3253547847271, -40.731336921453476, -40.19474610686302, -39.07622769474983, -37.69459202885628, -34.43319723010063, -30.444268137216568, -27.809660881757736, -23.781243711709976, -18.82443204522133, -14.251884073019028, -6.685405969619751, -0.7283464074134827, 6.19109719991684, 13.195034116506577, 17.74870790541172, 22.36189693212509, 25.00372752547264, 27.144623920321465, 28.88643555343151, 30.346051789820194, 29.864794574677944, 27.674928307533264, 24.350007995963097, 21.321119740605354, 17.601236701011658, 14.814082533121109, 11.719360947608948, 8.559692651033401, 4.446167498826981, 0.6759800016880035, -1.7114989459514618, -3.307737410068512, -7.423236966133118, -7.951922714710236, -10.168924927711487, -13.381317257881165, -15.929646790027618, -20.48143371939659, -22.451769560575485, -25.011230260133743, -26.61364898085594, -25.18567070364952, -27.68946811556816, -31.42831102013588, -35.150621086359024, -38.62864151597023, -40.195804089307785, -40.03051295876503, -39.22625258564949, -38.18775340914726, -36.807578057050705, -33.89739617705345, -31.559322029352188, -28.57525274157524, -26.698920875787735, -26.468928903341293, -25.85999295115471, -27.15517207980156, -26.721280068159103, -24.591121822595596, -22.97741547226906, -20.62803879380226, -15.74200764298439, -12.776900082826614, -6.488814949989319, -0.38779526948928833, 4.424393177032471, 9.211357682943344, 14.142386615276337, 21.4786808937788, 30.457944609224796, 37.57299575954676, 43.5241898521781, 45.41450946999248, 46.19642440229654, 45.706240518484265, 45.014210510998964, 43.33168733865023, 38.02784904837608, 32.26161003112793, 23.056285455822945, 12.370970100164413, 4.876859486103058, -4.804413765668869, -10.602343827486038, -17.62193813920021, -24.47415515780449, -29.4979028403759, -36.28252074122429, -42.549017816782, -46.928856521844864, -52.86315456032753, -57.50126764178276, -60.2123998105526, -61.35426089167595, -60.27853861451149, -58.37930366396904, -55.32233789563179, -52.308496087789536, -47.49033972620964, -41.534703224897385, -39.63661566376686, -37.07693889737129, -34.103695303201675, -30.02244606614113, -23.67362007498741, -18.87713000178337, -12.244965881109238, -7.778037339448929, -6.861396133899689, -8.990995585918427, -14.658603817224503, -19.96034011244774, -27.940664440393448, -34.61417928338051, -42.76588931679726, -50.842415541410446, -55.49973621964455, -59.08452346920967, -60.646433383226395, -59.52926352620125, -56.322287768125534, -52.2509403526783, -48.05813357234001, -42.384061962366104, -38.39481994509697, -32.45161101222038, -24.1030715405941, -18.397580832242966, -10.513179004192352, -4.073057323694229, 0.41883811354637146, 6.499379873275757, 11.622320860624313, 21.85380831360817, 30.105899088084698, 35.651788115501404, 40.53963394835591, 43.41192520223558, 46.176830830518156, 50.700074061751366, 54.18203491717577, 57.004175148904324, 56.65998440235853, 53.64555213600397, 50.59592751786113, 43.58875087928027, 40.09628761559725, 35.06104554980993, 29.64860573410988, 25.878792628645897, 19.663522019982338, 13.049408793449402, 7.422953844070435, 0.9894296526908875, -2.3099593818187714, -8.618682622909546, -13.880986720323563],