{"oculusX": [258.77787795524597], "oculusY": [0.18107518553733826], "oculusZ": [-8.25589482421875], "dobotX": [259.11981201171875], "dobotY": [0.0], "dobotZ": [-8.568687438964844], "diffX": [-0.3419340564727804], "diffY": [0.18107518553733826], "diffZ": [0.312792614746094], "timestamp": [1589132662.217824]}