{"oculusX": [259.1198, 269.53174796562195, 267.657420306015, 259.94243350486755, 259.50940576057434, 249.7371050403595], "oculusY": [0.0, -22.691063582897186, -34.714289009571075, -5.767762660980225, -25.339707732200623, -19.949279725551605], "oculusZ": [-8.5687, -8.110936328125, -2.4370509826660154, 18.343869999694824, 15.176717594909668, 8.814517811584473], "dobotX": [259.11981201171875, 259.11981201171875, 269.53173828125, 267.6574401855469, 259.9424743652344, 259.5094299316406], "dobotY": [0.0, 0.0, -22.69106101989746, -34.71429443359375, -5.767763614654541, -25.339710235595703], "dobotZ": [-8.568687438964844, -8.568687438964844, -8.110931396484375, -2.4370498657226562, 18.343856811523438, 15.176727294921875], "diffX": [-1.2011718752091838e-05, 10.411935953903196, -1.8743179752349874, -7.715006680679323, -0.43306860466003627, -9.77232489128113], "diffY": [0.0, -22.691063582897186, -12.023227989673615, 28.946531772613525, -19.57194411754608, 5.390430510044098], "diffZ": [-1.2561035156011258e-05, 0.457751110839844, 5.67388041381836, 20.78091986541748, -3.1671392166137693, -6.362209483337402], "predictionX": [259.1198, 269.53174796562195, 267.657420306015, 259.94243350486755, 259.50940576057434, 249.7371050403595], "predictionY": [0.0, -22.691063582897186, -34.714289009571075, -5.767762660980225, -25.339707732200623, -19.949279725551605], "predictionZ": [-8.5687, -8.110936328125, -2.4370509826660154, 18.343869999694824, 15.176717594909668, 8.814517811584473], "timestamp": [1589635923.319787, 1589635925.1371949, 1589635926.6128492, 1589635928.1000793, 1589635929.5750747, 1589635931.02969]}