{"oculusX": [117.81511395723898, 117.85367419058072, 118.65423410379218, 119.50278941200706, 120.24918942224247, 119.75437020655556, 119.23992448511505, 119.62540721581692, 120.52891855182014, 121.71720699586777, 122.06968738061366, 121.95575790181957, 121.4208367745055], "oculusY": [-149.06239942803415, -149.03191429952327, -148.39532583353994, -147.71284075106502, -147.1058545513864, -147.50895164847196, -147.92511757231784, -147.61355611342063, -146.87675034779573, -145.8935280302902, -145.5987342760893, -145.6941766667178, -146.14027643664457], "oculusZ": [-115, -115, -115, -115, -115, -115, -115, -115, -115, -115, -115, -115, -115], "dobotX": [259.11981201171875], "dobotY": [0.0], "dobotZ": [-8.568687438964844], "diffX": [-137.16405410989918], "diffY": [-145.6941766667178], "diffZ": [-106.43131256103516], "diffXYZ": [226.64596874403236], "predictionX": [0], "predictionY": [-3], "predictionZ": [0], "oculusXSynchronized": [121.95575790181957], "oculusYSynchronized": [-145.6941766667178], "oculusZSynchronized": [-115], "timestamp": [1590332455.9002519], "oculusTimeStamp": [1590332455.7659373, 1590332455.8317573, 1590332455.8925276, 1590332455.958259, 1590332456.018642, 1590332456.0845413, 1590332456.1504998, 1590332456.2110322, 1590332456.2769868, 1590332456.3427978, 1590332456.4087622, 1590332456.474718, 1590332456.5363574]}