{"oculusX": [259.04967513542175, 258.21702805023193, 274.08709254722595, 275.0492605255127, 270.86194482307434, 273.15413084487915, 284.6291574523926, 295.36797728996277, 252.62813892822265, 257.32081261138916, 272.85375323753357, 272.46697869758606, 278.23867526512146, 254.0402921722412, 241.73464503746033, 253.1858297870636, 263.5753366039276, 266.52794208984375, 264.2121228263855, 255.99043694000244, 248.85191646080017, 251.4029356525421, 267.9357143924713, 264.7570582912445], "oculusY": [0.09662657976150513, 4.735298454761505, 28.503477573394775, -29.471129179000854, -61.99827790260315, -17.704352736473083, 70.89888630434871, 92.5413966178894, 37.477053701877594, 26.119809597730637, 33.16207602620125, 33.67721289396286, 40.11865332722664, 48.00049960613251, 61.78126856684685, 88.800935074687, 65.16559096053243, 29.262568801641464, 50.09896121919155, 104.85811159014702, 86.78098116070032, 85.62626410275698, 54.42966613918543, 81.08544070273638], "oculusZ": [-8.583362742614746, -6.884034320068359, 31.251732662963867, 46.652023152160645, -10.210092707824707, -30, -11.669095202636719, 75.10739977722167, -21.606381579589844, -30, -30, -30, -28.26946560974121, -24.902637644958496, -23.18363968963623, 4.818741635131836, 41.3813036239624, 20.580713108825684, -26.610072299194336, -30, 1.365963772583008, 1.63025076751709, -30, -30], "dobotX": [259.11981201171875, 259.0496520996094, 258.217041015625, 272.2648010253906, 274.8161315917969, 273.7020568847656, 271.1847839355469, 273.8385925292969, 284.42498779296875, 290.8744812011719, 291.8566589355469, 260.0279846191406, 272.4670104980469, 278.23870849609375, 255.30140686035156, 241.73463439941406, 252.2036590576172, 262.3252258300781, 266.2085266113281, 264.5481872558594, 257.6955871582031, 248.85194396972656, 251.40293884277344, 265.3223571777344], "dobotY": [0.0, 0.09662657231092453, 4.735298156738281, 25.774290084838867, -15.425636291503906, -39.93661880493164, -55.76020812988281, -12.419499397277832, 69.32232666015625, 83.4853515625, 86.41144561767578, 30.84590721130371, 33.677215576171875, 40.11865997314453, 47.5897331237793, 61.7812614440918, 86.48340606689453, 68.0094985961914, 33.146873474121094, 47.07526779174805, 93.50127410888672, 86.78099060058594, 85.62625885009766, 59.36094284057617], "dobotZ": [-8.568687438964844, -8.583358764648438, -6.884025573730469, 26.87279510498047, 42.920997619628906, 28.35686492919922, -12.997169494628906, -28.90662384033203, -11.995269775390625, 38.796844482421875, 65.40717315673828, -22.52130889892578, -29.99999237060547, -28.269485473632812, -25.078125, -23.183639526367188, 2.4169082641601562, 36.98192596435547, 22.83110809326172, -19.761940002441406, -29.29693603515625, 1.3659515380859375, 1.6302413940429688, -25.000160217285156], "diffX": [-0.07013687629699916, -0.8326240493774435, 15.87005153160095, 2.784459500122068, -3.9541867687225363, -0.5479260398864767, 13.444373516845701, 21.52938476066589, -31.796848864746096, -33.55366858978272, -19.002905698013308, 12.438994078445432, 5.771664767074583, -24.19841632385254, -13.566761822891237, 11.451195387649534, 11.371677546310423, 4.202716259765623, -1.996403784942629, -8.557750315856936, -8.843670697402956, 2.5509916828155497, 16.532775549697874, -0.5652988864898703], "diffY": [0.09662657976150513, 4.638671882450581, 23.768179416656494, -55.24541926383972, -46.57264161109924, 22.232266068458557, 126.65909443423152, 104.96089601516724, -31.845272958278656, -57.36554196476936, -53.24936959147453, 2.831305682659149, 6.441437751054764, 7.881839632987976, 14.19153544306755, 27.019673630595207, -21.317815106362104, -38.74692979454994, 16.952087745070457, 57.78284379839897, -6.7202929481863976, -1.1547264978289604, -31.196592710912228, 21.724497862160206], "diffZ": [-0.014675303649902105, 1.6993244445800784, 38.135758236694336, 19.779228047180176, -53.13109032745361, -58.35686492919922, 1.3280742919921877, 104.0140236175537, -9.611111804199219, -68.79684448242188, -95.40717315673828, -7.478691101074219, 1.730526760864258, 3.3668478286743166, 1.8944853103637698, 28.002381161499024, 38.964395359802246, -16.401212855529785, -49.441180392456054, -10.238059997558594, 30.662899807739258, 0.2642992294311526, -31.63024139404297, -4.999839782714844], "timestamp": [1589132132.5523648, 1589132134.2439246, 1589132135.6533613, 1589132137.100586, 1589132138.5284562, 1589132139.7399335, 1589132141.1293182, 1589132142.5154622, 1589132143.8968887, 1589132145.1504214, 1589132146.5325747, 1589132147.9014497, 1589132149.3288045, 1589132150.7214851, 1589132151.9779913, 1589132153.340699, 1589132154.7705677, 1589132156.1883218, 1589132157.5894022, 1589132159.0390365, 1589132160.4623084, 1589132163.1574035, 1589132164.535232, 1589132165.9393187]}