{"oculusX": [259.29676619033813, 4.834663932085658e-13, 326.14254760742136, 208.32429504394653, -960.1294110477916, 5002.876564159246, -6030.921555055424, 937.6456149819116, 3713.0506515291777], "oculusY": [-0.09226799011230469, 1.5934968114528575e-15, 1.429732561111446, -0.07412998378276726, -12.503899390943772, 30.1256399103377, -21.853315948071327, -10.391144018901446, 34.03987285293965], "oculusZ": [-8.52912251586914, -1.1387611130544242e-14, -11.542396545410146, -6.852455139160154, 38.350043522949456, -181.37075943048032, 211.0202319699135, -25.541277012978505, -140.76776262002147], "dobotX": [326.1425476074219, 259.2967224121094, 208.3242950439453, 121.4095687866211, 253.27792358398438, 323.9443664550781, 211.2357177734375, 110.19739532470703, 161.1754150390625], "dobotY": [1.4297325611114502, -0.09226798266172409, -0.07412998378276825, 0.03583556041121483, 0.9336433410644531, 1.4059202671051025, 0.18499600887298584, -0.9012026190757751, -1.485865592956543], "dobotZ": [-11.542396545410156, -8.529121398925781, -6.852455139160156, -4.03521728515625, -8.870574951171875, -11.457145690917969, -7.0853424072265625, -3.1706085205078125, -4.5488433837890625], "diffX": [-66.84578141708374, -259.29672241210886, 117.81825256347605, 86.91472625732544, -1213.407334631776, 4678.932197704168, -6242.157272828861, 827.4482196572046, 3551.875236490115], "diffY": [-1.5220005512237549, 0.09226798266172569, 1.5038625448942142, -0.10996554419398209, -13.437542732008225, 28.719719643232597, -22.038311956944312, -9.489941399825671, 35.525738445896195], "diffZ": [3.013274029541016, 8.52912139892577, -4.689941406249989, -2.8172378540039036, 47.22061847412133, -169.91361373956235, 218.10557437714007, -22.370668492470692, -136.2189192362324], "timestamp": [1589133115.876237, 1589133117.7087364, 1589133119.1298008, 1589133120.5890064, 1589133122.0548286, 1589133123.5129213, 1589133124.947857, 1589133126.4238496, 1589133127.8618364]}