{"oculusX": [118.70469784104579, 118.97122838428261, 119.314692154915, 119.72005969732713, 119.84653085621525, 119.97352682215917, 119.890749082568, 119.73887389469759, 119.54862073408304, 119.3908719006921, 119.16149248307913, 118.96480461522015, 118.86572002064929, 118.60578703353241, 118.36940265904677, 118.16328682906683, 117.86486197886595, 117.62437410740588, 117.44350514710447, 117.21552876056036, 117.04018134621387, 116.78051176182986, 116.66276946989238, 116.57534310541848, 116.28635548099187, 115.92107585960086, 115.53449545891176, 115.24167833705424, 115.09677630721875, 114.88472831623382, 114.79713552419098, 114.75236500829108, 114.75207657601844, 114.86235882824636, 115.02815354595941, 115.18800357595524, 115.33915158218349, 115.55314134791817, 115.82546182944279, 116.15417255696042, 116.5127159409578, 116.69019099941119, 116.90317186269844, 116.83141586027534, 116.72603944086516, 116.66462000633142, 116.67718187226286, 116.68711079837384, 116.5729204546217, 116.33152553286746, 115.7638275546165, 114.90769195652747, 114.30948600192154, 113.7020870085194, 113.43856992320349, 113.47890403041114, 113.6201568755554, 113.64427624524201, 113.56293471971684, 113.4707268739837, 113.472766801059, 113.35861536882992, 113.11965814770437, 112.77365198998092, 112.26571888480426, 111.44223542759507, 110.47774179240082, 109.57082235269137, 108.32323814309066, 107.86374079187419], "oculusY": [-148.35496186668658, -148.14130692259627, -147.86481743801625, -147.5367998367473, -147.43408371787797, -147.33076006677172, -147.39812849700883, -147.52153089779713, -147.67575048252968, -147.80331426186808, -147.9883059880242, -148.1464655766802, -148.22597816837848, -148.43405027875633, -148.6226245029351, -148.78655062118915, -149.02306637129328, -149.212957265249, -149.35535845346178, -149.53434327064215, -149.67162707221888, -149.87432092471718, -149.96599020982973, -150.03396075507027, -150.25805645271868, -150.54004175485227, -150.83693300731986, -151.06076781897718, -151.17120123782192, -151.33241291840008, -151.39886946552977, -151.43280597348755, -151.4330245405262, -151.34939221685426, -151.2234237537531, -151.1017002954822, -150.98635737145958, -150.82264924283768, -150.61361954350707, -150.36026136452364, -150.0826006706363, -149.9446542045462, -149.77866473046285, -149.83464308391234, -149.91674928589399, -149.9645506070628, -149.95477728417623, -149.9470512331871, -150.03584310650723, -150.22308799647215, -150.66099770645693, -151.31497721383627, -151.7673924463898, -152.22297924396003, -152.41945693965215, -152.38942988297038, -152.28414215398195, -152.26614356676643, -152.32681923366394, -152.395518774962, -152.39399986388074, -152.47893074671555, -152.6562902095636, -152.91207740673292, -153.28538209261217, -153.885113519471, -154.57900429376434, -155.22317767960735, -156.09636792121483, -156.4142366358746], "oculusZ": [-115, -115, -115, -115, -115, -115, -115, -115, -115, -115, -115, -115, -115, -115, -115, -115, -115, -115, -115, -115, -115, -115, -115, -115, -115, -115, -115, -115, -115, -115, -115, -115, -115, -115, -115, -115, -115, -115, -115, -115, -115, -115, -115, -115, -115, -115, -115, -115, -115, -115, -115, -115, -115, -115, -115, -115, -115, -115, -115, -115, -115, -115, -115, -115, -115, -115, -115, -115, -115, -115], "dobotX": [259.11981201171875, 251.8043975830078, 219.49462890625, 171.94439697265625, 130.9293975830078], "dobotY": [0.0, -7.729073524475098, -41.865814208984375, -92.10478973388672, -135.43902587890625], "dobotZ": [-8.568687438964844, -14.113594055175781, -38.6036376953125, -74.64556121826172, -105.73395538330078], "diffX": [-140.1550073964986, -136.70762127578905, -102.80443790683881, -58.465492942245106, -22.60615943991715], "diffY": [-148.1464655766802, -143.44212771334682, -108.07883999556182, -60.28464014908366, -20.657342042308585], "diffZ": [-106.43131256103516, -100.88640594482422, -76.3963623046875, -40.35443878173828, -9.266044616699219], "diffXYZ": [230.04005228359657, 222.3571105727913, 167.58935611045354, 93.171521573243, 31.994121455582206], "predictionX": [118.70469784104579, -3, -15, -102, -123], "predictionY": [-148.35496186668658, 45, 111, 90, 210], "predictionZ": [-115, 60, 12, 42, 42], "oculusXSynchronized": [118.96480461522015, 115.09677630721875, 116.69019099941119, 113.47890403041114, 108.32323814309066], "oculusYSynchronized": [-148.1464655766802, -151.17120123782192, -149.9446542045462, -152.38942988297038, -156.09636792121483], "oculusZSynchronized": [-115, -115, -115, -115, -115], "timestamp": [1590332121.6929116, 1590332122.5932832, 1590332123.2648659, 1590332124.0346231, 1590332124.771791], "oculusTimeStamp": [1590332121.5925584, 1590332121.6433203, 1590332121.6941016, 1590332121.744359, 1590332121.7953286, 1590332121.8457887, 1590332121.896325, 1590332121.9476662, 1590332121.997956, 1590332122.0483303, 1590332122.098779, 1590332122.1495228, 1590332122.2070408, 1590332122.2716448, 1590332122.3330753, 1590332122.396854, 1590332122.4720697, 1590332122.5224066, 1590332122.572795, 1590332122.6232088, 1590332122.6737704, 1590332122.7245493, 1590332122.7751343, 1590332122.8257926, 1590332122.8772457, 1590332122.9274082, 1590332122.9777846, 1590332123.0285523, 1590332123.0793383, 1590332123.1488743, 1590332123.1994, 1590332123.2497845, 1590332123.3006766, 1590332123.3510156, 1590332123.4029293, 1590332123.453278, 1590332123.5040503, 1590332123.5548172, 1590332123.6051948, 1590332123.6588619, 1590332123.7092986, 1590332123.7596521, 1590332123.823784, 1590332123.887851, 1590332123.9383416, 1590332123.9886684, 1590332124.0394473, 1590332124.090352, 1590332124.1407099, 1590332124.1914914, 1590332124.24204, 1590332124.2925177, 1590332124.3431551, 1590332124.3935313, 1590332124.4445133, 1590332124.4954422, 1590332124.5577393, 1590332124.6239357, 1590332124.674411, 1590332124.7247355, 1590332124.775234, 1590332124.8259108, 1590332124.8768644, 1590332124.9425762, 1590332125.008311, 1590332125.074214, 1590332125.139977, 1590332125.210825, 1590332125.2766612, 1590332125.3417876]}