{"oculusX": [240.70502161882388, 240.90847350982057, 241.01611394756492, 241.0588589974421, 241.16775089383216, 241.14801637468815, 241.08750964888088, 240.99408970116883, 240.87536773475327, 240.77342069739316, 240.82725660918754, 240.80439912720868, 240.73140178771632, 240.81020960287944, 240.61111354526383, 240.4095835708795, 240.14281814792454, 240.06212246469207, 240.14332816689713, 240.29246046073345, 240.14960663482805, 240.08781097868902, 240.45189267662028, 240.77473787662706, 240.9057406286292, 240.86705641717538, 240.87717911321036, 240.91479997510928, 240.92265052416815, 240.90402098692164, 240.79996743271704, 240.66862904206252, 240.74372044826217, 240.6711679313051, 240.37217079567705, 240.2343846516477, 240.19414181685306, 240.18248450012612, 239.8361389019396, 239.59628692623627, 239.06962568511864, 239.15070565940954, 239.03287949857946, 237.79358006613515, 235.46462964855675, 232.88498408811125, 231.55713439941854, 232.76538396043497, 233.7801822174276, 235.3695812357509, 236.7117974381226, 237.31619539731068, 237.14032208176113, 237.28504653883056, 238.20714170425728, 240.2763647013717, 242.2927282251405, 243.58671141118418, 244.055588738746, 244.0609168954314, 243.8506252220354, 243.83899972309578, 244.13001978876773, 244.21046262776446, 244.52637424830726, 244.67501245720067, 244.77240367886486, 244.7576872699314], "oculusY": [0.2903582425148719, 0.07855792808311751, 0.04409898277600738, -0.21347326883407305, -0.2168508678301571, -0.24000839824059175, -0.1396160700752558, -0.03696694088324847, -0.22996279757256052, -0.29121636069235957, -0.4710176974968381, -0.32089333219423466, -0.33319757529715643, -0.07705181988030559, 0.2972469595339202, 0.06307276731610359, 0.007901080676415507, -0.024142045123691433, 0.10019110991161213, 0.12161850990736077, 0.07547131520419968, 0.11715259718487346, -0.026570666995170293, -0.2191249310676123, -0.38692570742858046, -0.37876934923228667, -0.29053788336514114, -0.23102341967267465, -0.20271203650500344, -0.12544383260137004, 0.03994374550321409, 0.12406315166383733, 0.08798486840056038, 0.24012657700472598, 0.49852807039025543, 0.5084720482056477, 0.5483074010875552, 0.690275180435586, 0.8996608365855515, 1.009421051195125, 1.6077821540981534, 1.9647086214371579, 2.076641179342923, 2.246781220599107, 2.8506646797164636, 2.8622798136902046, 3.1900292200878284, 2.867129574445151, 1.2005335832887714, 0.6205254514918284, -0.4913786807160375, -0.23436724811469448, -0.4558050774097085, 0.18395496878610257, -0.10379196678026131, 0.4899584907546496, 0.7830746899395412, 0.7621210175123787, 0.7232280225748917, 0.4014998582506934, 0.1870387204941409, -0.07868947987718419, -0.5070549933948756, -0.5928082397744942, -0.7662108783573319, -0.7526990648104847, -0.6718544030084086, -0.7007374976262334], "oculusZ": [-8.656080409240722, -8.756931468200683, -8.740599795532226, -8.781369372558594, -8.812482997131347, -8.88472382659912, -8.88460461730957, -8.923466845703125, -8.867557688903808, -8.858855410766601, -8.889492198181152, -8.84502713317871, -8.84180848236084, -8.939202471923828, -8.896406336975097, -8.686717196655273, -8.613999530029297, -8.532579585266113, -8.66788212890625, -8.777197047424316, -8.665855570983886, -8.685405894470215, -9.076054736328125, -9.22172848815918, -9.171302958679199, -9.143288775634765, -9.0417224609375, -9.121950312805176, -9.174044772338867, -9.231980487060547, -9.187396212768554, -9.174879237365722, -9.277637644958496, -9.270485087585449, -8.98974721069336, -8.87685601348877, -8.989151164245605, -8.994992419433594, -8.50933377380371, -8.22847668762207, -7.7645141326904294, -7.9399902069091794, -7.773931666564941, -5.7514268600463865, -2.792533084106445, 0.5956333435058596, 1.68365652923584, 0.48608000640869164, -0.5890685760498044, -2.3634988510131834, -3.8309652053833005, -4.6166736328125, -4.550631686401367, -4.989441081237793, -5.918081446838379, -8.151825114440918, -10.350640460205078, -11.67243306274414, -12.21566979522705, -12.20494095916748, -11.893447085571289, -11.836345835876465, -11.886532946777344, -11.901553317260742, -11.977012797546386, -12.069757624816894, -12.04627339477539, -11.947568103027344], "dobotX": [259.11981201171875, 240.56668090820312, 240.91477966308594], "dobotY": [0.0, 0.18409676849842072, -0.2310234159231186], "dobotZ": [-8.568687438964844, -8.520790100097656, -9.121932983398438], "diffX": [-18.315412884510067, -0.9703939819668506, 3.842907606845472], "diffY": [-0.32089333219423466, 0.8253242826967042, -0.4697140817031148], "diffZ": [-0.27633969421386695, 0.2923134124755862, -2.825635119628906], "diffXYZ": [18.32030800197754, 1.3070087157167054, 4.79299322162897], "predictionX": [240.56669114515557, 240.91479997510928, 242.2927282251405], "predictionY": [0.18409676123985866, -0.23102341967267465, 0.7830746899395412], "predictionZ": [-8.520777865600586, -9.121950312805176, -10.350640460205078], "oculusXSynchronized": [240.80439912720868, 239.59628692623627, 244.7576872699314], "oculusYSynchronized": [-0.32089333219423466, 1.009421051195125, -0.7007374976262334], "oculusZSynchronized": [-8.84502713317871, -8.22847668762207, -11.947568103027344], "timestamp": [1590333264.8581028, 1590333266.5758822, 1590333268.2390661], "oculusTimeStamp": [1590333264.7609117, 1590333264.8115644, 1590333264.8621154, 1590333264.9129152, 1590333264.9636252, 1590333265.014287, 1590333265.0648868, 1590333265.1155713, 1590333265.1660697, 1590333265.216627, 1590333265.2673202, 1590333265.3176246, 1590333265.3798268, 1590333265.4555502, 1590333265.5238845, 1590333265.6061187, 1590333265.682134, 1590333265.758685, 1590333265.8190248, 1590333265.8858907, 1590333265.9659753, 1590333266.0348432, 1590333266.1136177, 1590333266.207148, 1590333266.2911067, 1590333266.3431432, 1590333266.3960223, 1590333266.4472427, 1590333266.4981701, 1590333266.548712, 1590333266.599019, 1590333266.6494386, 1590333266.6999476, 1590333266.7505016, 1590333266.8008685, 1590333266.8513842, 1590333266.902044, 1590333266.952665, 1590333267.0033422, 1590333267.0538917, 1590333267.1373467, 1590333267.202645, 1590333267.2947407, 1590333267.3511968, 1590333267.4189029, 1590333267.4862099, 1590333267.5504735, 1590333267.6085865, 1590333267.6678185, 1590333267.7221289, 1590333267.7758224, 1590333267.8301053, 1590333267.8938184, 1590333267.9521759, 1590333268.0177586, 1590333268.082395, 1590333268.13785, 1590333268.1884809, 1590333268.2391503, 1590333268.2897792, 1590333268.3402805, 1590333268.390912, 1590333268.441504, 1590333268.4920988, 1590333268.5425649, 1590333268.59308, 1590333268.643592, 1590333268.694174]}