{"oculusX": [119.65180115278355, 119.75441059843412, 119.54498111477179, 119.15386484804314, 118.9606635879958, 118.65788584405365, 118.37644211118165, 118.14640589188565, 118.0508132886181, 117.89990359224748, 117.61580289933056, 117.26623856236274, 116.92557066695304, 116.46139693356932, 116.12711299938279, 115.79037596530652, 115.44379872675353, 115.17477782065315, 114.74756638167543, 114.43174294959047, 114.19226814054286, 113.88259165585696, 113.53291276541616, 113.27769173984836, 112.88140295536499, 112.23930733037538, 111.54486782544001, 111.02694003207293, 110.47366050299499, 109.92009345632785, 109.42042370112898, 108.67483068537234, 107.9055977138511, 107.22545658602994, 106.5668335376331, 106.10115455553438, 105.72559121695764, 105.56265473925494, 105.5624860471945, 105.64244526342175, 105.55936021720811, 105.51495012049577, 105.39388167343199, 106.00521490247492, 106.15432467295481, 106.55151064503424, 107.53117479254321, 108.17693526461501, 109.15472062644298, 110.23468457803578, 111.01439208614062, 112.09685014258761, 112.48703520704858, 112.03242088293393, 110.91391060315658, 109.70500735131778, 108.82184628958979, 107.66951162824061, 106.50883745842022, 106.02017223829307, 105.57402573609511, 105.39111711131525, 105.19603148810626, 105.18888326956507, 105.37468685556648, 105.26123296766545], "oculusY": [-147.5921626675846, -147.50891885652766, -147.678696805832, -147.99444750318935, -148.14979081559207, -148.39240589403335, -148.6170177102813, -148.7999555605774, -148.87580556254204, -148.99534466868, -149.21971353794322, -149.49457947843808, -149.76117963012769, -150.12242678654516, -150.3811611420413, -150.64059490659537, -150.9063594933521, -151.11178165174013, -151.43644214482524, -151.67523267006663, -151.85560871076962, -152.08798544837572, -152.34919664704637, -152.5390591097634, -152.83255172517576, -153.30472233430237, -153.8107358470309, -154.18501414571546, -154.58192111326926, -154.97604025962258, -155.32923381342422, -155.85179233972787, -156.3853637077861, -156.85248311683628, -157.30069926660337, -157.61518011277533, -157.86734735791555, -157.97634609143503, -157.97645881439382, -157.92299946101878, -157.9785475010253, -158.00821276461957, -158.08899299384072, -157.67972099632883, -157.57937477103053, -157.31107900990688, -156.64305425947083, -156.19779344393856, -155.51606658144098, -154.7524291117298, -154.19404900885326, -153.4089182156965, -153.12304500083656, -153.45597632907342, -154.26634252070346, -155.1283705904478, -155.7491758248656, -156.5479998777888, -157.33997439702293, -157.6696644207841, -157.96874719346962, -158.09083602166518, -158.22071596081645, -158.22546835608298, -158.10178800409346, -158.1773461470601], "oculusZ": [-115, -115, -115, -115, -115, -115, -115, -115, -115, -115, -115, -115, -115, -115, -115, -115, -115, -115, -115, -115, -115, -115, -115, -115, -115, -115, -115, -115, -115, -115, -115, -115, -115, -115, -115, -115, -115, -115, -115, -115, -115, -115, -115, -115, -115, -115, -115, -115, -115, -115, -115, -115, -115, -115, -115, -115, -115, -115, -115, -115, -115, -115, -115, -115, -115, -115], "dobotX": [259.11981201171875, 256.4824523925781, 219.55921936035156, 152.2262725830078, 110.08997344970703], "dobotY": [0.0, 0.0, 0.0, 0.0, 0.15939590334892273], "dobotZ": [-8.568687438964844, -8.450942993164062, -6.8024749755859375, -3.79632568359375, -1.9447479248046875], "diffX": [-142.19424134476571, -143.60104943721313, -113.99656462109662, -41.211880496867195, -4.828740482041582], "diffY": [-149.76117963012769, -152.83255172517576, -157.97634609143503, -154.19404900885326, -158.33674205040901], "diffZ": [-106.43131256103516, -106.54905700683594, -108.19752502441406, -111.20367431640625, -113.05525207519531], "diffXYZ": [232.325714223126, 235.22702186471568, 222.84175347367338, 194.52629905825603, 194.61585402933292], "predictionX": [0, 0, 42, 3, 27], "predictionY": [0, 3, 21, 96, 93], "predictionZ": [3, 42, -42, -15, -15], "oculusXSynchronized": [116.92557066695304, 112.88140295536499, 105.56265473925494, 111.01439208614062, 105.26123296766545], "oculusYSynchronized": [-149.76117963012769, -152.83255172517576, -157.97634609143503, -154.19404900885326, -158.1773461470601], "oculusZSynchronized": [-115, -115, -115, -115, -115], "timestamp": [1590332128.8221188, 1590332129.4563656, 1590332130.1215386, 1590332130.807601, 1590332131.5688097], "oculusTimeStamp": [1590332128.7071002, 1590332128.757355, 1590332128.8080266, 1590332128.8584495, 1590332128.9088511, 1590332128.9593248, 1590332129.0097432, 1590332129.060501, 1590332129.1108968, 1590332129.1613781, 1590332129.211788, 1590332129.2627327, 1590332129.3130689, 1590332129.3636024, 1590332129.413998, 1590332129.4648716, 1590332129.515137, 1590332129.5655556, 1590332129.6164353, 1590332129.666815, 1590332129.7173662, 1590332129.7681506, 1590332129.8185797, 1590332129.8699338, 1590332129.9211943, 1590332129.9796252, 1590332130.0300927, 1590332130.080986, 1590332130.1318307, 1590332130.1820357, 1590332130.2325094, 1590332130.2840605, 1590332130.3349683, 1590332130.3858516, 1590332130.4362648, 1590332130.486822, 1590332130.5371983, 1590332130.588068, 1590332130.6518602, 1590332130.707146, 1590332130.7574723, 1590332130.8081837, 1590332130.8585985, 1590332130.909092, 1590332130.9598424, 1590332131.0103998, 1590332131.0611591, 1590332131.1120067, 1590332131.1624622, 1590332131.2128203, 1590332131.263225, 1590332131.3243084, 1590332131.3877525, 1590332131.4453192, 1590332131.4956427, 1590332131.5463722, 1590332131.5971851, 1590332131.6480901, 1590332131.6990037, 1590332131.7498002, 1590332131.801106, 1590332131.851446, 1590332131.9020848, 1590332131.96819, 1590332132.0342808, 1590332132.0988796]}