{"oculusX": [259.0883129150748, 259.0827259109497, 255.94664475556016, 253.00525705005526, 251.9412403335005, 253.83983150731325, 258.07577575232386, 259.23000991951227, 263.4036528752327, 268.6983418525338, 283.00988458703756, 303.89116861532926, 328, 328, 328, 328, 328, 328, 328, 328, 328, 328, 328, 328, 328, 328, 328, 328, 328, 328, 328, 328, 328, 328, 328, 328, 328, 328, 328, 328, 328, 328, 328, 328, 328, 328, 328, 328, 328, 328, 328, 328, 328, 328, 328, 328, 328, 328, 328, 328, 328, 328, 328, 328, 328, 328, 328, 328, 328, 328, 328, 328, 328, 328, 328, 328, 328, 328, 328, 328, 328, 328, 328, 328, 328, 328, 328, 328, 328, 328, 328, 328, 328, 328, 328, 328, 328, 328, 328, 328, 328, 328, 328, 328, 328, 328, 328, 328, 328, 328, 328, 328, 328, 328, 328, 328, 328, 328, 328, 328, 328, 328, 328, 328, 328, 328, 328, 328, 328, 328, 328, 328, 328, 328, 328, 328, 328, 328, 328, 328, 328, 328, 328, 328, 328, 328, 328, 328, 328, 328, 328, 328, 328, 328, 328, 328, 328, 328, 328, 328, 328, 328, 328, 328, 328, 328, 328, 328, 328, 328, 328, 328, 328, 328, 328, 328, 328, 328, 328, 328, 328, 328, 328, 328, 328, 328, 328, 328, 328, 328, 328, 328, 328, 328, 328, 328, 328, 328, 328, 328, 328, 328, 328, 328, 328, 328, 328, 328, 328, 328, 328, 328, 328, 328, 328, 328, 328, 328, 328, 328, 328, 328, 328, 328, 328, 328, 328, 328, 328, 328, 328, 328, 328, 328, 328, 328, 328, 328, 328, 328, 328, 328, 328, 318.4430875689864, 302.80085065077543, 286.8668340952277, 282.8397356779456, 279.89750326286554, 279.60364491354227, 274.8656810135722, 272.2174838991046, 270.8664887459159, 268.6574530662179, 265.5213667885542, 267.5306216688037], "oculusY": [-0.0045299530029296875, 0.016942620277404785, 2.1900981664657593, 2.735540270805359, 4.0887147188186646, 2.4362802505493164, -2.071678638458252, -1.828506588935852, 1.1740922927856445, 21.653272211551666, 58.68308246135712, 94.85617280006409, 104.81495037674904, 76.98608562350273, 36.93052381277084, -13.542085886001587, -41.878655552864075, -78.14797759056091, -92.49459207057953, -97.39424288272858, -100.51093995571136, -100.19285976886749, -109.44519937038422, -113.82907629013062, -112.66547441482544, -110.68305373191833, -108.83526504039764, -105.82682490348816, -103.51429879665375, -101.51773691177368, -100.58140754699707, -98.22794795036316, -95.9816426038742, -95.58804333209991, -94.39130127429962, -93.8141793012619, -93.75867247581482, -92.3347920179367, -90.22629261016846, -89.89983797073364, -89.26431834697723, -88.83605897426605, -89.78261053562164, -90.85637331008911, -91.62251651287079, -92.33894944190979, -92.23374724388123, -91.68735146522522, -91.91836416721344, -90.86672961711884, -91.33180975914001, -91.88660979270935, -91.6028767824173, -92.16362237930298, -91.7058140039444, -91.84110164642334, -91.4006233215332, -91.49916470050812, -91.54467284679413, -91.77903831005096, -92.1538770198822, -91.83348715305328, -91.98571741580963, -91.99191629886627, -92.4902856349945, -92.52525866031647, -92.30415523052216, -92.07423031330109, -92.21184253692627, -92.11669862270355, -92.3788845539093, -92.48879551887512, -92.26362407207489, -91.70365333557129, -91.12527966499329, -91.07862412929535, -91.24447405338287, -91.05229377746582, -90.96083045005798, -91.2555605173111, -91.33602678775787, -91.22969210147858, -90.98082780838013, -91.4011150598526, -91.7113721370697, -91.48117899894714, -91.32914245128632, -91.17664396762848, -90.87446331977844, -90.7997190952301, -90.37093818187714, -90.49707651138306, -90.91921150684357, -91.38084948062897, -91.74460172653198, -91.75318479537964, -91.69857203960419, -91.47682785987854, -91.4904773235321, -91.39242768287659, -91.32188558578491, -91.43492579460144, -91.88388288021088, -92.45771169662476, -93.02200376987457, -92.65629947185516, -92.38673746585846, -92.69870817661285, -92.57572889328003, -93.18424761295319, -94.41851079463959, -95.15528380870819, -95.16371786594391, -92.71605312824249, -88.36057782173157, -83.70411396026611, -77.59015262126923, -69.22540068626404, -64.54357504844666, -58.279797434806824, -52.6295006275177, -48.56668412685394, -44.04132068157196, -39.873212575912476, -37.3179167509079, -33.2091748714447, -29.74998950958252, -24.66149628162384, -20.883023738861084, -19.43330466747284, -16.62665605545044, -13.177111744880676, -10.666146874427795, -8.67512822151184, -9.262949228286743, -11.67859137058258, -14.939472079277039, -17.73090660572052, -20.055145025253296, -24.223610758781433, -30.17866611480713, -34.800708293914795, -37.358567118644714, -40.54535925388336, -42.938992381095886, -45.942917466163635, -48.85326325893402, -51.354676485061646, -53.465336561203, -55.14891445636749, -57.38463997840881, -60.39929389953613, -63.851431012153625, -69.54185664653778, -72.88119196891785, -76.63863897323608, -80.1360011100769, -82.61418342590332, -84.89218354225159, -86.1225575208664, -86.89865469932556, -88.23437988758087, -90.86506068706512, -92.384934425354, -94.4896936416626, -96.56737744808197, -100.55603086948395, -101.23676061630249, -101.45793855190277, -101.54783725738525, -101.13941133022308, -100.7639616727829, -99.66248273849487, -97.42307662963867, -96.6450423002243, -95.73560953140259, -94.86375749111176, -93.35416555404663, -91.71739220619202, -91.4984792470932, -91.37676656246185, -90.04001319408417, -88.27696740627289, -85.53378283977509, -81.63633942604065, -78.00914347171783, -73.82237911224365, -71.83393836021423, -67.56000220775604, -66.26671552658081, -64.50322270393372, -62.765538692474365, -61.12411618232727, -56.7459762096405, -54.0996789932251, -52.88486182689667, -50.87153613567352, -47.96142876148224, -44.762998819351196, -43.083906173706055, -41.88641905784607, -41.58578813076019, -42.39793121814728, -43.9843088388443, -44.38035190105438, -43.34993660449982, -39.60758447647095, -36.50210797786713, -32.35578536987305, -30.154556035995483, -31.306937336921692, -35.31521558761597, -41.04739427566528, -48.86116087436676, -62.46362626552582, -76.6989141702652, -82.75783061981201, -93.35750341415405, -100.21904110908508, -107.09419846534729, -106.11645877361298, -101.10969841480255, -96.64885699748993, -90.78529477119446, -85.5814665555954, -80.15014231204987, -74.53219592571259, -71.49246335029602, -66.41070544719696, -58.85131657123566, -52.71966755390167, -46.05014622211456, -39.164796471595764, -36.09301149845123, -27.3781418800354, -18.353506922721863, -4.829645156860352, 18.183723092079163, 37.55342215299606, 52.320800721645355, 62.68463283777237, 66.49144738912582, 62.26377189159393, 52.96734720468521, 40.09600728750229, 22.372983396053314, 13.393804430961609, 4.9219876527786255, 1.3358145952224731, -3.968462347984314, -9.886696934700012, -20.204290747642517, -30.582919716835022, -23.660525679588318, -23.3079195022583],