{"oculusX": [305.9178206012726, 307.3876413391113, 320.9443005607605, 328, 328, 328, 328, 328, 328, 328, 328, 328, 328, 328, 328, 328, 328, 328, 328, 328, 328, 328, 328, 328, 328, 328, 328, 328, 328, 328, 328, 328, 322.32227054100036, 310.2459820793152, 301.1999192522049, 299.8232754753113, 300.60858157138824, 300.40899541835785, 293.1420716331482, 284.5642032907486, 276.7601969526291, 267.3444661186218, 267.75199797611236, 267.7324774549484, 274.84806504707336, 290.1214870498657, 308.15394845466614, 325.49222436408996, 328, 328, 328, 328, 328, 328, 328, 328, 328, 328, 328, 324.2928000972748, 316.55882921676636, 313.4238633201599, 308.0794128463745, 306.72656622390747, 304.23699942092895, 302.830657629776, 309.68849983673095, 313.332549004364, 314.97239199142456, 309.1644856021881, 292.4972536848068, 279.600477485466, 265.2056577489853, 244.7196158454895, 233.8495763824463, 232.98518982391357, 233.72233536701202, 238.73294022541046, 237.2621807144165, 239.12533250312805, 240.04161980609894, 240.0313082025528, 239.00984850387573, 238.41758695106506, 240.3931680009842, 241.0592201040268, 240.15080061416626, 237.2791531370163, 235.10841157894134, 232.06003633003235, 229.65130832653045, 228.30922034244537, 227.30795171718597, 226.87040892105102, 227.30844345550537, 228.68355241279602], "oculusY": [137.6960650086403, 131.26265909522772, 113.79346577450633, 92.99696423113346, 59.573523700237274, 37.56095468997955, 10.0797638297081, -8.106701076030731, -14.012731611728668, -16.642995178699493, -14.31756466627121, -6.271176040172577, 13.549640774726868, 31.77756816148758, 63.04479017853737, 86.97133511304855, 97.68849425017834, 102.0199777558446, 100.0294703990221, 87.75533363223076, 72.17240706086159, 57.22919851541519, 38.12035173177719, 26.806004345417023, 21.059297025203705, 14.926820993423462, 11.901088058948517, 15.450231730937958, 23.889891803264618, 28.327971696853638, 38.35578262805939, 47.7539524435997, 55.39993569254875, 62.83772736787796, 59.42242965102196, 46.863436698913574, 19.619785249233246, 1.139901578426361, -23.65405112504959, -43.9218208193779, -54.58085983991623, -62.738023698329926, -58.062322437763214, -47.2521111369133, -31.58663958311081, -9.329237043857574, 10.090425610542297, 33.86411815881729, 50.294212996959686, 70.89117541909218, 78.88176292181015, 71.54089212417603, 56.901611387729645, 38.50395232439041, 15.236437320709229, -6.163835525512695, -20.77462524175644, -32.36117213964462, -34.494005143642426, -26.47510915994644, -4.221506416797638, 19.911423325538635, 51.85212939977646, 83.7380476295948, 102.3126794025302, 114.26649475470185, 123.08321474120021, 130.8681881055236, 144.0947987139225, 155.57058155536652, 159.24911573529243, 156.85448795557022, 143.89999210834503, 116.9007956632413, 86.16883307695389, 82.60366320610046, 77.19941437244415, 78.19905504584312, 77.1225206553936, 77.42948830127716, 71.3859498500824, 63.938919454813, 57.53191560506821, 59.06479433178902, 62.66484037041664, 61.736296862363815, 61.81172654032707, 61.58426031470299, 60.97821518778801, 60.40095165371895, 60.19823998212814, 60.14608591794968, 60.07074564695358, 60.08423492312431, 60.066647827625275, 60.17285957932472], "oculusZ": [-115, -115, -94.78181187744141, -77.8889018737793, -60.28228585357666, -51.89483945007324, -47.583158656311035, -46.51563946838379, -46.20736424560547, -46.51265923614502, -46.74821679229736, -46.49895016784668, -47.087367221069336, -50.07773224945068, -59.35328786010742, -71.1583453857422, -78.30422703857423, -87.23264519805909, -95.0083095275879, -93.72931305999757, -92.18734089965821, -86.89444844360352, -80.98035637969971, -75.84553544158936, -74.20616929168702, -71.36314694519044, -65.7041627609253, -64.92477242584229, -59.49812714691162, -54.38297574157715, -49.69614331359863, -44.59791962738037, -43.942626162719726, -42.44356934661865, -37.36370389099121, -29.327328845214844, -17.867143794250488, -11.041458293151855, -3.988798304748535, -0.5561668121337888, -0.9050924026489255, -6.862099810791015, -8.114631816101074, -8.218463107299804, -9.336407824707031, -12.95405213470459, -19.134338542175293, -34.55286805267334, -47.756965800476074, -69.95373551483155, -81.19564835662842, -85.04896943206788, -79.87218682403565, -70.64812962646485, -58.77571885223389, -39.26807229156494, -28.672869845581054, -20.639117404174804, -16.94100682373047, -16.476925059509277, -20.436700030517578, -27.443583651733398, -43.12675778503418, -63.56328312988281, -75.69831196899415, -89.08313099975587, -108.90024487609864, -115, -115, -115, -115, -115, -115, -115, -115, -115, -115, -115, -115, -115, -115, -115, -115, -115, -115, -115, -115, -115, -115, -115, -115, -115, -115, -115, -115, -115], "dobotX": [259.11981201171875, 257.3207702636719, 226.33721923828125, 168.16810607910156, 110.15892791748047, 109.95896911621094, 109.95896911621094, 109.95896911621094], "dobotY": [1.1641532182693481e-10, -0.0003639194183051586, -0.006631422322243452, -0.018398156389594078, -0.03012830764055252, -0.03014746680855751, -0.03014746680855751, -0.03014746680855751], "dobotZ": [-8.568687438964844, -8.510063171386719, -7.500396728515625, -5.604820251464844, -3.7144622802734375, -3.707763671875, -3.707763671875, -3.707763671875], "diffX": [68.88018798828125, 70.67922973632812, 73.48605623703003, 157.3241182849884, 214.1338721797943, 169.64150836925506, 128.45861783485412, 118.72458329658508], "diffY": [-6.271176040288992, 38.120715651195496, 46.87006812123582, 33.882516315206885, -26.44498085230589, 156.88463542237878, 59.094941798597574, 60.20300704613328], "diffZ": [-37.930262728881836, -72.470293208313, -21.82693211669922, -28.948047801208496, -12.76246277923584, -111.292236328125, -111.292236328125, -111.292236328125], "diffXYZ": [78.88290547964915, 108.16970867844107, 89.85220482875322, 163.51419686834637, 216.13776320481963, 256.47025570292544, 179.94385376871298, 173.51049133484628], "predictionX": [-0.13277618028223515, 0.006271176040172577, -0.026806004345417023, -0.046863436698913574, -0.03386411815881729, 0.02647510915994644, -0.15685448795557022, -0.05906479433178902], "predictionY": [-0.05244287848472595, -0.1295393705368042, -0.13195860385894775, -0.04070347547531128, -0.06637242436408997, -0.06517300009727478, -0.020480677485466003, 0.020702213048934937], "predictionZ": [-0.12042629718780518, -0.03793025016784668, -0.06727683544158936, -0.020758628845214844, -0.02598416805267334, -0.007908225059509277, -0.31708890199661255, -0.4786195755004883], "oculusXSynchronized": [328, 328, 299.8232754753113, 325.49222436408996, 324.2928000972748, 279.600477485466, 238.41758695106506, 228.68355241279602], "oculusYSynchronized": [-6.271176040172577, 38.12035173177719, 46.863436698913574, 33.86411815881729, -26.47510915994644, 156.85448795557022, 59.06479433178902, 60.17285957932472], "oculusZSynchronized": [-46.49895016784668, -80.98035637969971, -29.327328845214844, -34.55286805267334, -16.476925059509277, -115, -115, -115], "timestamp": [1590315711.212986, 1590315711.8165498, 1590315712.4282598, 1590315713.0415752, 1590315713.6527703, 1590315714.2641602, 1590315714.8767488, 1590315715.4889565],