{"oculusX": [216.958573727417, 215.9119757698059, 215.43108549575805, 215.40566411476135, 215.54203954200744, 215.53041663627624, 215.40351834754944, 215.60978022079468, 215.992620854187, 216.61626425247192, 217.23144379119873], "oculusY": [-14.178082346916199, -13.595610857009888, -13.152346014976501, -13.018667697906494, -13.674557209014893, -13.57404887676239, -13.634160161018372, -13.894990086555481, -14.391079545021057, -14.54325020313263, -15.082329511642456], "oculusZ": [37.861291722106934, 38.68908102874756, 38.828794316101074, 38.92320807342529, 39.03240378265381, 39.01416476135254, 39.18213065032959, 39.256278828430176, 39.1687792098999, 38.776938275146485, 38.461033657836914], "dobotX": [220.3910675048828], "dobotY": [46.176998138427734], "dobotZ": [16.028282165527344], "diffX": [-3.159623713684084], "diffY": [-61.25932765007019], "diffZ": [22.43275149230957], "predictionX": [217.23144379119873], "predictionY": [-15.082329511642456], "predictionZ": [38.461033657836914], "oculusXSynchronized": [217.23144379119873], "oculusYSynchronized": [-15.082329511642456], "oculusZSynchronized": [38.461033657836914], "timestamp": [1589638250.1425014], "oculusTimeStamp": [1589638249.8871288, 1589638249.9377387, 1589638249.9888918, 1589638250.0396414, 1589638250.0908165, 1589638250.141511, 1589638250.1920319, 1589638250.242371, 1589638250.2936296, 1589638250.3449535, 1589638250.3961353]}