{"oculusX": [258.5714968727112, 258.37760296325683, 258.5411879108429, 259.1389330909729, 258.8134619281769, 258.6525889919281, 258.51877656440735, 258.012017874527, 257.65191641311645, 257.04159465293884, 256.58526149253845, 256.0302528427124, 255.93664374809265, 256.1328920410156, 256.7033084915161, 257.3725792453766, 257.71512713890075, 257.79556360702514, 257.8532609031677, 257.4994179294586, 257.2660359428406, 257.05736008148193, 257.1363958404541, 257.36849632720947, 257.52498832206726, 257.70597782592773, 257.73619738082886, 257.75142636756897, 257.74439301948547, 257.8317734287262, 257.6806458518982, 257.61078920822143, 257.62262073020935, 257.594844965744, 257.5552078769684, 257.37433758239746, 257.0026430175781, 256.451240448761, 255.33967342834472, 254.29745641212463, 253.9550873325348, 253.03619232635498, 252.21415486793518, 251.78607430915832, 251.11421075325012, 250.44470158081054, 250.0955673740387, 249.53674402694702, 248.98307648162842, 247.945061592865, 247.4884900138855, 247.3049077079773, 247.32967343788147, 247.6955565498352, 248.15171089630127, 248.5171469734192, 249.00739517669678, 249.6375652835846, 250.17537799339294, 250.2040776298523, 250.3445657775879, 250.15457597236633, 249.71123662452698, 248.93873062591553, 248.92466392974853, 249.78571262817383, 252.34388437728882, 249.7586223171234, 248.74346580963135, 248.3320745513916, 248.80181875686645, 249.67955675582886, 250.12131658058166, 250.4969152496338, 250.73953595619201, 250.60068693618774, 250.59877958755493, 250.65465894203186, 250.8114787624359], "oculusY": [-1.7773956060409546, -1.683741807937622, -1.6582012176513672, -2.499803900718689, -2.840474247932434, -2.914056181907654, -2.3893117904663086, -2.2017955780029297, -2.5122612714767456, -2.97759473323822, -3.300309181213379, -3.445044159889221, -3.391072154045105, -3.198593854904175, -2.9270797967910767, -2.8695762157440186, -3.274783492088318, -3.6573857069015503, -3.388628363609314, -3.0645281076431274, -2.8519928455352783, -2.9011517763137817, -3.4412145614624023, -4.0436238050460815, -4.6660155057907104, -5.875304341316223, -6.7577362060546875, -7.377907633781433, -7.379874587059021, -7.484689354896545, -7.333189249038696, -7.1026235818862915, -6.979301571846008, -6.251782178878784, -5.07277250289917, -4.268839955329895, -2.726539969444275, -1.838192343711853, -0.67158043384552, 0.16924738883972168, 0.726655125617981, 2.170950174331665, 3.9065778255462646, 4.849240183830261, 5.8488547801971436, 6.695285439491272, 7.102802395820618, 8.30407440662384, 9.778618812561035, 12.42917776107788, 15.48805832862854, 16.837745904922485, 18.095076084136963, 17.582081258296967, 16.5255069732666, 14.748506247997284, 13.016484677791595, 10.117128491401672, 7.122978568077087, 4.560545086860657, 1.1772066354751587, -0.8516460657119751, -2.36395001411438, -2.5903135538101196, -1.649409532546997, 0.9486228227615356, 6.08198344707489, 4.957467317581177, 6.35017454624176, 7.433637976646423, 6.486773490905762, 5.8994293212890625, 5.809992551803589, 5.015760660171509, 4.833221435546875, 4.385814070701599, 4.029229283332825, 4.013866186141968, 3.24036180973053], "oculusZ": [-7.724817439270019, -7.503803416442871, -7.68214051361084, -8.18413083190918, -7.769759341430664, -7.597382708740234, -7.650430842590332, -7.2680074417114255, -6.9034654342651365, -6.224687739562988, -5.797441645812988, -5.295570536804199, -5.290206118774414, -5.488093539428711, -6.00987259979248, -6.349738284301758, -6.483133479309082, -6.312544985961914, -6.300862475585937, -6.118829890441894, -5.966241999816894, -5.894001170349121, -5.935724421691894, -5.717809840393066, -5.477603121948242, -5.129988833618164, -4.724915667724609, -4.423793002319336, -4.250939532470703, -4.361565753173828, -4.160340472412109, -4.109557315063476, -4.229958697509765, -4.5383531295776365, -5.127604647827148, -5.308087512207031, -5.62983338470459, -5.388315364074707, -4.676874324035644, -3.8747150146484373, -3.6409455978393552, -3.2141763412475584, -3.0534822189331052, -3.020342036437988, -2.7170736038208005, -2.5002319061279294, -2.454813166809082, -2.5432664596557615, -2.662237330627441, -2.974565669250488, -3.724511309814453, -4.350836917114258, -4.886325045776367, -4.982288523864746, -4.9285251342773435, -4.232581301879883, -3.854211016845703, -2.965982600402832, -1.893337413024902, -0.806744738769531, 0.5213659561157229, 1.6849678314208987, 2.3451488769531252, 2.688590840148926, 2.50608141784668, 1.704398945617676, 0.29403384094238305, 1.968685940551758, 2.9001873291015627, 2.8772991455078127, 2.5113266265869143, 2.17038805847168, 1.8023889816284182, 1.7157238281250002, 1.7685335433959963, 2.03305895690918, 2.2985380447387698, 2.4402778900146487, 2.646629170227051], "dobotX": [259.11981201171875, 256.9217529296875, 226.3484649658203, 168.19937133789062, 110.25004577636719, 110.01023864746094], "dobotY": [0.0, 0.017102986574172974, 0.2549899220466614, 0.7074415683746338, 1.1583384275436401, 1.1602178812026978], "dobotZ": [-8.568687438964844, -8.47833251953125, -7.221527099609375, -4.831108093261719, -2.4489593505859375, -2.4390869140625], "diffX": [-1.2665511085510275, 0.7588929222106913, 25.865689902114866, 79.95233955841064, 142.09383860092163, 140.80124011497497], "diffY": [-3.388628363609314, -7.350292235612869, 3.6515879034996033, 15.818065404891968, 4.92364501953125, 2.080143928527832], "diffZ": [2.2678249633789065, 4.317992047119141, 4.16804488067627, -0.09741704101562476, 2.7429931915283206, 5.085716084289551], "diffXYZ": [4.269658529877291, 8.558491089863708, 26.452610579235525, 81.50213054943237, 142.20557394234547, 140.90841254079982], "predictionX": [2.0023893117904663, 2.0033886283636093, 2.0073331892490387, 1.9960934221744537, 1.9834744930267334, 1.993918016552925], "predictionY": [2.0006010234355927, 2.0012665390968323, 2.001439154148102, 2.006905645132065, 2.0109680891036987, 2.006775915622711], "predictionZ": [2.0009182691574097, 2.002267837524414, 2.004408359527588, 2.005515217781067, 2.0036401748657227, 2.0088627338409424], "oculusXSynchronized": [257.8532609031677, 257.6806458518982, 252.21415486793518, 248.15171089630127, 252.34388437728882, 250.8114787624359], "oculusYSynchronized": [-3.388628363609314, -7.333189249038696, 3.9065778255462646, 16.5255069732666, 6.08198344707489, 3.24036180973053], "oculusZSynchronized": [-6.300862475585937, -4.160340472412109, -3.0534822189331052, -4.9285251342773435, 0.29403384094238305, 2.646629170227051], "timestamp": [1590314835.3360286, 1590314835.9407911, 1590314836.5451913, 1590314837.1505709, 1590314837.755396, 1590314838.3603792],