{"oculusX": [259.1999086425781, 258.72101512413025, 258.1078323410034, 257.6663407371521, 257.22055759887695, 256.8890663669586, 256.7898246334076, 257.1906956718445, 257.2892221496582, 256.8263622806549, 255.8997186706543, 254.95701160888672, 254.41052642326355, 254.98615828018188, 255.83463039855957, 257.2097691581726, 257.8433963344574, 257.4315878437042, 256.5774234817505, 256.24494877319336, 256.5679463432312, 257.16023769836426, 257.95247283439636, 258.80794849853515, 259.35723510246277, 258.7182137058258, 257.76331749420166, 257.1140440986633, 256.86722126464844, 257.0828410671234, 257.7132793949127, 258.4963950202942, 259.0512546585083, 259.29867353897095, 258.7306114719391, 258.0214056060791, 257.30680551986694, 257.2056266353607, 257.31574621658325, 257.8308197544098, 258.4018918560028], "oculusY": [0.30624866485595703, 0.6231218576431274, 0.053882598876953125, -0.9276717901229858, -1.7370134592056274, -2.175047993659973, -2.2821426391601562, -1.9434690475463867, -1.9923001527786255, -1.837506890296936, -1.9804686307907104, -2.7936995029449463, -3.7667155265808105, -4.196912050247192, -3.63844633102417, -2.7960091829299927, -2.0675957202911377, -1.8766224384307861, -1.76277756690979, -1.9777119159698486, -2.3782849311828613, -2.293616533279419, -2.01551616191864, -1.6453415155410767, -1.3846904039382935, -1.2873858213424683, -1.4455616474151611, -1.7506778240203857, -2.1534115076065063, -2.1219849586486816, -1.7994940280914307, -1.3835132122039795, -1.185387372970581, -0.9540915489196777, -0.9309202432632446, -1.1391937732696533, -1.2957900762557983, -1.7416924238204956, -1.88407301902771, -1.5806853771209717, -1.5502721071243286], "oculusZ": [-8.956487818908691, -8.80688016052246, -8.29714123840332, -8.03476159210205, -7.6178867065429685, -7.327373667907715, -7.087524577331543, -7.149871035766601, -7.38459412689209, -7.080252810668945, -6.437476321411133, -5.837853594970703, -5.364235087585449, -5.75953309173584, -6.256635829162597, -7.359917803955078, -7.896240397644043, -7.764275714111328, -7.043297930908203, -6.696756526184082, -6.657417460632324, -6.861384555053711, -7.446940585327148, -8.053239031982422, -8.815105601501465, -8.532937213134765, -7.9126912796020505, -7.440980120849609, -7.341321154785156, -7.444794818115234, -7.87287537689209, -8.401568576049804, -8.709605380249023, -8.916433497619629, -8.462126895141601, -7.891352816772461, -7.348235293579101, -7.315333529663086, -7.446940585327148, -7.784183665466308, -8.169229670715332], "dobotX": [266.76837158203125, 259.163330078125], "dobotY": [4.936436176300049, 1.5619993209838867], "dobotZ": [-13.663032531738281, -9.166275024414062], "diffX": [-10.868652911376955, -0.7614382221221945], "diffY": [-6.916904807090759, -3.1122714281082153], "diffZ": [7.225556210327149, 0.9970453536987307], "diffXYZ": [14.770912320061182, 3.355610383471178], "predictionX": [259.1633411930084, 256.86722126464844], "predictionY": [1.5619993209838867, -2.1534115076065063], "predictionZ": [-9.166296168518066, -7.341321154785156], "oculusXSynchronized": [255.8997186706543, 258.4018918560028], "oculusYSynchronized": [-1.9804686307907104, -1.5502721071243286], "oculusZSynchronized": [-6.437476321411133, -8.169229670715332], "timestamp": [1589997708.8558114, 1589997710.5866628], "oculusTimeStamp": [1589997708.8038502, 1589997708.854222, 1589997708.9048908, 1589997708.9556112, 1589997709.0062041, 1589997709.0566652, 1589997709.1072729, 1589997709.1580248, 1589997709.2086146, 1589997709.2591236, 1589997709.3096247, 1589997709.373446, 1589997709.453582, 1589997709.507833, 1589997709.5864089, 1589997709.6605747, 1589997709.722972, 1589997709.7821765, 1589997709.8454993, 1589997709.912928, 1589997709.973213, 1589997710.0264587, 1589997710.0796156, 1589997710.1628637, 1589997710.228829, 1589997710.2921226, 1589997710.3499591, 1589997710.4065404, 1589997710.4668648, 1589997710.5178025, 1589997710.5682206, 1589997710.6188061, 1589997710.669125, 1589997710.7194908, 1589997710.7700284, 1589997710.8205578, 1589997710.8711438, 1589997710.9216807, 1589997710.972398, 1589997711.022908, 1589997711.073188]}