{"oculusX": [237.76104145972855, 238.117286822878, 238.53215449026985, 238.42059228357013, 238.297881924409, 238.32099595732484, 239.14939109782978, 239.9549572301789, 241.13146970094957, 242.5893534162988, 244.96337574888472, 248.52024811054628, 252.43889545674762, 258.46272137616444, 263.90082355822074, 269.650299972265, 274.30763709491913, 277.3925421676895, 278.4845156689127, 278.11437046117294, 277.64873620446133, 279.4239188543324, 280.9429714179052, 283.28358677889037, 284.99281173767605, 286.84577593343516, 288.22200804526744, 290.37108563660894, 293.0454807015289, 294.1612328055699, 296.5402954214234, 299.94343334092594, 303.8153625472393, 305.3239867744795, 305.3239867744795, 305.3239867744795, 305.3239867744795, 305.3239867744795, 305.3239867744795, 305.3239867744795, 305.3239867744795, 305.3239867744795, 305.3239867744795, 305.3239867744795, 305.3239867744795, 305.3239867744795, 305.3239867744795, 305.3239867744795, 305.3239867744795, 305.3239867744795, 305.3239867744795, 305.3239867744795, 305.3239867744795, 305.3239867744795, 305.3239867744795, 305.3239867744795, 305.3239867744795, 305.3239867744795, 305.3239867744795, 305.3239867744795, 305.3239867744795, 305.3239867744795, 305.3239867744795, 305.3239867744795, 305.3239867744795, 305.3239867744795, 305.3239867744795, 305.3239867744795, 305.3239867744795, 305.3239867744795, 305.3239867744795, 305.3239867744795, 305.3239867744795, 305.3239867744795, 305.3239867744795, 305.3239867744795, 305.3239867744795, 305.3239867744795, 305.3239867744795, 305.3239867744795, 305.3239867744795, 305.3239867744795, 305.3239867744795, 305.3239867744795, 305.3239867744795, 305.3239867744795, 305.3239867744795, 305.3239867744795, 305.3239867744795, 305.3239867744795, 305.3239867744795, 305.3239867744795, 305.3239867744795, 305.3239867744795, 305.3239867744795, 305.3239867744795, 305.3239867744795, 305.3239867744795, 305.3239867744795, 305.3239867744795, 305.3239867744795, 305.3239867744795, 305.3239867744795, 305.3239867744795, 305.3239867744795, 305.3239867744795, 305.3239867744795, 305.3239867744795, 305.3239867744795, 305.3239867744795, 305.3239867744795, 305.3239867744795, 305.3239867744795, 305.3239867744795, 305.3239867744795, 305.3239867744795, 305.3239867744795, 305.3239867744795, 305.3239867744795, 305.3239867744795, 305.3239867744795, 305.3239867744795, 305.3239867744795, 305.3239867744795, 305.3239867744795, 305.3239867744795], "oculusY": [-6.877848732412528, -8.203794706177055, -10.081267664442246, -11.987528289279915, -13.22823582609181, -14.112722839566631, -14.497744996428032, -15.106527860912644, -14.961546032169267, -14.916001925101709, -15.1642413211938, -13.984320721220483, -13.092194922534215, -11.39464813040646, -9.915336282454328, -8.0932377392657, -6.610245751085701, -4.038250891149369, -2.766154282063055, -1.934922029194064, -2.4256880709807374, -1.5202421733543885, -0.7687622206467619, 0.5993418009121361, 1.8808795935675007, 3.0776304360459266, 3.7938840087205556, 5.336249750216712, 8.357820306126474, 10.494465870360758, 13.602387821867449, 16.78387448724156, 19.06582276166161, 19.98339656959488, 19.98339656959488, 19.98339656959488, 19.98339656959488, 19.98339656959488, 19.98339656959488, 19.98339656959488, 19.98339656959488, 19.98339656959488, 19.98339656959488, 19.98339656959488, 19.98339656959488, 19.98339656959488, 19.98339656959488, 19.98339656959488, 19.98339656959488, 19.98339656959488, 19.98339656959488, 19.98339656959488, 19.98339656959488, 19.98339656959488, 19.98339656959488, 19.98339656959488, 19.98339656959488, 19.98339656959488, 19.98339656959488, 19.98339656959488, 19.98339656959488, 19.98339656959488, 19.98339656959488, 19.98339656959488, 19.98339656959488, 19.98339656959488, 19.98339656959488, 19.98339656959488, 19.98339656959488, 19.98339656959488, 19.98339656959488, 19.98339656959488, 19.98339656959488, 19.98339656959488, 19.98339656959488, 19.98339656959488, 19.98339656959488, 19.98339656959488, 19.98339656959488, 19.98339656959488, 19.98339656959488, 19.98339656959488, 19.98339656959488, 19.98339656959488, 19.98339656959488, 19.98339656959488, 19.98339656959488, 19.98339656959488, 19.98339656959488, 19.98339656959488, 19.98339656959488, 19.98339656959488, 19.98339656959488, 19.98339656959488, 19.98339656959488, 19.98339656959488, 19.98339656959488, 19.98339656959488, 19.98339656959488, 19.98339656959488, 19.98339656959488, 19.98339656959488, 19.98339656959488, 19.98339656959488, 19.98339656959488, 19.98339656959488, 19.98339656959488, 19.98339656959488, 19.98339656959488, 19.98339656959488, 19.98339656959488, 19.98339656959488, 19.98339656959488, 19.98339656959488, 19.98339656959488, 19.98339656959488, 19.98339656959488, 19.98339656959488, 19.98339656959488, 19.98339656959488, 19.98339656959488, 19.98339656959488, 19.98339656959488, 19.98339656959488, 19.98339656959488, 19.98339656959488], "oculusZ": [-7.748778506469726, -7.039244815063476, -5.961116000366211, -5.431111499023437, -4.689510508728027, -3.8517076217651365, -2.561982318115234, -1.5339214050292966, -0.47593896026611304, 0.556175068664551, 2.311412648010254, 4.024092510986328, 5.91034109954834, 8.409325436401367, 10.24836714630127, 12.289707020568848, 13.43292410736084, 13.647858456420899, 13.168041065979004, 12.63183768157959, 12.110535458374024, 12.252275303649903, 12.217346981811524, 12.260023907470703, 12.372080639648438, 12.666050747680664, 12.895647839355469, 12.785260037231446, 11.744920567321778, 10.548774555969239, 9.161536053466797, 8.454505757141114, 8.855645016479492, 9.087983921813965, 9.087983921813965, 9.087983921813965, 9.087983921813965, 9.087983921813965, 9.087983921813965, 9.087983921813965, 9.087983921813965, 9.087983921813965, 9.087983921813965, 9.087983921813965, 9.087983921813965, 9.087983921813965, 9.087983921813965, 9.087983921813965, 9.087983921813965, 9.087983921813965, 9.087983921813965, 9.087983921813965, 9.087983921813965, 9.087983921813965, 9.087983921813965, 9.087983921813965, 9.087983921813965, 9.087983921813965, 9.087983921813965, 9.087983921813965, 9.087983921813965, 9.087983921813965, 9.087983921813965, 9.087983921813965, 9.087983921813965, 9.087983921813965, 9.087983921813965, 9.087983921813965, 9.087983921813965, 9.087983921813965, 9.087983921813965, 9.087983921813965, 9.087983921813965, 9.087983921813965, 9.087983921813965, 9.087983921813965, 9.087983921813965, 9.087983921813965, 9.087983921813965, 9.087983921813965, 9.087983921813965, 9.087983921813965, 9.087983921813965, 9.087983921813965, 9.087983921813965, 9.087983921813965, 9.087983921813965, 9.087983921813965, 9.087983921813965, 9.087983921813965, 9.087983921813965, 9.087983921813965, 9.087983921813965, 9.087983921813965, 9.087983921813965, 9.087983921813965, 9.087983921813965, 9.087983921813965, 9.087983921813965, 9.087983921813965, 9.087983921813965, 9.087983921813965, 9.087983921813965, 9.087983921813965, 9.087983921813965, 9.087983921813965, 9.087983921813965, 9.087983921813965, 9.087983921813965, 9.087983921813965, 9.087983921813965, 9.087983921813965, 9.087983921813965, 9.087983921813965, 9.087983921813965, 9.087983921813965, 9.087983921813965, 9.087983921813965, 9.087983921813965, 9.087983921813965, 9.087983921813965, 9.087983921813965, 9.087983921813965, 9.087983921813965, 9.087983921813965, 9.087983921813965], "dobotX": [259.11981201171875, 259.11981201171875], "dobotY": [0.0, 0.0], "dobotZ": [-8.568687438964844, -5.5687103271484375], "diffX": [46.20417476276077, 46.20417476276077], "diffY": [19.98339656959488, 19.98339656959488], "diffZ": [17.65667136077881, 14.656694248962403], "diffXYZ": [53.347164381136345, 52.43072181720373], "predictionX": [259.1198, 247.1198], "predictionY": [0, 0], "predictionZ": [-5.5687, -5.5687], "oculusXSynchronized": [305.3239867744795, 305.3239867744795], "oculusYSynchronized": [19.98339656959488, 19.98339656959488], "oculusZSynchronized": [9.087983921813965, 9.087983921813965], "timestamp": [1590860432.3270705, 1590860436.6658602],