{"oculusX": [259.13836684684753, 259.11980031849254, 259.1208544825962, 259.11965203849485, 259.12774921476034, 259.1203192679269, 259.1284799212832], "oculusY": [0.03768503665924072, 0.0, 0.002141195476393846, -0.00030588506805629117, 0.016090713203249674, 0.001054376796358887, 0.017573530084932898], "oculusZ": [-8.638079806518554, -8.568700071531353, -8.572641807073948, -8.568137775351781, -8.598321735438224, -8.570633429959123, -8.601050247885965], "dobotX": [259.11981201171875, 259.1383972167969, 259.11981201171875, 259.120849609375, 259.1196594238281, 259.12774658203125, 259.1203308105469], "dobotY": [0.0, 0.03768504038453102, 0.0, 0.0021411958150565624, -0.0003058848960790783, 0.016090713441371918, 0.0010543763637542725], "dobotZ": [-8.568702697753906, -8.638084411621094, -8.568687438964844, -8.572639465332031, -8.568130493164062, -8.598320007324219, -8.570625305175781], "diffX": [0.018554835128782088, -0.018596898304338083, 0.0010424708774507963, -0.0011975708801514884, 0.008089790932217511, -0.007427314104347715, 0.008149110736326293], "diffY": [0.03768503665924072, -0.03768504038453102, 0.002141195476393846, -0.0024470808831128536, 0.016396598099328752, -0.01503633664501303, 0.016519153721178625], "diffZ": [-0.0693771087646482, 0.0693843400897407, -0.003954368109104323, 0.004501689980250134, -0.030191242274161922, 0.02768657736509539, -0.0304249427101837], "timestamp": [1589133593.6271946, 1589133595.4030585, 1589133596.9119675, 1589133598.4729242, 1589133600.0122993, 1589133601.5302553, 1589133602.9985435]}