{"oculusX": [258.65223136405945, 259.2202561781883, 258.93854227523804, 259.02544584732055, 258.9603575752258, 258.94047197561264, 259.0181144760132, 259.0136590288162, 258.954680232811, 259.0102839158058, 258.93293943862915, 258.9776205704689, 259.04220220308304, 258.978395430851, 259.0330305383682, 259.0044501111984], "oculusY": [0.9708330035209656, 0.15586614608764648, 0.46440213918685913, 0.42457133531570435, 0.4226267337799072, 0.46247243881225586, 0.445440411567688, 0.45252591371536255, 0.4312768578529358, 0.40515512228012085, 0.4312098026275635, 0.4474371671676636, 0.4384145140647888, 0.43132901191711426, 0.4142001271247864, 0.4150122404098511], "oculusZ": [-8.424337550354004, -8.336003466796875, -8.391614600372314, -8.422847434234619, -8.385475321960449, -8.439715548706054, -8.359010859680176, -8.393760367584228, -8.380110903930664, -8.363361998748779, -8.407290621948242, -8.422072573852539, -8.372183486175537, -8.422609015655517, -8.389766856384277, -8.444364710998535], "dobotX": [259.11981201171875], "dobotY": [0.0], "dobotZ": [-8.568687438964844], "diffX": [-0.1153619005203268], "diffY": [0.4150122404098511], "diffZ": [0.12432272796630883], "diffXYZ": [0.44832986569115674], "predictionX": [210], "predictionY": [0], "predictionZ": [0], "oculusXSynchronized": [259.0044501111984], "oculusYSynchronized": [0.4150122404098511], "oculusZSynchronized": [-8.444364710998535], "timestamp": [1590322164.0444298], "oculusTimeStamp": [1590322163.7652168, 1590322163.8159947, 1590322163.866778, 1590322163.9175422, 1590322163.967819, 1590322164.0182366, 1590322164.0686123, 1590322164.1189249, 1590322164.1694813, 1590322164.2199028, 1590322164.2706056, 1590322164.321196, 1590322164.3716764, 1590322164.4221814, 1590322164.472645, 1590322164.523103]}