{"oculusX": [259.1823252723694, 259.11980031849254, 259.12334790744524, 259.1192958349451, 259.1464831269763, 259.12157179322355, 259.14893976107527], "oculusY": [-0.08788704872131348, 0.0, -0.00499358189038255, 0.0007133689826405269, -0.03752590611663379, -0.0024589638812178806, -0.040984056469061135], "oculusZ": [-8.673723384094238, -8.568699666942248, -8.574669397111371, -8.567844427609135, -8.613533414640882, -8.571636910019915, -8.617643111720232], "dobotX": [259.11981201171875, 259.1822814941406, 259.11981201171875, 259.1233825683594, 259.1192932128906, 259.146484375, 259.12158203125], "dobotY": [0.0, -0.08788704127073288, -7.453089700959481e-09, -0.004993582144379616, 0.0007133687031455338, -0.03752591088414192, -0.002458963543176651], "dobotZ": [-8.568687438964844, -8.673721313476562, -8.568687438964844, -8.574668884277344, -8.567848205566406, -8.613510131835938, -8.571632385253906], "diffX": [0.06251326065063267, -0.06248117564808808, 0.00353589572648616, -0.004086733414283117, 0.02718991408568172, -0.02491258177644795, 0.02735772982526896], "diffY": [-0.08788704872131348, 0.08788704127073288, -0.004993574437292849, 0.005706951127020143, -0.038239274819779324, 0.035066947002924044, -0.038525092925884484], "diffZ": [-0.10503594512939429, 0.10502164653431478, -0.005981958146527688, 0.006824456668208967, -0.04568520907447571, 0.041873221816022266, -0.04601072646632609], "timestamp": [1589133632.7799149, 1589133634.5502326, 1589133636.104588, 1589133637.6284122, 1589133639.1241844, 1589133640.6159596, 1589133642.1135979]}