{"oculusX": [328, 328, 328, 328, 328, 328, 328, 328, 328, 328, 328, 328, 328, 328, 328, 328, 328, 328, 328, 328, 328, 328, 328, 328, 328, 328, 328, 328, 328, 328, 328, 328, 328, 328, 328, 328, 328, 328, 328, 328, 328, 328, 328, 328, 328, 328, 328, 328, 328, 328, 328, 328, 328, 328, 328, 328, 328, 328, 328, 328, 328, 328, 328, 328, 328, 328, 328, 328, 328, 328, 328, 328, 328, 328, 328, 328, 328, 328, 328, 328, 328, 328, 328, 328, 328, 328, 328, 328, 328, 328, 328, 328, 328, 328, 328, 328, 328, 328, 328, 328, 328, 328, 328, 328, 328, 328, 328, 328, 328, 328, 328, 328, 328, 328], "oculusY": [-38.8433519838145, -100.26397556066513, -119.48081478476524, -136.7277093231678, -139.190886169672, -148.50611612200737, -151.61601826548576, -158.58511999249458, -160.39222106337547, -159.6345715224743, -160.32840684056282, -158.06980058550835, -158.31876173615456, -157.8557826578617, -159.24691036343575, -161.74069419503212, -162.8144346177578, -162.58547082543373, -162.6947484910488, -163.35828974843025, -163.14878687262535, -163.77856209874153, -163.05338218808174, -163.07133808732033, -162.1316857635975, -162.36714646220207, -161.97236999869347, -161.05205938220024, -161.070566624403, -160.79530492424965, -161.1054725944996, -163.49636390805244, -165.1652343571186, -166.15301743149757, -167.04042628407478, -168.45125332474709, -171.5680994093418, -171.84216156601906, -169.7138138115406, -169.41972449421883, -167.26874187588692, -166.60626605153084, -164.49258103966713, -164.841640740633, -164.14624825119972, -162.02232614159584, -160.63350066542625, -155.86601570248604, -148.434866219759, -147.3812274634838, -144.6256972849369, -145.5162800848484, -146.90925553441048, -148.0516977608204, -148.61010387539864, -147.38120511174202, -145.22714540362358, -144.04623582959175, -141.48330315947533, -139.49962332844734, -138.67976143956184, -135.86794957518578, -134.46051999926567, -134.39031317830086, -136.14138588309288, -139.2352692782879, -144.5034258067608, -148.94011989235878, -153.83760258555412, -162.73299977183342, -167.5194539129734, -173.25736954808235, -178.80095914006233, -181.7118413746357, -184.65213850140572, -186.59289553761482, -191.02409854531288, -195.94216719269753, -199.88884404301643, -203.66067066788673, -206.07620850205421, -207.23629370331764, -209.84790101647377, -211.9976319372654, -213.5874219238758, -215.57830646634102, -215.8881612122059, -217.08262339234352, -216.855276376009, -213.52488175034523, -210.55955067276955, -207.27645233273506, -202.51384750008583, -199.8952068388462, -197.25391641259193, -191.4021261036396, -178.28335240483284, -170.8369441330433, -161.69993951916695, -150.872852653265, -141.98334887623787, -133.4114857017994, -127.37469747662544, -125.52818283438683, -125.43321028351784, -127.2646002471447, -131.57593086361885, -139.27043601870537, -144.85720172524452, -148.25404062867165, -143.12845095992088, -137.51962408423424, -130.36837056279182, -124.87107887864113], "oculusZ": [160, 160, 160, 160, 160, 160, 160, 160, 160, 160, 160, 160, 160, 160, 160, 160, 160, 160, 160, 160, 160, 160, 160, 160, 160, 160, 160, 160, 160, 160, 160, 160, 160, 160, 160, 160, 160, 160, 160, 160, 160, 160, 160, 160, 160, 160, 160, 160, 160, 160, 160, 160, 160, 160, 160, 160, 160, 160, 160, 160, 160, 160, 160, 160, 160, 160, 160, 160, 160, 160, 160, 160, 160, 160, 160, 160, 160, 160, 160, 160, 160, 160, 160, 160, 160, 160, 160, 160, 160, 160, 160, 160, 160, 160, 160, 160, 160, 160, 160, 160, 160, 160, 160, 160, 160, 160, 160, 160, 160, 160, 160, 160, 160, 160], "dobotX": [259.11981201171875, 257.3215026855469, 226.3505401611328, 168.20504760742188, 110.25933837890625, 110.09941864013672, 110.05944061279297], "dobotY": [0.0, 0.013172567822039127, 0.24003344774246216, 0.6659466028213501, 1.0903958082199097, 1.088621973991394, 1.0881725549697876], "dobotZ": [-8.568687438964844, -8.491912841796875, -7.16998291015625, -4.688087463378906, -2.214752197265625, -2.2109832763671875, -2.210052490234375], "diffX": [68.88018798828125, 70.67849731445312, 101.64945983886719, 159.79495239257812, 217.74066162109375, 217.90058135986328, 217.94055938720703], "diffY": [-166.60626605153084, -148.06487032864243, -139.47530272603035, -196.60811379551888, -214.61527755856514, -134.5001076757908, -125.95925143361092], "diffZ": [168.56868743896484, 168.49191284179688, 167.16998291015625, 164.6880874633789, 162.21475219726562, 162.2109832763672, 162.21005249023438], "diffXYZ": [246.8147697562483, 235.17691319760647, 240.274376374663, 302.17766855398753, 346.098741568287, 303.1226573802288, 299.459382181639], "predictionX": [2.1607953049242496, 0.16660626605153084, 0.1480516977608204, 0.1392352692782879, 0.19594216719269753, 0.21352488175034523, 0.1334114857017994], "predictionY": [1.8822125047445297, -0.12865476310253143, -0.1254320591688156, -0.12761272490024567, -0.14084066450595856, -0.14655862748622894, -0.13198502361774445], "predictionZ": [2.399319648742676, 0.3919440507888794, 0.3816194534301758, 0.3716346025466919, 0.3872239589691162, 0.36472606658935547, 0.3370246887207031], "oculusXSynchronized": [328, 328, 328, 328, 328, 328, 328], "oculusYSynchronized": [-166.60626605153084, -148.0516977608204, -139.2352692782879, -195.94216719269753, -213.52488175034523, -133.4114857017994, -124.87107887864113], "oculusZSynchronized": [160, 160, 160, 160, 160, 160, 160], "timestamp": [1590311253.2158165, 1590311253.8202412, 1590311254.424203, 1590311255.0283353, 1590311255.632751, 1590311256.239242, 1590311256.8444586], "oculusTimeStamp": [1590311251.6286354, 1590311251.6793854, 1590311251.730236, 1590311251.7806284, 1590311251.8314834, 1590311251.882262, 1590311251.933031, 1590311251.9834182, 1590311252.0342734, 1590311252.0850956, 1590311252.1359012, 1590311252.1867557, 1590311252.2372715, 1590311252.2879045, 1590311252.338535, 1590311252.3892078, 1590311252.4399588, 1590311252.4907508, 1590311252.5413463, 1590311252.5919797, 1590311252.642762, 1590311252.693617, 1590311252.744281, 1590311252.7950277, 1590311252.8456614, 1590311252.896471, 1590311252.9471998, 1590311252.9980083, 1590311253.048554, 1590311253.09934, 1590311253.1497335, 1590311253.200473, 1590311253.2512062, 1590311253.3015306, 1590311253.3522427, 1590311253.4025779, 1590311253.453237, 1590311253.5035203, 1590311253.5539079, 1590311253.6045692, 1590311253.655385, 1590311253.7058303, 1590311253.756347, 1590311253.8067338, 1590311253.857269, 1590311253.9077961, 1590311253.9582372, 1590311254.0089102, 1590311254.0592623, 1590311254.109932, 1590311254.160576, 1590311254.211082, 1590311254.2616096, 1590311254.3122103, 1590311254.362584, 1590311254.4132466, 1590311254.4636707, 1590311254.5141182, 1590311254.5645351, 1590311254.6149528, 1590311254.6653578, 1590311254.7159245, 1590311254.7663069, 1590311254.8170288, 1590311254.8675504, 1590311254.91814, 1590311254.9686983, 1590311255.0191574, 1590311255.0695934, 1590311255.1199055, 1590311255.170422, 1590311255.2208881, 1590311255.2713587, 1590311255.321923, 1590311255.3723896, 1590311255.4228933, 1590311255.4733293, 1590311255.5237663, 1590311255.5742278, 1590311255.6246755, 1590311255.6754525, 1590311255.7258615, 1590311255.776333, 1590311255.8266547, 1590311255.8773856, 1590311255.9279199, 1590311255.9782603, 1590311256.0287647, 1590311256.0796752, 1590311256.1301773, 1590311256.1809437, 1590311256.2314835, 1590311256.2820146, 1590311256.3329124, 1590311256.383345, 1590311256.4341254, 1590311256.4846163, 1590311256.5354602, 1590311256.5861695, 1590311256.6365764, 1590311256.6870677, 1590311256.7379665, 1590311256.788365, 1590311256.8387985, 1590311256.8892584, 1590311256.9396462, 1590311256.9901993, 1590311257.0405233, 1590311257.0913637, 1590311257.14184, 1590311257.1922863, 1590311257.2427886, 1590311257.2932053, 1590311257.3434856]}