{"oculusX": [116.88885247363046, 116.69422134239454, 116.5545563471294, 116.43247210293556, 116.37061841200594, 116.41675220439471, 116.6572090512529, 116.82313505253643, 116.77708847170994, 116.50200267392064, 115.78127240957713, 115.03924170263925, 114.74807335673746, 114.88021838194855, 115.19286595893564, 115.53915958704223, 115.84650945906736, 115.91130348778242, 115.89573164687819, 115.85330893765499, 115.85116859666078, 115.87883289379847, 115.99887619573057, 116.28544185339967, 116.52664307794353, 116.7578248208004, 117.01541671394313, 117.04808813578109, 117.12241632645745, 117.37882794103824, 117.54434482738736, 117.75164268923315, 118.09463191221495, 118.43660021092853, 118.8659413326794, 118.90431465064852, 118.89713017919314, 118.67472711710415, 118.3552304537481, 118.19878326107076, 118.24246513169737, 118.27166869767046, 118.23219759008688, 118.24375673495888, 118.2788102312746, 118.2284958923786, 118.15686166632656, 118.19214630784502, 118.43791255256481, 118.58003409955151, 118.57969647400927, 118.71412336693264, 118.74639921269255, 118.7958440636413, 118.84775011024811, 118.92142457058065, 118.93224174489538, 118.8958111600598, 118.89521308617383, 118.89713837177028, 118.97132657681875, 119.08119565938253, 119.11294494167971, 119.15179257781057, 119.19399921457561, 119.19277624305809, 119.12844614164204, 118.98345214957774, 118.89524585749608, 118.90907379895037], "oculusY": [-149.789840000575, -149.9415176170104, -150.05010961250193, -150.14486151713328, -150.19280665333912, -150.1570504711003, -149.97031565070563, -149.84109955715365, -149.87698825393585, -150.0909170235354, -150.64759194630128, -151.21498890150326, -151.43605799451066, -151.33583655075162, -151.09799347498526, -150.83336037468632, -150.59743107420599, -150.54756631630815, -150.5595542834622, -150.59220035644697, -150.5938469353515, -150.57256087073478, -150.48010074866235, -150.25876351467693, -150.07178766505567, -149.89199559387848, -149.69098921198378, -149.66544378632776, -149.60728456145435, -149.40619381802128, -149.27600945597473, -149.11254355012244, -148.84104915485668, -148.5690806678048, -148.22580069305081, -148.19502001571973, -148.20078419209528, -148.37893766866262, -148.6339107479857, -148.75835316244402, -148.72363443508007, -148.70041151075702, -148.73179704763422, -148.72260753901494, -148.69473107771552, -148.7347395836824, -148.79165313002127, -148.76362643853827, -148.56803448316535, -148.45462442426376, -148.45489410636432, -148.3474196378916, -148.321585327355, -148.2819862060359, -148.24038685099288, -148.18129024307925, -148.17260837797843, -148.20184239270242, -148.20232219905773, -148.20077761943125, -148.14122806481637, -148.05292580807668, -148.02738377516636, -147.99611591354147, -147.9621253944257, -147.96311057649567, -148.01490911350078, -148.13148927412144, -148.20229590828058, -148.1912013861679], "oculusZ": [-115, -115, -115, -115, -115, -115, -115, -115, -115, -115, -115, -115, -115, -115, -115, -115, -115, -115, -115, -115, -115, -115, -115, -115, -115, -115, -115, -115, -115, -115, -115, -115, -115, -115, -115, -115, -115, -115, -115, -115, -115, -115, -115, -115, -115, -115, -115, -115, -115, -115, -115, -115, -115, -115, -115, -115, -115, -115, -115, -115, -115, -115, -115, -115, -115, -115, -115, -115, -115, -115], "dobotX": [259.11981201171875, 213.22666931152344, 129.66990661621094], "dobotY": [0.0, -48.34427261352539, -136.36441040039062], "dobotZ": [-8.568687438964844, -42.94380187988281, -105.53193664550781], "diffX": [-144.08057030907952, -94.98420417982607, -10.760832817260564], "diffY": [-151.21498890150326, -100.37936182155468, -11.82679098577728], "diffZ": [-106.43131256103516, -72.05619812011719, -9.468063354492188], "diffXYZ": [234.4201525094123, 155.85285050618438, 18.582592166513596], "predictionX": [117.02668606641579, 117.12241632645745, 118.8958111600598], "predictionY": [-149.6821791273516, -149.60728456145435, -148.20184239270242], "predictionZ": [-115, -115, -115], "oculusXSynchronized": [115.03924170263925, 118.24246513169737, 118.90907379895037], "oculusYSynchronized": [-151.21498890150326, -148.72363443508007, -148.1912013861679], "oculusZSynchronized": [-115, -115, -115], "timestamp": [1590332998.737539, 1590333000.403768, 1590333002.1759126], "oculusTimeStamp": [1590332998.641985, 1590332998.6925642, 1590332998.7432313, 1590332998.7939348, 1590332998.844437, 1590332998.894973, 1590332998.9454446, 1590332998.996029, 1590332999.0464523, 1590332999.096815, 1590332999.1475754, 1590332999.1981795, 1590332999.2670424, 1590332999.3193426, 1590332999.3856268, 1590332999.4625988, 1590332999.5309362, 1590332999.6141691, 1590332999.678852, 1590332999.730409, 1590332999.784381, 1590332999.835742, 1590332999.9094324, 1590332999.9735186, 1590333000.0273728, 1590333000.0959346, 1590333000.15392, 1590333000.206875, 1590333000.2640717, 1590333000.314421, 1590333000.3647237, 1590333000.4150794, 1590333000.4657302, 1590333000.5162656, 1590333000.566868, 1590333000.6173697, 1590333000.667722, 1590333000.7182283, 1590333000.768657, 1590333000.8191898, 1590333000.8696783, 1590333000.9225652, 1590333000.9825165, 1590333001.0499573, 1590333001.126171, 1590333001.2081609, 1590333001.2594924, 1590333001.316415, 1590333001.3785048, 1590333001.4938068, 1590333001.5745137, 1590333001.6351643, 1590333001.696527, 1590333001.7810307, 1590333001.8492465, 1590333001.9127038, 1590333001.971439, 1590333002.0316472, 1590333002.0823007, 1590333002.1329894, 1590333002.1835792, 1590333002.2341595, 1590333002.2846253, 1590333002.335043, 1590333002.3856373, 1590333002.436234, 1590333002.4869535, 1590333002.5375996, 1590333002.5881083, 1590333002.6386533]}