{"oculusX": [259.7618761346817, 259.60527983169555, 259.6068742559433, 259.8568263338089, 260.0282343910217, 260.0515696094513, 260.0126030729294, 260.220891504097, 260.66949096183777, 261.07645657520294, 261.2648072526932, 261.3308044956207, 261.26148429374695, 261.1247810409546, 261.0033514783859, 260.974532632637, 260.94632473449707, 261.102980642128, 261.3298657224655, 261.24334958057403, 260.82966354351043, 260.56972768764496, 260.8188453004837, 261.09754171829223, 261.2218919084549, 261.0891076610565, 261.0632094429016, 261.1995401666641, 261.21980574588775, 261.2798127220154, 261.260336904335, 261.33439567546844, 261.4205094860077, 261.46712031822204, 261.4221188114166, 261.3212379501343, 261.29492249946594, 261.22832921009064, 261.1310991333008, 260.8510914133072, 260.9092506454468, 260.8126017139435, 260.75985160331726, 260.5866107032776, 260.71145263175964, 260.6471839235306, 260.2765175388336, 260.0350740240097, 260.00808802108764, 260.25172200660705, 260.42974617938995, 260.34398999671936, 260.08120801906585, 260.57965186100006, 259.5968755767822, 261.1389818475723, 262.95787718753814, 264.1736033246994, 264.4186529205322, 263.58079042892456, 261.9634332941055, 260.29290881614685, 259.32987657051086, 258.64327576618194], "oculusY": [1.9634366035461426, 2.2642314434051514, 2.5139600038528442, 2.963915467262268, 3.365829586982727, 3.497570753097534, 3.3864825963974, 3.8323253393173218, 4.386246204376221, 4.90020215511322, 5.161643028259277, 5.533754825592041, 5.876421928405762, 5.938366055488586, 5.96579909324646, 6.215795874595642, 6.68761134147644, 6.929725408554077, 7.04820454120636, 7.002979516983032, 6.779581308364868, 6.60744309425354, 6.632745265960693, 6.911128759384155, 7.134243845939636, 7.10509717464447, 6.831273436546326, 6.655871868133545, 6.546542048454285, 6.325080990791321, 6.137773394584656, 5.936101078987122, 6.2595754861831665, 6.406858563423157, 6.574317812919617, 6.793171167373657, 6.764769554138184, 6.338626146316528, 6.157621741294861, 6.052955985069275, 5.951821804046631, 6.26373291015625, 6.277352571487427, 6.361514329910278, 6.29839301109314, 6.302833557128906, 5.67510724067688, 5.320191383361816, 5.7645440101623535, 6.315812468528748, 6.726905703544617, 6.637468934059143, 6.417810916900635, 6.683513522148132, 5.417659878730774, 6.137549877166748, 12.258872389793396, 16.097277402877808, 20.181328058242798, 21.66147530078888, 20.88141441345215, 19.912943243980408, 19.127383828163147, 18.41692626476288], "oculusZ": [-8.582170649719238, -8.541043444824219, -8.62067525024414, -8.872206851196289, -8.986647769165039, -8.99439637298584, -8.961256190490722, -9.013112231445312, -9.271915599060058, -9.433563395690918, -9.47194878692627, -9.532149478149414, -9.325798197937011, -9.320076152038574, -9.35774628753662, -9.475763484191894, -9.515221759033203, -9.607370539855957, -9.810264750671386, -9.605105563354492, -9.101684733581543, -8.863385363769531, -8.989508792114258, -9.10442654724121, -9.135897799682617, -9.030397578430176, -9.007270976257324, -9.22792737121582, -9.362991496276855, -9.493168040466308, -9.581025286865234, -9.682949229431152, -9.68557183380127, -9.722526713562011, -9.76186577911377, -9.76353470916748, -9.715016528320312, -9.68271081085205, -9.60164849395752, -9.311135455322265, -9.349401637268066, -9.307916804504394, -9.246881648254394, -9.221609278869629, -9.252603694152832, -9.117181941223144, -8.825596018981933, -8.619363948059082, -8.741434260559082, -9.109314128112793, -9.363468333435058, -9.37586609954834, -9.179886027526855, -9.649451419067383, -8.713062449645996, -9.187157794189453, -7.446344538879394, -5.9040147506713865, -3.0587274276733396, -0.18554513092040992, 1.8561523712158206, 3.7443083084106448, 4.776779965209961, 5.643669918823242], "dobotX": [259.11981201171875, 259.7459716796875, 261.0632019042969], "dobotY": [0.0, 1.580268144607544, 6.831273078918457], "dobotZ": [-8.568687438964844, -8.643074035644531, -9.00726318359375], "diffX": [2.144995240974424, 1.4823575304031351, -2.4199261381149313], "diffY": [5.161643028259277, 4.758358001708984, 11.585653185844421], "diffZ": [-0.9032613479614255, -1.0396367752075193, 14.650933102416992], "diffXYZ": [5.662106003749985, 5.091188402007402, 18.83436335606003], "predictionX": [259.7459467933655, 261.0632094429016, 260.08120801906585], "predictionY": [1.580268144607544, 6.831273436546326, 6.417810916900635], "predictionZ": [-8.643086596679687, -9.007270976257324, -9.179886027526855], "oculusXSynchronized": [261.2648072526932, 261.22832921009064, 258.64327576618194], "oculusYSynchronized": [5.161643028259277, 6.338626146316528, 18.41692626476288], "oculusZSynchronized": [-9.47194878692627, -9.68271081085205, 5.643669918823242], "timestamp": [1590320981.3552365, 1590320982.9454796, 1590320984.5768814], "oculusTimeStamp": [1590320981.3017359, 1590320981.3521929, 1590320981.402701, 1590320981.4532404, 1590320981.5039935, 1590320981.554545, 1590320981.6050112, 1590320981.6554992, 1590320981.706105, 1590320981.7564008, 1590320981.8069391, 1590320981.8700328, 1590320981.9412937, 1590320982.0023031, 1590320982.0623267, 1590320982.1406121, 1590320982.19269, 1590320982.2536478, 1590320982.3099463, 1590320982.369816, 1590320982.4245107, 1590320982.5368571, 1590320982.6142697, 1590320982.6698353, 1590320982.7216816, 1590320982.7765539, 1590320982.8440287, 1590320982.8945966, 1590320982.9449155, 1590320982.9954147, 1590320983.0458922, 1590320983.096411, 1590320983.1470153, 1590320983.1975017, 1590320983.2480416, 1590320983.2987897, 1590320983.3492882, 1590320983.3996613, 1590320983.4689407, 1590320983.5305257, 1590320983.5968227, 1590320983.662033, 1590320983.7619903, 1590320983.8317823, 1590320983.8962374, 1590320983.9535456, 1590320984.014117, 1590320984.1219506, 1590320984.2419863, 1590320984.293682, 1590320984.3551981, 1590320984.4188762, 1590320984.4757698, 1590320984.5265481, 1590320984.5768163, 1590320984.6275442, 1590320984.6779885, 1590320984.7285137, 1590320984.7790682, 1590320984.829629, 1590320984.8801262, 1590320984.9309068, 1590320984.9814131, 1590320985.03183]}