{"oculusX": [259.47766628723144, 258.22421040992737, 254.37896576385498, 248.21185198287964, 242.69222345809936, 240.42870727043152, 234.00708165626526, 232.84193006019592, 232.01819386940002, 225.60041275482178, 215.5947300479889], "oculusY": [-0.051856040954589844, 1.166902482509613, 2.2066235542297363, 3.7641972303390503, -0.2716332674026489, -9.40026342868805, -13.754107058048248, -18.310926854610443, -16.8105810880661, 4.422560334205627, 19.356325268745422], "oculusZ": [-7.9525071823120115, -7.216389819335937, -4.382427378845215, -1.2871581756591794, 0.2453964508056643, 2.6038330352783206, 6.918136433410645, 4.7826212203979495, -13.171370669555664, -57.10833851928711, -98.81823842163087], "dobotX": [259.86370849609375], "dobotY": [-8.383748054504395], "dobotZ": [57.900569915771484], "diffX": [-44.26897844810486], "diffY": [27.740073323249817], "diffZ": [-156.71880833740235], "diffXYZ": [165.19697033394257], "predictionX": [259.52850904922485], "predictionY": [-0.9505674242973328], "predictionZ": [-8.018668338012695], "oculusXSynchronized": [215.5947300479889], "oculusYSynchronized": [19.356325268745422], "oculusZSynchronized": [-98.81823842163087], "timestamp": [1590005827.4676461], "oculusTimeStamp": [1590005827.4165719, 1590005827.466999, 1590005827.5173302, 1590005827.5680125, 1590005827.6185093, 1590005827.6691515, 1590005827.719833, 1590005827.7705526, 1590005827.8212304, 1590005827.8715487, 1590005827.9220388]}