{"oculusX": [328, 328, 328, 328, 328, 328, 328, 328, 328, 328, 328, 328, 328, 328, 328, 328, 328, 328, 328, 328, 328, 328, 328, 328, 328, 328, 328, 328, 328, 328, 328, 328, 328, 328, 328, 328, 328, 328, 328, 328, 328, 328, 328, 328, 328, 328, 328, 328, 328, 328, 328, 328, 328, 328, 328, 328, 328, 328, 328, 328, 328, 328, 328, 328, 328, 328, 328, 328, 328, 328, 328, 328, 328, 328, 328, 328, 328, 328, 328, 328, 328, 328, 328, 328, 328, 328, 328, 328, 328, 328, 328, 328, 328, 328, 328, 328, 315.23810949783325, 297.3942073867798, 283.28332927684784, 268.59009888629913, 255.72246935825348, 247.11809185009002, 237.86241438846588, 229.2655917690277, 217.75170293312073, 202.89290574054718, 191.24754395942688, 172.51724627475738, 162.26921108226776], "oculusY": [-165.1752032339573, -163.48259523510933, -159.9326692521572, -157.54442289471626, -155.70985153317451, -152.91043743491173, -151.5011601150036, -150.1423977315426, -149.22679588198662, -148.4227515757084, -148.3886055648327, -148.7528197467327, -149.16090294718742, -146.53461799025536, -148.09829369187355, -147.57518842816353, -146.16849645972252, -146.14297077059746, -146.56275883316994, -148.49228784441948, -150.12890473008156, -150.58432891964912, -150.10086074471474, -150.36996081471443, -150.87706223130226, -151.68895944952965, -151.91872045397758, -152.72194519639015, -153.56918051838875, -153.88048067688942, -153.65829691290855, -153.91507372260094, -154.57209572196007, -155.09932860732079, -155.00225499272346, -154.46818247437477, -153.90493348240852, -153.37040647864342, -153.40008214116096, -153.50887551903725, -152.45657786726952, -151.5468694269657, -149.95542541146278, -149.2515541613102, -149.54101666808128, -150.42411908507347, -151.12150087952614, -151.4677293598652, -151.46540477871895, -151.37622877955437, -151.60616859793663, -151.85921266674995, -152.26923301815987, -152.94669196009636, -153.5792537033558, -153.78956869244576, -154.37563881278038, -154.43982556462288, -155.04277125000954, -155.38470819592476, -155.69418296217918, -155.8607779443264, -155.9864617884159, -155.8872126042843, -155.4584614932537, -155.20859882235527, -155.4734818637371, -155.8096669614315, -156.00882843136787, -156.17660805583, -155.95747157931328, -155.95606341958046, -155.7297594845295, -155.6655429303646, -155.47942742705345, -155.31254932284355, -155.12291714549065, -154.78144958615303, -154.44416925311089, -154.44215759634972, -154.48566898703575, -154.34715524315834, -154.15767207741737, -154.03788164258003, -153.99393811821938, -154.04505655169487, -154.26256880164146, -154.38185259699821, -153.95021066069603, -153.00186350941658, -148.56968447566032, -143.75460520386696, -133.47535207867622, -114.63931575417519, -98.03631901741028, -87.44356036186218, -77.29173824191093, -64.38747607171535, -56.78984150290489, -49.20857027173042, -41.784963104873896, -39.54052459448576, -34.17223528958857, -33.019556663930416, -25.758178904652596, -24.32901691645384, -21.432772278785706, -23.304056376218796, -23.686318658292294], "oculusZ": [70.64992602233886, 70.08439715270995, 70.42736227874755, 70.00536139373779, 69.46784670715331, 67.9705780303955, 65.87833578948974, 64.35686762695312, 62.53844912414551, 59.725586727905274, 58.741394833374024, 57.61307890777588, 56.927506283569336, 58.03722555999756, 57.65647108917236, 57.64240439300537, 57.308618382263184, 55.72671110992432, 54.90452463989258, 54.06147654418945, 51.77241976623535, 49.751107052612305, 48.36470301513672, 48.376266316223145, 48.56926615600586, 48.17718680267334, 48.26242144470215, 48.33895380859375, 48.722569302368164, 48.77371008758545, 48.79397566680908, 48.577610806274414, 48.1862467086792, 47.26034815673828, 46.13608534698486, 45.45778448944092, 44.98023207550049, 45.04281695251465, 44.96258910064697, 44.81691534881592, 44.322196797180176, 43.60121901397705, 43.10006316070557, 42.9524820602417, 42.55146201019287, 42.11050684814453, 41.52316267852783, 40.53527529602051, 40.25489504699707, 40.03924544219971, 40.14701063995361, 40.08347208862305, 39.720122174072266, 39.65801413421631, 39.62880785827637, 40.043417767333985, 40.5263345993042, 40.89111502532959, 41.13251383666992, 41.24552424316406, 41.09698946838379, 40.65734560852051, 40.45337851409912, 39.88856490020752, 39.823595837402344, 39.96390517120361, 40.035788372802735, 39.73550017242432, 39.47014029388428, 39.38073332672119, 39.49088271026611, 39.582554653930664, 39.78211100463867, 39.593283489990235, 39.3284004486084, 39.12860567932129, 39.002720669555664, 38.578454808044434, 38.35779841308594, 38.32430060272217, 38.64461596374512, 38.53553946380615, 38.366381481933594, 38.44005282287598, 38.63841708068848, 38.93834765319824, 39.37083895568848, 39.617959812927246, 40.26550467376709, 40.551487759399414, 40.83353693847656, 40.53718264465332, 40.77262099151611, 41.25577624206543, 41.40526469116211, 41.64475615386963, 40.54314310913086, 41.26471693878174, 42.6240604675293, 42.889420346069336, 43.11842139129639, 43.42133219604492, 43.04463084106445, 45.564119175720215, 50.6429117477417, 58.76964743499756, 63.087169483947754, 66.73890765075683, 66.53303320770263], "dobotX": [259.11981201171875, 260.38623046875, 270.6177062988281, 283.948486328125, 286.08453369140625, 286.09130859375, 286.0964660644531], "dobotY": [0.0, 7.410280704498291, 67.2775650024414, 145.28050231933594, 157.67758178710938, 157.71701049804688, 157.75656127929688], "dobotZ": [-8.568687438964844, -9.683998107910156, -18.69438934326172, -30.434345245361328, -32.315589904785156, -32.31644821166992, -32.313114166259766], "diffX": [68.88018798828125, 67.61376953125, 57.382293701171875, 44.051513671875, 41.91546630859375, 41.90869140625, -123.82725498218537], "diffY": [-148.09829369187355, -161.2907613813877, -217.70168408751488, -301.14128026366234, -312.8004989326, -291.1923625767231, -181.44287993758917], "diffZ": [66.2251585281372, 58.457708195495606, 60.80489619140625, 71.09169085388183, 71.31831057434081, 73.08906920318603, 98.8461473739624], "diffXYZ": [176.24799719095336, 184.40074616086144, 233.20374415046464, 312.5390136352339, 323.55426109314106, 303.13584821889043, 240.8843469533557], "predictionX": [315.15993266925216, 315.14656275883317, 315.1550993286073, 315.15137622877955, 315.15545846149325, 308.15448566898704, 308.0772917382419], "predictionY": [327.908381909132, 327.89489459991455, 309.8879386782646, 289.8833190500736, 326.88127052783966, 327.88064616918564, 327.94388169050217], "predictionZ": [-57.92100393772125, -57.93652677536011, -57.94417095184326, -57.9513920545578, -35.9516077041626, -17.952786684036255, -24.95088815689087], "oculusXSynchronized": [328, 328, 328, 328, 328, 328, 162.26921108226776], "oculusYSynchronized": [-148.09829369187355, -153.88048067688942, -150.42411908507347, -155.8607779443264, -155.12291714549065, -133.47535207867622, -23.686318658292294], "oculusZSynchronized": [57.65647108917236, 48.77371008758545, 42.11050684814453, 40.65734560852051, 39.002720669555664, 40.77262099151611, 66.53303320770263], "timestamp": [1590320452.370901, 1590320453.168026, 1590320453.966465, 1590320454.7597904, 1590320455.5355816, 1590320456.3315315, 1590320457.1241064],