{"oculusX": [240.94969110743972, 241.01922294397434, 241.0860937592887, 241.12198821404698, 241.1675755683948, 241.21046955414423, 241.2126439836938, 241.3387530039783, 241.5099895433271, 241.52468021700517, 241.35749006949777, 241.2687470385424, 241.22998662189843, 241.12313325920005, 241.07463776025662, 241.03711685562504, 241.02467836976774, 241.0532224901838, 240.91944506154863, 240.89311886201554, 240.85683950513786, 240.99800784892898, 241.01375496109264, 240.98276269062853, 240.91123223877548, 240.9153203655394, 240.88675868055128, 240.76767074226765, 240.70398350910529, 240.78343361107198, 240.80431588552176, 241.4440083219296, 242.26787283306518, 242.57585706034354, 242.7011222327682, 242.59194371331586, 242.69301784267054, 242.40782269115175, 241.83010137847705, 240.17464710294877, 233.9972723804068], "oculusY": [0.11785988098633654, 0.17110160312667252, 0.07542526738886421, -0.06562621154489261, -0.2214954704761639, -0.43662145525826923, -0.5571792481286719, -0.6921847867954615, -0.890951533198545, -0.9401524564679035, -0.9758235950653978, -1.0884234782603248, -1.2317573238977846, -1.2802023904408082, -1.2943144600237446, -1.3228126892476995, -1.2860369352792493, -1.3464338118588153, -1.4060449245565405, -1.4000239190262915, -1.2117225215173673, -1.243850714792965, -1.2360854000104362, -1.291050642032594, -1.3671441132827162, -1.3883111716553078, -1.2702839437362718, -1.2148592762164643, -1.273334223766973, -1.4328860482078687, -1.3878085832631053, -0.006432758370188776, -1.5506587765453623, -1.7148878812399364, -0.709074677364544, 0.3322959023021809, 0.7898506958345736, 0.43987452700628343, -0.7782028281634645, -4.56916772731681, -16.933682415678327], "oculusZ": [-9.428914233398437, -9.488995715332031, -9.5530111038208, -9.639199420166015, -9.64134518737793, -9.489234133911133, -9.361918612670898, -9.473021670532226, -9.588654681396484, -9.492929621887207, -9.31483094329834, -9.226020022583008, -9.192522212219238, -9.157474681091308, -8.913334056091308, -8.900697871398926, -8.903797312927246, -8.82666890258789, -8.621628924560547, -8.622463389587402, -8.533890887451172, -8.51994340057373, -8.620436831665039, -8.59766785736084, -8.554514094543457, -8.652265711975097, -8.673484965515136, -8.559878512573242, -8.551176234436035, -8.719261332702636, -8.630688830566406, -9.42176167602539, -9.336407824707031, -9.336050196838379, -9.611185237121582, -9.841736003112793, -9.881194277954101, -9.414609118652344, -8.963521166992187, -6.801899119567871, -2.1346170150756834], "dobotX": [259.11981201171875, 240.72825622558594], "dobotY": [-6.581095390867375e-11, 0.10753173381090164], "dobotZ": [-8.568687438964844, -9.0509033203125], "diffX": [-17.851064973176364, -6.730983845179139], "diffY": [-1.088423478194514, -17.041214149489228], "diffZ": [-0.6573325836181638, 6.916286305236817], "diffXYZ": [17.896292143065143, 19.58428297050522], "predictionX": [240.72826767149635, 240.78343361107198], "predictionY": [0.10753173154133104, -1.4328860482078687], "predictionZ": [-9.05090157623291, -8.719261332702636], "oculusXSynchronized": [241.2687470385424, 233.9972723804068], "oculusYSynchronized": [-1.0884234782603248, -16.933682415678327], "oculusZSynchronized": [-9.226020022583008, -2.1346170150756834], "timestamp": [1590333260.1015153, 1590333261.8630314], "oculusTimeStamp": [1590333260.0024383, 1590333260.0530539, 1590333260.1035142, 1590333260.15417, 1590333260.204697, 1590333260.2551813, 1590333260.3058276, 1590333260.3563395, 1590333260.4069612, 1590333260.4575021, 1590333260.5080888, 1590333260.5586684, 1590333260.631062, 1590333260.7006505, 1590333260.7572107, 1590333260.819213, 1590333260.8800755, 1590333261.0182047, 1590333261.081843, 1590333261.1368282, 1590333261.190344, 1590333261.2458684, 1590333261.3086772, 1590333261.3649166, 1590333261.4372504, 1590333261.5184772, 1590333261.5733569, 1590333261.6392076, 1590333261.7022994, 1590333261.7618663, 1590333261.8125181, 1590333261.8630843, 1590333261.9135475, 1590333261.9641902, 1590333262.0148516, 1590333262.065463, 1590333262.1160498, 1590333262.166845, 1590333262.217104, 1590333262.267502, 1590333262.3179946]}