{"oculusX": [259.0134057090759, 258.9841100261688, 259.13926091651916, 259.1534766242981, 259.20297828178406, 258.80988564949035, 258.7451550052643, 258.8678511665344, 258.7348732040405, 258.62776365737915, 258.24799266319275, 258.17244377593994, 257.89289799194336, 257.47185078125, 257.563403515625, 257.7898117588043, 257.7213558242798, 257.6396974609375, 257.35422101478576, 257.17409577827453, 257.0005270526886, 257.00931873779297, 256.7907485054016, 256.73567381362915, 256.42778602104187, 255.69354620437622, 255.10199990730285, 255.01920905570984, 255.07327046852112, 254.98860207061767, 255.11767592887878, 255.22818294029236, 255.49163547019958, 255.72200742225647, 255.84091868858337, 255.79880800704956, 255.7381602809906, 255.56554522972107, 255.44162717323303, 255.2706810520172, 255.32438483695984, 255.3615185306549, 255.2186461971283, 254.97396913032532, 254.83097758750915, 254.79566183547973, 254.67329349975586, 254.73841157417297, 254.8102947757721, 254.89636388282776, 255.1958772228241, 255.80220547180176, 255.9217425868988, 255.87253895263672, 255.9677573726654, 256.0765656517029, 256.45353522758484, 256.93132606010437, 257.4291738555908, 257.4928614185333, 257.2524758861542, 256.85604539375305, 256.60752382736206, 256.57193985443115, 256.6788109825134, 256.95585337142944, 257.21325602989197, 257.3580357120514, 257.4148687408447, 257.3708507106781, 257.3281737850189, 257.18282785873413, 257.0191833065033, 256.71868648986816, 256.54914107780456, 256.4737412021637, 256.21419277648926, 255.9117886112213, 255.71375217895508, 255.64049807052612, 255.55392232398987, 255.73881593208313, 255.60196366767883, 255.42711344223022, 255.2041324661255, 255.19042339782715, 255.23724284629822, 255.1754924343109, 255.1023575351715, 255.04817691307068, 255.1558825061798, 254.9255403564453, 254.39556565742492], "oculusY": [0.22007524967193604, 0.12131035327911377, -0.23859739303588867, 0.004112720489501953, 0.6540417671203613, 1.0126680135726929, 0.7672607898712158, 0.7575750350952148, 0.6610751152038574, 0.5583763122558594, 0.5230456590652466, 0.25866925716400146, 0.08621811866760254, -0.2670884132385254, -0.5119442939758301, 0.15097856521606445, 0.8996427059173584, 1.2528449296951294, 1.1849552392959595, 0.9383708238601685, 0.9813904762268066, 1.2931972742080688, 1.7673522233963013, 2.8905868530273438, 3.4917891025543213, 4.062846302986145, 4.443004727363586, 3.9970427751541138, 3.8931816816329956, 4.048287868499756, 4.191353917121887, 4.628539085388184, 4.849940538406372, 5.352996289730072, 5.38036972284317, 5.47926127910614, 5.411848425865173, 5.381695926189423, 5.450032651424408, 5.279630422592163, 5.23076206445694, 5.436599254608154, 5.4872483015060425, 5.479626357555389, 5.0182342529296875, 4.625365138053894, 4.5315176248550415, 4.438132047653198, 4.3355971574783325, 4.207774996757507, 4.122942686080933, 3.8237571716308594, 3.954097628593445, 3.9566755294799805, 3.7746578454971313, 3.7439465522766113, 3.575250506401062, 3.742039203643799, 3.978535532951355, 4.149153828620911, 4.474654793739319, 4.518672823905945, 4.255890846252441, 3.7431567907333374, 3.2840967178344727, 3.359168767929077, 3.6186426877975464, 3.782138228416443, 4.127487540245056, 4.0069520473480225, 3.8723498582839966, 4.269212484359741, 4.389911890029907, 4.111453890800476, 3.624528646469116, 3.3331364393234253, 3.596872091293335, 3.831014037132263, 3.9012134075164795, 3.8986653089523315, 4.334121942520142, 4.4881850481033325, 4.66407835483551, 4.715681076049805, 4.745200276374817, 4.492446780204773, 4.585057497024536, 5.034059286117554, 5.347654223442078, 5.251079797744751, 5.14906644821167, 5.326606333255768, 5.912624299526215], "oculusZ": [-8.619840785217285, -8.339102908325195, -8.351739093017578, -8.447344943237304, -8.546407862854004, -8.386309786987304, -8.376773043823242, -8.332665606689453, -8.249576731872558, -8.13847367401123, -7.797296687316894, -7.646139308166504, -7.245357676696777, -6.845291300964355, -6.8979818069458005, -7.067855044555664, -7.088835879516601, -7.210429354858398, -6.996687098693847, -6.927307292175293, -6.853159114074707, -6.900246783447265, -6.97880570526123, -7.022555514526367, -6.773884936523437, -6.363566561889648, -6.000097438049316, -5.875404521179199, -5.8222371780395505, -5.78099076385498, -5.914266749572754, -6.043847247314453, -6.340559169006347, -6.648357554626465, -6.8413573944091794, -6.807263537597656, -6.846364184570312, -6.746586009216308, -6.554063006591797, -6.44474808807373, -6.52557198638916, -6.445224925231933, -6.481941386413574, -6.335194750976562, -6.260450526428222, -6.098087474060058, -5.818899317932129, -5.772050067138672, -5.72758500213623, -5.87254349822998, -6.2800008499145505, -6.678279086303711, -6.79713074798584, -6.697233363342285, -6.798442050170898, -6.821211024475097, -6.959255381774902, -7.295663996887207, -7.605488940429687, -7.672603770446777, -7.659133120727539, -7.391389056396484, -7.152374430847168, -7.066901370239258, -7.111962481689453, -7.365759059143066, -7.552679225158691, -7.685716792297363, -7.843073054504394, -7.770236178588867, -7.782395526123047, -7.60894600982666, -7.370408221435547, -7.1688253128051755, -6.984170123291015, -6.9590169631958005, -6.488378688049316, -6.219919367980957, -6.07233826751709, -6.012733622741699, -6.071742221069336, -6.291087313842773, -6.207402392578125, -6.142790957641601, -5.899484797668457, -5.936916514587402, -6.066139384460449, -6.198700114440918, -6.201799555969238, -6.1045247756958005, -6.098921939086914, -5.827482386779785, -5.363877459716797], "dobotX": [261.0858459472656, 294.567138671875, 258.2026672363281, 256.4534912109375], "dobotY": [1.015191674232483, 1.0756698846817017, 3.9477059841156006, 3.5752501487731934], "dobotZ": [-9.860252380371094, -26.176979064941406, -7.498817443847656, -6.9592437744140625], "diffX": [-2.9134021713256857, -39.348492474746706, -0.8446315242767355, -2.0579255535125753], "diffY": [-0.7565224170684814, 4.411578416824341, -0.16556775569915771, 2.3373741507530212], "diffZ": [2.21411307220459, 19.695037678527832, -0.1868993484497068, 1.5953663146972659], "diffXYZ": [3.7366475718108076, 44.222849222111634, 0.8807647018246261, 3.499081191181362], "predictionX": [294.567159085083, 255.11767592887878, 256.45353522758484, 255.55392232398987], "predictionY": [1.0756701231002808, 4.191353917121887, 3.575250506401062, 4.334121942520142], "predictionZ": [-26.176984950256347, -5.914266749572754, -6.959255381774902, -6.071742221069336], "oculusXSynchronized": [258.17244377593994, 255.2186461971283, 257.3580357120514, 254.39556565742492], "oculusYSynchronized": [0.25866925716400146, 5.4872483015060425, 3.782138228416443, 5.912624299526215], "oculusZSynchronized": [-7.646139308166504, -6.481941386413574, -7.685716792297363, -5.363877459716797], "timestamp": [1589997621.4798465, 1589997623.3046923, 1589997624.7796102, 1589997626.2303638],