{"oculusX": [259.1454299972534, 4.113579106675002e-14, 259.11981200825255, 210.09786615631432, 396446343.08789366, 178.15195560455322, 313.2412304878235, 276.6904191970825, 297.69541788101196, 227.4814521074295, 264.97676998376846, 293.0749273300171, 283.2016589641571, 263.322124004364, 279.6176804304123, 294.5559301376343, 282.74798929691315], "oculusY": [0.09439140558242798, 0.0, -1.3837054975551333e-08, 0.09210844277971453, -88408.84883751643, 0.030554901575669646, -0.10489481501281261, -0.005127422045916319, 0.005788582639070228, -0.06341231241822243, -0.019011321128346026, -0.08786532375961542, -0.04612329229712486, -0.08130574272945523, -0.07277067424729466, -0.09299228503368795, -0.10691791563294828], "oculusZ": [-8.549626513671875, -9.532006096449908e-16, -8.568687441034237, -6.928165476107457, -13128508.657197962, -5.884762316942215, -10.380524531006813, -9.150800853967667, -9.843101270496845, -7.5358493737876415, -8.766380554065108, -9.71006228774786, -9.374755270779133, -8.724779773503542, -9.261856833472848, -9.760106824338436, -9.372576895169914], "dobotX": [259.11981201171875, 259.1453857421875, 198.17855834960938, 126.45751190185547, 248.55706787109375, 316.0885314941406, 269.1143798828125, 178.15199279785156, 282.71014404296875, 298.0088195800781, 243.5075225830078, 257.9449768066406, 293.07489013671875, 283.20166015625, 263.3221435546875, 279.61767578125, 294.5559387207031], "dobotY": [0.0, 0.09439139813184738, 0.07218477129936218, 0.03577229008078575, 0.0028482188936322927, -0.012704248540103436, 0.0026869606226682663, 0.030554909259080887, -0.07428227365016937, 0.0035570859909057617, -0.047617487609386444, -0.0273381769657135, -0.08786532282829285, -0.04612329229712486, -0.08130576461553574, -0.07277068495750427, -0.09299229830503464], "dobotZ": [-8.568687438964844, -8.549613952636719, -6.538215637207031, -4.1742095947265625, -8.218795776367188, -10.455223083496094, -8.898628234863281, -5.884765625, -9.364463806152344, -9.853927612304688, -8.062461853027344, -8.535591125488281, -9.710060119628906, -9.374748229980469, -8.724800109863281, -9.261856079101562, -9.760093688964844], "diffX": [0.025617985534665877, -259.14538574218744, 60.94125365864318, 83.64035425445886, 396446094.5308258, -137.9365758895874, 44.126850605010986, 98.53842639923096, 14.985273838043213, -70.52736747264862, 21.46924740076065, 35.129950523376465, -9.873231172561646, -19.879536151885986, 16.295536875724792, 14.938254356384277, -11.807949423789978], "diffY": [0.09439140558242798, -0.09439139813184738, -0.07218478513641716, 0.056336152698928776, -88408.85168573532, 0.04325915011577308, -0.10758177563548088, -0.035682331304997206, 0.0800708562892396, -0.06696939840912819, 0.028606166481040418, -0.06052714679390192, 0.041742030531167984, -0.03518245043233037, 0.008535090368241072, -0.020221600076183677, -0.013925617327913642], "diffZ": [0.01906092529296899, 8.549613952636717, -2.030471803827206, -2.753955881380895, -13128500.438402185, 4.570460766553879, -1.4818962961435318, -3.2660352289676666, -0.4786374643445015, 2.318078238517046, -0.7039187010377645, -1.1744711622595787, 0.3353048488497734, 0.6499684564769268, -0.5370567236095667, -0.4982507452368736, 0.38751679379493], "timestamp": [1589132993.5889177, 1589132995.391112, 1589132996.91354, 1589132998.3767996, 1589132999.827174, 1589133001.3922882, 1589133002.88863, 1589133004.364345, 1589133005.9247618, 1589133007.4329503, 1589133008.952024, 1589133010.3981543, 1589133011.913917, 1589133013.4209893, 1589133014.8785849, 1589133016.3838944, 1589133017.8688617]}