{"oculusX": [242.54986995696882, 241.92605277317554, 241.48641954033695, 241.57819526904615, 242.15135864390498, 242.52516256805143, 242.61405167515832, 242.02042945352346, 240.93019666528858, 240.65540453633525, 240.74865687885034, 241.25844980733885, 241.72266851225444, 242.53297519995564, 243.44057086173768, 244.0548687111045, 244.34336569594905, 244.54241478638727, 244.7915118871144, 245.07928915878352, 246.28445530019545, 247.04965286005267, 247.45926998189776, 246.80020095943996, 246.02495427702993, 245.4665464355356, 245.3833169132007, 245.7437828930734, 246.0037609781183, 246.07318168311735, 245.91986210789884, 245.17700752340858, 244.11018615276652, 243.59256360722742, 243.45912145817752, 244.01626831309483, 244.5834371547845, 245.97341838328964, 247.77795961698973, 249.74832653048952, 252.06697767741613, 253.7747090682341, 255.7980106572222, 260.55258331453587, 264.28195361203313, 267.3005302891021, 268.93695748051897, 270.0318697846441, 270.7328441230127, 271.1908988717624], "oculusY": [-1.7629000564075215, -3.101099898418047, -3.6092758061596504, -4.117799023270691, -4.938115851429586, -6.060414645451013, -7.340893069993201, -9.59937792918267, -11.448187999196055, -12.552427135764535, -13.935429053721178, -15.306442874010532, -16.041628524616545, -16.83577993659686, -18.105524283595894, -19.66914719351071, -20.744014980609535, -21.66266830351093, -23.091981048711535, -24.29012850387541, -26.15266052670009, -27.120914229830746, -28.25770852788218, -29.19617052191586, -29.478098686177486, -30.05433228543172, -30.91985292333055, -31.949747110014034, -32.73435082771264, -33.682093937298454, -34.41116810872054, -35.37466641616374, -35.52289062567879, -35.33887168669876, -35.03022285211757, -35.3841058513345, -35.923734781382805, -37.04519320634364, -38.48509202121541, -40.63221421952861, -43.58055963385325, -45.97601475615305, -48.82715693771835, -52.3439603488057, -55.721768013962155, -58.72146679543572, -61.33888309053077, -63.6953328895891, -65.10489881207003, -65.51793177380122], "oculusZ": [-10.522421046447754, -9.332235499572754, -8.807714625549316, -8.649166270446777, -8.491571589660644, -8.110936328125, -7.35717599029541, -5.5322009765625, -3.745134516906738, -2.994115992736816, -2.212699099731445, -1.8400508605957029, -1.9534188949584959, -2.1657306396484373, -2.2562104904174802, -1.794751330566406, -1.4935094558715818, -1.3900357925415037, -1.1658031188964841, -0.9630281173706052, -1.4352161132812498, -1.8255073272705076, -1.723941012573242, -0.8739787780761716, 0.046436146545410395, 0.8924644744873049, 1.1865537918090823, 1.1002462661743166, 0.9190481460571291, 0.9631555831909182, 1.2915771759033206, 2.2197407043457034, 3.1613748825073245, 3.5527389801025393, 3.7413280761718752, 3.6180656707763674, 3.302876309204102, 2.1535795486450198, 0.9133261001586916, -0.14763657684326148, -1.231249018859863, -2.2870856964111326, -3.4745294296264646, -6.212170764160156, -8.841212435913086, -11.21764962310791, -12.586649104309082, -13.501222773742676, -13.718898936462402, -13.576324626159668], "dobotX": [259.11981201171875, 256.8013610839844, 253.4798126220703, 218.27981567382812], "dobotY": [0.0, 0.0, 0.0, 0.0], "dobotZ": [-8.568687438964844, -8.568687438964844, -8.568717956542969, -8.568702697753906], "diffX": [-17.397143499464306, -11.33481464844877, -7.506394238780672, 52.91108319793426], "diffY": [-16.041628524616545, -30.05433228543172, -37.04519320634364, -65.51793177380122], "diffZ": [6.615268544006348, 9.461151913452149, 10.722297505187989, -5.0076219284057615], "diffXYZ": [24.5714514339724, 33.48513562414301, 39.28943824939584, 84.36384525656143], "predictionX": [256.1198, -135, -135, -135], "predictionY": [0, 0, 0, 0], "predictionZ": [-8.5687, -8.5687, -8.5687, 21.4313], "oculusXSynchronized": [241.72266851225444, 245.4665464355356, 245.97341838328964, 271.1908988717624], "oculusYSynchronized": [-16.041628524616545, -30.05433228543172, -37.04519320634364, -65.51793177380122], "oculusZSynchronized": [-1.9534188949584959, 0.8924644744873049, 2.1535795486450198, -13.576324626159668], "timestamp": [1590337851.246963, 1590337851.902987, 1590337852.5286436, 1590337853.1772008], "oculusTimeStamp": [1590337851.1000552, 1590337851.1504297, 1590337851.2011294, 1590337851.2526085, 1590337851.3035057, 1590337851.3537629, 1590337851.4041512, 1590337851.4544938, 1590337851.5052712, 1590337851.5556896, 1590337851.6060913, 1590337851.6574304, 1590337851.707745, 1590337851.7662473, 1590337851.8167007, 1590337851.8670287, 1590337851.917343, 1590337851.968144, 1590337852.0185704, 1590337852.0693712, 1590337852.1202202, 1590337852.1709898, 1590337852.221782, 1590337852.2727282, 1590337852.3230636, 1590337852.3739152, 1590337852.4284155, 1590337852.478715, 1590337852.5295932, 1590337852.580451, 1590337852.631452, 1590337852.6818376, 1590337852.732331, 1590337852.783257, 1590337852.8342712, 1590337852.885343, 1590337852.9359353, 1590337852.9862204, 1590337853.0484898, 1590337853.0988076, 1590337853.1496, 1590337853.1999004, 1590337853.266297, 1590337853.3322375, 1590337853.3981826, 1590337853.4590156, 1590337853.5196192, 1590337853.58026, 1590337853.646003, 1590337853.706841]}