{"oculusX": [328, 328, 328, 328, 328, 328, 328, 328, 328, 328, 328, 328, 328, 328, 328, 328, 328, 328, 328, 328, 328, 328, 328, 328, 328, 328, 328, 328, 328, 328, 328, 328, 328, 328, 328, 328, 328, 328, 328, 328, 328, 328, 328, 328, 328, 328, 328, 328, 328, 328, 328, 328, 328, 328, 328, 328, 328, 328, 328, 328, 328, 328, 328, 328, 328, 328, 328, 328, 328, 328, 328, 328, 328, 328, 328, 328, 328], "oculusY": [-46.86563141876832, -55.256192572414875, -73.36155325174332, -87.63034641742706, -105.66340386867523, -114.94733393192291, -125.99378079175949, -132.9289823770523, -137.38832622766495, -138.7745514512062, -139.2669379711151, -141.60852134227753, -142.78817921876907, -141.90616458654404, -141.0910114645958, -139.44922387599945, -138.0353793501854, -135.77426224946976, -135.11768728494644, -134.57874953746796, -134.86850261688232, -135.43499261140823, -135.54617017507553, -136.4397183060646, -136.54517382383347, -135.97901165485382, -135.4275345802307, -135.01043617725372, -135.73968410491943, -136.08421385288239, -136.41442358493805, -137.1108964085579, -137.0793655514717, -138.10060918331146, -138.05513083934784, -138.0341798067093, -138.77449929714203, -138.7631967663765, -139.39444720745087, -140.09416848421097, -140.7848596572876, -140.87577909231186, -141.21822267770767, -141.4984092116356, -141.36458933353424, -141.18576049804688, -141.66142791509628, -144.2151516675949, -147.6038247346878, -152.3333340883255, -158.47831219434738, -163.5233387351036, -171.76257818937302, -181.43915385007858, -189.56447392702103, -201.93707197904587, -213.8352170586586, -222.99037128686905, -236.34972423315048, -245.8658441901207, -258.11731070280075, -268.67546886205673, -275.0001475214958, -283.3171412348747, -290.1844009757042, -295.3000143170357, -304.5535758137703, -315.0990679860115, -321.98552042245865, -328, -328, -328, -328, -328, -328, -314.14569169282913, -289.285384118557], "oculusZ": [-23.51933304901123, -15.220220729064941, -13.10985867614746, -6.447966738891601, -5.379493876647949, -6.723220988464355, -8.563097163391113, -6.5934020721435544, -4.7007161819458005, -3.8512307846069334, -4.2315084182739255, -4.1339952194213865, -3.9574462615966794, -4.011328860473633, -4.127081080627441, -4.131611033630371, -4.59986512298584, -4.829104586791992, -4.636820002746582, -5.180414363098144, -6.721194430541992, -7.618244334411621, -8.439715548706054, -9.059007807922363, -9.191449328613281, -8.791025325012207, -8.494551821899414, -7.915194674682617, -7.147129222106933, -7.087405368041992, -7.098730250549316, -7.665212794494629, -7.994588061523437, -8.331711932373047, -8.55964009399414, -8.421714945983886, -7.942374392700195, -7.584865733337402, -7.37696473236084, -7.065351649475097, -6.897624179077148, -6.6031772338867185, -6.215985461425781, -6.048734828186035, -6.221469088745117, -6.630237742614746, -7.393057986450195, -9.067471667480469, -9.906228228759765, -9.952004595947265, -10.867293521118164, -11.418159648132324, -7.954056903076172, -6.165798350524902, -8.885081454467773, -14.698441668701172, -20.703609629821777, -24.904425784301758, -28.6645251953125, -30.69549386138916, -33.33657567138672, -36.07755486602783, -38.346942111206054, -41.55081097717285, -44.31265179748535, -45.523341342163086, -47.17856232757568, -49.04752556915283, -49.759205027770996, -51.45161931152344, -52.75171582336426, -54.364379092407226, -55.71263615722656, -53.785737200927734, -50.92137639160156, -42.39576642150879, -31.62651841278076], "dobotX": [259.11981201171875, 260.12884521484375, 268.7085876464844, 280.5101013183594, 283.7352294921875], "dobotY": [0.0, 6.756677150726318, 64.20819854736328, 143.233642578125, 164.8070526123047], "dobotZ": [-8.568687438964844, -8.907470703125, -11.788047790527344, -15.750328063964844, -16.831993103027344], "diffX": [68.88018798828125, 67.87115478515625, 59.291412353515625, 47.489898681640625, 44.2647705078125], "diffY": [-141.0910114645958, -142.8408910036087, -205.39395904541016, -411.90911144018173, -454.09243673086166], "diffZ": [4.441606358337403, 1.820065335083008, 5.157810047912598, -20.327226802062988, -14.794525309753418], "diffXYZ": [157.06967142146217, 158.1560192733727, 213.84282311013524, 415.13564375237047, 456.48459884581195], "predictionX": [308.07336155325174, 308.13511768728495, 308.1381006091833, 319.1523333340883, 299.29530001431704], "predictionY": [327.80291382968426, 327.7614154368639, 327.7568010240793, 327.7744768112898, 326.9036781191826], "predictionZ": [-25.004541158676147, -24.996068120002747, -24.999763011932373, -25.001383304595947, -25.036954641342163], "oculusXSynchronized": [328, 328, 328, 328, 328], "oculusYSynchronized": [-141.0910114645958, -136.08421385288239, -141.18576049804688, -268.67546886205673, -289.285384118557], "oculusZSynchronized": [-4.127081080627441, -7.087405368041992, -6.630237742614746, -36.07755486602783, -31.62651841278076], "timestamp": [1590320460.866333, 1590320461.654383, 1590320462.4354563, 1590320463.2314582, 1590320464.0285997], "oculusTimeStamp": [1590320460.6410298, 1590320460.6916673, 1590320460.7423534, 1590320460.7927477, 1590320460.843252, 1590320460.893766, 1590320460.9441288, 1590320460.9945579, 1590320461.0454447, 1590320461.0962453, 1590320461.146692, 1590320461.1970627, 1590320461.2474763, 1590320461.298091, 1590320461.3485596, 1590320461.399184, 1590320461.4497838, 1590320461.5004644, 1590320461.5511098, 1590320461.601846, 1590320461.6526215, 1590320461.7030084, 1590320461.7535112, 1590320461.8038363, 1590320461.8544993, 1590320461.9050078, 1590320461.9554567, 1590320462.0059726, 1590320462.0566952, 1590320462.107201, 1590320462.158066, 1590320462.2082047, 1590320462.2589276, 1590320462.3095856, 1590320462.3599596, 1590320462.4106984, 1590320462.4610133, 1590320462.5115063, 1590320462.5619793, 1590320462.612662, 1590320462.6631167, 1590320462.7136059, 1590320462.7639844, 1590320462.814511, 1590320462.8649187, 1590320462.915505, 1590320462.9662116, 1590320463.0168638, 1590320463.0676649, 1590320463.1183217, 1590320463.1687863, 1590320463.2192664, 1590320463.27005, 1590320463.320487, 1590320463.370944, 1590320463.42133, 1590320463.471841, 1590320463.5225348, 1590320463.5729086, 1590320463.6232705, 1590320463.673717, 1590320463.7241244, 1590320463.7747946, 1590320463.8258975, 1590320463.8761284, 1590320463.9268434, 1590320463.9774632, 1590320464.0279136, 1590320464.07837, 1590320464.1288202, 1590320464.179236, 1590320464.229861, 1590320464.2804186, 1590320464.3308609, 1590320464.3815992, 1590320464.431961, 1590320464.4824624]}