{"oculusX": [259.0452196882248, 259.071833162117, 259.03444614868164, 259.04359546165466, 259.06687107543945, 259.0098294303894, 259.08023741703033, 259.08187654476166, 259.04478755455017, 259.03122749786377, 259.0418669269562, 259.0721162841797, 259.0737107084274, 259.0781065509796, 258.99422791461944, 258.89202084999084, 259.0321513698578, 258.9911880777359, 259.0820702598572, 259.08677902679443, 259.08309843997955, 259.0378734157562, 259.0573492334366, 259.0578111694336, 259.0400638864517, 259.0498390481949, 259.01160266857147, 258.9931550310135, 258.991426496315, 259.0003820941925, 258.9555892036438, 259.21871390800476, 259.4923439310074, 258.9946302459717, 258.614605932045, 260.02938178043365, 257.3490652130127, 260.49461093406677, 274.9519112394333, 286.1934813545227, 354.6296271369934, 455.1062795207977, 469.4890889213562, 476.90599289398193, 482.59749141197204, 484.86473288993835, 486.4547463939667, 488.71426907043457, 487.7140733287811, 486.1253413246155, 489.0454920814514, 490.4728445098877, 492.5090583847046, 493.7968763397217, 495.7027646587372, 497.25323048095703, 497.5979539440155, 497.98490729789734, 499.08157315711975, 501.8807860897064, 504.3513092086792, 505.64383593063354, 506.12043467025757, 506.2320145652771, 506.2167259738922, 506.3036891506195, 506.72765698890686, 506.98660936813354, 506.6893013999939, 506.7444654987335, 507.02898827056885, 507.0092591331482, 506.75790634613037, 506.7997488067627, 506.9312664554596, 507.1274849460602, 507.2041961238861, 507.1489724205017, 507.01423612098694, 506.8447205112457, 506.7779335067749, 507.0363494441986, 507.34867778282165], "oculusY": [-0.1119375228881836, -0.03884732723236084, 0.017940998077392578, -0.07893145084381104, 0.03287196159362793, -0.03221631050109863, -0.08206069469451904, 0.014185905456542969, -0.09538233280181885, -0.0429004430770874, 0.03115832805633545, 0.0368952751159668, 0.02841651439666748, 0.025734305381774902, -0.010505318641662598, -0.12294948101043701, 0.03540515899658203, 0.05899369716644287, 0.037163496017456055, 0.038042664527893066, 0.044479966163635254, 0.02656877040863037, 0.07942318916320801, 0.06288290023803711, 0.07255375385284424, 0.05961954593658447, 0.0943988561630249, 0.05190074443817139, 0.08893013000488281, 0.061318278312683105, 0.08113682270050049, -0.15339255332946777, 0.9498894214630127, 1.2408792972564697, 0.0352710485458374, 0.6862133741378784, 6.081417202949524, 24.601660668849945, 42.288437485694885, 52.11276561021805, 109.13219675421715, 111.69293150305748, 104.74127344787121, 97.92885184288025, 94.45318579673767, 95.21857276558876, 93.3648869395256, 93.71211752295494, 88.51216733455658, 80.55806159973145, 80.54950460791588, 76.88918709754944, 75.54756477475166, 75.0632956624031, 74.00428131222725, 73.66815954446793, 73.51600751280785, 73.67733493447304, 75.4130631685257, 76.97034254670143, 77.93309539556503, 78.1506784260273, 78.92313972115517, 79.60076630115509, 80.20526170730591, 81.1520591378212, 82.00481534004211, 82.28309825062752, 83.10277760028839, 83.32329243421555, 82.59245380759239, 82.16982334852219, 81.50800690054893, 81.53080567717552, 81.47640898823738, 81.40140399336815, 81.65208622813225, 81.66610449552536, 81.90309256315231, 82.16559886932373, 82.77598023414612, 83.22922885417938, 83.37537199258804], "oculusZ": [-8.522089167785644, -8.606727763366699, -8.600171252441406, -8.600588484954834, -8.553977652740478, -8.565242930603027, -8.624132319641113, -8.607323809814453, -8.489664241027832, -8.456881686401367, -8.643146201324463, -8.577640696716308, -8.63140408630371, -8.545215769958496, -8.609588786315918, -8.530433818054199, -8.51773802871704, -8.597608252716064, -8.56327597732544, -8.576687022399902, -8.610840483856201, -8.560712977600097, -8.593435927581787, -8.54348723526001, -8.562381907653808, -8.463915034484863, -8.638616248321533, -8.610006018829345, -8.534248515319824, -8.560355349731445, -8.596475764465332, -8.814330741119385, -8.519228144836426, -8.63658969039917, -8.60929076309204, -8.845980807495117, -3.7308890068054197, 1.5658777511596682, 14.604453400421143, 27.39459689025879, 178.67660935287475, 310.22710020904543, 354.74902804260256, 369.48877985839846, 378.92991717224123, 381.1003607070923, 380.32907660369875, 380.5425804412842, 381.1885755813599, 382.19720538024904, 380.8712404525757, 380.2178543365479, 380.28771098022463, 380.2134435928345, 378.9588850296021, 378.3341091430664, 378.10296233062746, 378.0159395492554, 376.90240557556154, 374.680344418335, 372.3972481048584, 370.8002012527466, 370.0966280258179, 369.78644545440676, 369.4775741851807, 368.8533943450928, 368.10535605316164, 367.5428074157715, 367.2967594421387, 367.43981058959963, 367.4772423065186, 367.8610962188721, 368.2653349197388, 368.3007400787354, 368.1843918121338, 367.98185522918703, 367.89268668060305, 367.80792887573244, 367.81782324676516, 367.7486818588257, 367.55389387969973, 367.3083227432251, 367.14250262146], "dobotX": [259.11981201171875, 289.1198425292969], "dobotY": [0.0, 30.000003814697266], "dobotZ": [-8.568687438964844, 21.431320190429688], "diffX": [231.35303249816894, 218.22883525352478], "diffY": [76.88918709754944, 53.37536817789078], "diffZ": [388.7865417755127, 345.7111824310303], "predictionX": [490.4728445098877, 507.34867778282165], "predictionY": [76.88918709754944, 83.37537199258804], "predictionZ": [380.2178543365479, 367.14250262146], "oculusXSynchronized": [490.4728445098877, 507.34867778282165], "oculusYSynchronized": [76.88918709754944, 83.37537199258804], "oculusZSynchronized": [380.2178543365479, 367.14250262146], "timestamp": [1589637293.031279, 1589637294.8648443], "oculusTimeStamp": [1589637290.109167, 1589637290.17047, 1589637290.2365425, 1589637290.3030603, 1589637290.3707352, 1589637290.4322956, 1589637290.4993622, 1589637290.5656984, 1589637290.633405, 1589637290.701201, 1589637290.768942, 1589637290.8365679, 1589637290.8975792, 1589637290.9645522, 1589637291.0319016, 1589637291.0934744, 1589637291.1607163, 1589637291.22832, 1589637291.2950487, 1589637291.36174, 1589637291.4240258, 1589637291.49141, 1589637291.5594788, 1589637291.6271348, 1589637291.6936326, 1589637291.7551792, 1589637291.8167067, 1589637291.8834157, 1589637291.9449556, 1589637292.0111482, 1589637292.0777454, 1589637292.1393902, 1589637292.2065847, 1589637292.2685008, 1589637292.33606, 1589637292.4029562, 1589637292.4698644, 1589637292.537899, 1589637292.599831, 1589637292.662164, 1589637292.7300036, 1589637292.7802978, 1589637292.8312159, 1589637292.882418, 1589637292.9337077, 1589637292.984177, 1589637293.035387, 1589637293.0868196, 1589637293.1374333, 1589637293.188459, 1589637293.239438, 1589637293.290495, 1589637293.3655076, 1589637293.419481, 1589637293.4758763, 1589637293.5276845, 1589637293.61348, 1589637293.6923115, 1589637293.768032, 1589637293.8415153, 1589637293.9015496, 1589637293.9606767, 1589637294.0125287, 1589637294.073362, 1589637294.1385438, 1589637294.211546, 1589637294.2853715, 1589637294.3656583, 1589637294.4233503, 1589637294.4751658, 1589637294.538718, 1589637294.5898058, 1589637294.640199, 1589637294.6910062, 1589637294.7419941, 1589637294.7923446, 1589637294.843586, 1589637294.8944082, 1589637294.9456758, 1589637294.996713, 1589637295.0479736, 1589637295.0990295, 1589637295.1497576]}