{"oculusX": [259.03946784000397, 258.7948205755234, 258.5462543056488, 257.9450520561218, 257.71661725502014, 257.64030840854645, 257.3805960700989, 257.3550405786514, 257.34314945201874, 257.1109595582962, 256.67706754665375, 256.40971091251373, 256.29075494270324, 256.1753454492569, 256.05436292152405, 256.03010383110046, 256.0426059053421, 256.00231316547394, 256.1269017742157, 256.14326324920654, 255.96966472129822, 255.69245841960907, 255.5281582162857, 255.51997747879028], "oculusY": [0.8286386728286743, 0.862613320350647, 1.2304484844207764, 1.9335001707077026, 2.195701003074646, 1.1707395315170288, 0.9952336549758911, 0.7531493902206421, 0.0562816858291626, -0.09885430335998535, 0.13406574726104736, 0.002339482307434082, -0.1954883337020874, -0.23409724235534668, -0.3033578395843506, -0.2469271421432495, 0.003337860107421875, 0.07434189319610596, -0.010892748832702637, -0.26986002922058105, -0.3193020820617676, -0.3589838743209839, -0.24650990962982178, -0.21579861640930176], "oculusZ": [-8.654411479187011, -8.740838214111328, -8.734877749633789, -8.109267398071289, -8.366640254211426, -8.22835747833252, -7.847960635375976, -7.65317265625, -7.532413645935058, -7.3841172897338865, -7.062967463684082, -6.778057261657715, -6.5830308639526365, -6.508048220825195, -6.438906832885742, -6.4391452514648435, -6.41578023071289, -6.358559771728515, -6.266291781616211, -6.035979434204101, -5.832489176940918, -5.607422038269043, -5.483802005004883, -5.524929209899902], "dobotX": [259.11981201171875], "dobotY": [0.0], "dobotZ": [-8.568687438964844], "diffX": [-3.599834532928469], "diffY": [-0.21579861640930176], "diffZ": [3.0437582290649416], "diffXYZ": [4.719093330747873], "predictionX": [0.9999976605176926], "predictionY": [1.0027100890874863], "predictionZ": [1.0017906427383423], "oculusXSynchronized": [255.51997747879028], "oculusYSynchronized": [-0.21579861640930176], "oculusZSynchronized": [-5.524929209899902], "timestamp": [1590011254.5001802], "oculusTimeStamp": [1590011253.759483, 1590011253.8251135, 1590011253.8906858, 1590011253.956338, 1590011254.022149, 1590011254.0877945, 1590011254.1379662, 1590011254.1882908, 1590011254.2386274, 1590011254.2894287, 1590011254.3398886, 1590011254.3902357, 1590011254.4410012, 1590011254.4918683, 1590011254.5426514, 1590011254.5930471, 1590011254.643462, 1590011254.6940167, 1590011254.7444658, 1590011254.7950447, 1590011254.8454866, 1590011254.8959985, 1590011254.9466753, 1590011254.997362]}