{"oculusX": [259.6063825176239, 259.8965677307129, 260.188839106369, 260.2464767978668, 260.04879799346924, 259.7784015224457, 259.3406948135376, 258.8971468494415, 258.58419266204834, 258.71660438041687, 258.7668808982849], "oculusY": [0.5650967359542847, 0.4314929246902466, 0.6305575370788574, 0.5046874284744263, 0.27319788932800293, -0.04427134990692139, -0.17654895782470703, -0.01965463161468506, -0.27157366275787354, -0.5526095628738403, -0.666692852973938], "oculusZ": [-8.755143328857422, -9.03731171722412, -9.087498828125, -9.004767581176758, -9.11503617401123, -8.881743594360351, -8.674915476989746, -8.271392031860351, -7.95691792602539, -8.135016604614258, -8.147771998596191], "dobotX": [256.5988464355469], "dobotY": [3.0641262531280518], "dobotZ": [-6.803398132324219], "diffX": [2.168034462738035], "diffY": [-3.7308191061019897], "diffZ": [-1.3443738662719724], "diffXYZ": [4.519593535528444], "predictionX": [258.6130413101196], "predictionY": [1.939237117767334], "predictionZ": [-10.72340790863037], "oculusXSynchronized": [258.7668808982849], "oculusYSynchronized": [-0.666692852973938], "oculusZSynchronized": [-8.147771998596191], "timestamp": [1589997677.8351908], "oculusTimeStamp": [1589997677.7847097, 1589997677.8351898, 1589997677.8858054, 1589997677.936529, 1589997677.9871368, 1589997678.0378187, 1589997678.0883486, 1589997678.139003, 1589997678.1895354, 1589997678.240298, 1589997678.2907333]}