{"oculusX": [259.3775006816864, 206.42736804347038, 262.59577151994705, 267.9241361902237, 235.43563362817764, 283.73206284503937, 304.7578844116211, 348.1686922595978, -1141.0042730285645, -937.1255126907349, -740.6094757034302, -959.6683469726563, -1026.5571561767579, 333.5395815656662, 362.67452564697265, 327.511078386116, 275.9754421995163, 288.29858329753876, 322.97161844234466, 355.87326314907074, 330.58432367305755, 330.8714392469406, 333.55248597126007, 314.36138477783203, 368.43604472141266, 369.24309161167145, 334.8992976234436], "oculusY": [-0.9424351155757904, -34.04328692704439, -66.48466549813747, -69.98027674853802, -134.57703404128551, -125.84422342479229, -116.76029674708843, -106.37500695884228, -438.03264759480953, -388.7841608375311, -353.7809755653143, -372.09792993962765, -450.0574078410864, -27.196858311071992, -103.8635354489088, -126.28665380179882, -96.13130800426006, -30.416701221838593, -26.94242532015778, -51.31665617227554, -120.56518904864788, -120.60253880918026, -122.94556014239788, -101.3012807816267, -64.91993740200996, -117.09278635680676, -123.39104525744915], "oculusZ": [-8.624668761444092, 73.44037707214355, 84.8611038482666, 73.48794157867431, 136.48069317703246, 167.00387413864135, 176.87559540634155, 206.1851661956787, -30, -30, -30, -30, -30, 213.35161145095825, 225.68005736236572, 248.46369440917968, 258.5407536781311, 232.94938023452758, 215.60550148849487, 209.2044990814209, 237.74552758102416, 237.64431889419555, 237.475160912323, 233.82813151245117, 207.95500691299438, 225.12573416595458, 238.30020840530395], "dobotX": [259.11981201171875, 259.3774719238281, 258.4532470703125, 243.35716247558594, 216.98324584960938, 206.43887329101562, 210.017822265625, 221.86260986328125, 232.79603576660156, 235.04774475097656, 212.3542022705078, 158.82081604003906, 106.21792602539062, 105.40398406982422, 106.86380767822266, 130.70738220214844, 177.58346557617188, 219.8815460205078, 220.03689575195312, 220.06800842285156, 220.06800842285156, 220.06800842285156, 220.06800842285156, 220.06800842285156, 220.06800842285156, 220.06800842285156, 220.06800842285156], "dobotY": [0.0, -0.9423238635063171, -1.5202146768569946, -10.957282066345215, -27.444459915161133, -34.03608322143555, -46.48674774169922, -87.53702545166016, -125.42889404296875, -134.66261291503906, -139.66567993164062, -151.46788024902344, -163.0592498779297, -163.23211669921875, -162.3616485595703, -148.1439666748047, -120.19212341308594, -95.0475845336914, -94.98151397705078, -94.96097564697266, -94.96097564697266, -94.96097564697266, -94.96097564697266, -94.96097564697266, -94.96097564697266, -94.96097564697266, -94.96097564697266], "dobotZ": [-8.568687438964844, -8.624671936035156, -7.192192077636719, 16.204559326171875, 57.08030700683594, 73.42253112792969, 81.24313354492188, 106.98396301269531, 130.74429321289062, 136.43377685546875, 133.68899536132812, 127.21411895751953, 120.84697723388672, 120.73371887207031, 121.32637023925781, 131.00631713867188, 150.03695678710938, 167.36236572265625, 167.56716918945312, 167.58168029785156, 167.58168029785156, 167.58168029785156, 167.58168029785156, 167.58168029785156, 167.58168029785156, 167.58168029785156, 167.58168029785156], "diffX": [0.2576886699676493, -52.950103880357744, 4.14252444963455, 24.566973714637754, 18.452387778568266, 77.29318955402374, 94.74006214599609, 126.30608239631653, -1373.800308795166, -1172.1732574417115, -952.963677973938, -1118.4891630126954, -1132.7750822021485, 228.13559749584198, 255.81071796875, 196.8036961839676, 98.39197662334442, 68.41703727703094, 102.93472269039154, 135.80525472621918, 110.51631525020599, 110.80343082408905, 113.4844775484085, 94.29337635498047, 148.3680362985611, 149.17508318881988, 114.83128920059204], "diffY": [-0.9424351155757904, -33.100963063538074, -64.96445082128048, -59.0229946821928, -107.13257412612438, -91.80814020335674, -70.27354900538921, -18.83798150718212, -312.6037535518408, -254.12154792249203, -214.11529563367367, -220.6300496906042, -286.9981579631567, 136.03525838814676, 58.49811311066151, 21.857312873005867, 24.060815408825874, 64.63088331185281, 68.039088656893, 43.64431947469711, -25.604213401675224, -25.641563162207603, -27.984584495425224, -6.340305134654045, 30.041038244962692, -22.1318107098341, -28.430069610476494], "diffZ": [-0.05598132247924781, 82.0650490081787, 92.05329592590331, 57.283382252502435, 79.40038617019653, 93.58134301071166, 95.63246186141967, 99.20120318298339, -160.74429321289062, -166.43377685546875, -163.68899536132812, -157.21411895751953, -150.84697723388672, 92.61789257888793, 104.3536871231079, 117.4573772705078, 108.50379689102175, 65.58701451187133, 48.03833229904174, 41.62281878356933, 70.1638472831726, 70.06263859634399, 69.89348061447143, 66.2464512145996, 40.373326615142815, 57.54405386810302, 70.71852810745239], "timestamp": [1589131013.3159747, 1589131013.9189935, 1589131014.5223303, 1589131015.1252158, 1589131015.728541, 1589131016.3305473, 1589131016.933372, 1589131017.5360184, 1589131018.1390388, 1589131018.7423134, 1589131019.3452291, 1589131019.9479327, 1589131020.5521898, 1589131021.1558838, 1589131021.75906, 1589131022.3619766, 1589131022.9666655, 1589131023.569703, 1589131024.1735663, 1589131024.777196, 1589131025.3817196, 1589131026.2942781, 1589131026.8986983, 1589131027.503049, 1589131028.1074433, 1589131028.711213, 1589131029.3148844]}