{"oculusX": [259.1198, 259.2762621925354, 262.2861775444031, 260.524145035553, 245.5552431629181, 262.0734187648773, 262.0734187648773, 293.6043652580261, 286.794862417984, 281.34252753715515, 273.8735887096405, 272.260806231308, 271.2648424194336, 244.1083106086731, 242.36463633041382, 242.30771389465332, 241.21644225578308, 244.5718857334137, 248.34482994537353, 248.39972582321167, 248.47530451278686], "oculusY": [0.0, -7.786497473716736, -5.688972771167755, -6.760984659194946, 63.26944939792156, -20.257987082004547, -20.257987082004547, 39.48025405406952, 63.16106766462326, 46.620599925518036, 35.5251207947731, 31.47611767053604, 29.794007539749146, 39.08338397741318, 38.219548761844635, 29.53971177339554, 29.70997244119644, 28.30510586500168, 21.329134702682495, 21.2918221950531, 21.259471774101257], "oculusZ": [-8.5687, -5.384619876098633, -7.959540530395508, -5.453522845458984, -5.9508640014648435, 13.018075779724121, 13.018075779724121, 34.6979540145874, 26.36462862854004, -55.02968613739014, -50.823982402038574, -49.55225770111084, -47.85722081298828, 109.17932207946777, 105.92216666107177, 101.7387550628662, 99.244062260437, 83.09024985198974, 71.51347811584472, 71.54828722839355, 71.53696234588622], "dobotX": [259.11981201171875, 259.11981201171875, 259.2762756347656, 262.2862243652344, 260.5241394042969, 245.5552215576172, 262.07342529296875, 262.0733947753906, 291.8123779296875, 286.7948913574219, 281.342529296875, 273.87359619140625, 272.26080322265625, 271.2648620605469, 244.1209259033203, 242.36463928222656, 242.3076934814453, 241.21646118164062, 244.5718994140625, 248.34486389160156, 248.39974975585938], "dobotY": [0.0, 0.0, -7.786498069763184, -5.688974380493164, -6.760983943939209, 23.239015579223633, -6.760984420776367, -20.257986068725586, 9.480997085571289, 39.48100280761719, 46.620609283447266, 35.52511978149414, 31.476119995117188, 29.79401206970215, 39.07907485961914, 38.21954345703125, 29.539709091186523, 29.709978103637695, 28.305105209350586, 21.329137802124023, 21.291824340820312], "dobotZ": [-8.568687438964844, -8.568687438964844, -5.384613037109375, -7.9595489501953125, -5.453521728515625, -5.95086669921875, 13.018081665039062, 13.018074035644531, 34.50933074951172, 26.36461639404297, -3.6353988647460938, -29.999977111816406, -30.0, -30.00000762939453, -0.01392364501953125, 29.98607635498047, 59.986083984375, 89.986083984375, 83.09024810791016, 71.51347351074219, 71.54828643798828], "diffX": [-1.2011718752091838e-05, 0.1564501808166483, 3.009901909637449, -1.7620793296813986, -14.968896241378786, 16.51819720726013, -6.5280914327559e-06, 31.530970482635496, -5.017515511703493, -5.452363820266726, -7.468940587234499, -1.6127899600982687, -0.9959608032226583, -27.15655145187378, -1.7562895729064962, -0.05692538757324428, -1.0912512256622335, 3.355424551773069, 3.772930531311033, 0.05486193161010533, 0.07555475692748814], "diffY": [0.0, -7.786497473716736, 2.0975252985954285, -1.0720102787017822, 70.03043334186077, -43.49700266122818, -13.49700266122818, 59.738240122795105, 53.68007057905197, 7.139597117900848, -11.095488488674164, -4.049002110958099, -1.682112455368042, 9.289371907711029, -0.8595260977745056, -8.679831683635712, 0.1702633500099182, -1.4048722386360168, -6.975970506668091, -0.03731560707092285, -0.032352566719055176], "diffZ": [-1.2561035156011258e-05, 3.184067562866211, -2.5749274932861326, 2.5060261047363284, -0.4973422729492185, 18.96894247894287, -5.885314941167508e-06, 21.67987997894287, -8.14470212097168, -81.39430253143311, -47.18858353729248, -19.552280589294433, -17.85722081298828, 139.1793297088623, 105.9360903060913, 71.75267870788574, 39.257978276062005, -6.895834132385261, -11.576769992065437, 0.03481371765136032, -0.011324092102057648], "predictionX": [259.1198, 259.2762621925354, 262.2861775444031, 260.524145035553, 245.5552431629181, 262.0734187648773, 262.0734187648773, 293.6043652580261, 286.794862417984, 281.34252753715515, 273.8735887096405, 272.260806231308, 271.2648424194336, 244.1083106086731, 242.36463633041382, 242.30771389465332, 241.21644225578308, 244.5718857334137, 248.34482994537353, 248.39972582321167, 248.47530451278686], "predictionY": [0.0, -7.786497473716736, -5.688972771167755, -6.760984659194946, 63.26944939792156, -20.257987082004547, -20.257987082004547, 39.48025405406952, 63.16106766462326, 46.620599925518036, 35.5251207947731, 31.47611767053604, 29.794007539749146, 39.08338397741318, 38.219548761844635, 29.53971177339554, 29.70997244119644, 28.30510586500168, 21.329134702682495, 21.2918221950531, 21.259471774101257], "predictionZ": [-8.5687, -5.384619876098633, -7.959540530395508, -5.453522845458984, -5.9508640014648435, 13.018075779724121, 13.018075779724121, 34.6979540145874, 26.36462862854004, -30, -30, -30, -30, 109.17932207946777, 105.92216666107177, 101.7387550628662, 99.244062260437, 83.09024985198974, 71.51347811584472, 71.54828722839355, 71.53696234588622], "timestamp": [1589635951.2265146, 1589635953.117896, 1589635954.6265254, 1589635956.150167, 1589635957.6728725, 1589635959.1751533, 1589635962.8255777, 1589635964.310371, 1589635965.8102744, 1589635967.3219652, 1589635968.8580263, 1589635970.3657348, 1589635971.9005017, 1589635973.4346397, 1589635974.9292, 1589635976.415001, 1589635977.9629688, 1589635979.4446673, 1589635980.9288125, 1589635982.428266, 1589635983.9228506]}