{"oculusX": [258.8615628765106, 259.3838187740326, 261.08970370750427, 260.27955737571716, 263.25460401039123, 266.4074513004303, 261.611095337677, 255.8415743396759, 255.4739328907013, 254.15231910209656, 253.4132215068817, 256.9023880050659, 249.28455677490234, 244.78556838493347, 248.49306669692993, 247.417500881958, 243.10233321647644, 248.2121798084259, 241.27154674987793, 236.8104967163086, 231.5091404006958, 144.21442773799896], "oculusY": [0.016167759895324707, -0.590011477470398, -7.376149296760559, -9.494438767433167, 1.1367574334144592, -31.594105064868927, 19.506677985191345, 18.63977313041687, -8.083716034889221, -26.81765705347061, -10.27536392211914, 18.34900677204132, -11.243239045143127, -33.4591343998909, -29.417075216770172, -8.145511150360107, -16.04217290878296, -51.279641687870026, 3.4043043851852417, -23.799270391464233, -14.533519744873047, 14.099851250648499], "oculusZ": [-8.531029864501953, -6.488617106628418, -1.7498094284057615, 39.38013728027344, 40.36969359283447, 79.61088831787109, 73.75127489929199, 10.206882313537598, -2.229626818847656, 28.37151701812744, 61.15729029541016, 41.624132946777344, 9.692613438415528, 1.3408106124877932, 46.38106043701172, 47.510926083374024, -20.731027766418457, 52.28966887359619, 3.3353012359619143, 28.974596813964844, -30, 26.33721049194336], "dobotX": [259.11981201171875, 258.861572265625, 259.3838195800781, 261.0897216796875, 260.34283447265625, 263.2546081542969, 266.00592041015625, 262.54046630859375, 257.1971435546875, 255.4890594482422, 254.2043914794922, 253.46290588378906, 256.81683349609375, 250.05857849121094, 244.78689575195312, 247.6387939453125, 247.4202880859375, 244.04847717285156, 245.48245239257812, 247.0824432373047, 241.2667694091797, 236.4390106201172], "dobotY": [0.0, 0.016167759895324707, -0.5900115966796875, -7.3761491775512695, -9.329129219055176, 1.136757731437683, -27.426128387451172, 9.605477333068848, 18.843456268310547, -6.982424736022949, -26.079559326171875, -11.387799263000488, 17.646957397460938, -8.236455917358398, -33.452476501464844, -30.348438262939453, -8.200340270996094, -14.310775756835938, -32.455257415771484, -42.37861633300781, 3.3754005432128906, -23.149946212768555], "dobotZ": [-8.568687438964844, -8.530998229980469, -6.488624572753906, -1.7498092651367188, 36.17040252685547, 40.36968994140625, 74.6138916015625, 74.88661193847656, 25.137001037597656, -1.71710205078125, 27.165863037109375, 58.95252990722656, 42.10320281982422, 12.937103271484375, 1.3433074951171875, 36.00292205810547, 47.50801086425781, -5.7685089111328125, 13.280921936035156, 44.321258544921875, 3.3625335693359375, 24.84172821044922], "diffX": [-0.258249135208132, 0.5222465084075907, 1.7058841274261454, -0.810164303970339, 2.9117695377349833, 3.1528431461334208, -4.39482507247925, -6.698891968917849, -1.7232106639862081, -1.336740346145632, -0.7911699726104757, 3.4394821212768534, -7.532276721191408, -5.273010106277468, 3.7061709449768045, -0.22129306335449428, -4.317954869461062, 4.163702635574339, -4.210905642700197, -10.271946520996096, -9.757629008483889, -92.22458288211823], "diffY": [0.016167759895324707, -0.6061792373657227, -6.786137700080872, -2.118289589881897, 10.465886652469635, -32.73086279630661, 46.93280637264252, 9.034295797348022, -26.927172303199768, -19.835232317447662, 15.804195404052734, 29.73680603504181, -28.890196442604065, -25.2226784825325, 4.035401284694672, 22.202927112579346, -7.841832637786865, -36.96886593103409, 35.859561800956726, 18.57934594154358, -17.908920288085938, 37.24979746341705], "diffZ": [0.037657574462890864, 2.042381123352051, 4.738815144348145, 41.12994654541016, 4.199291065979004, 39.24119837646484, -0.8626167022705147, -64.67972962493897, -27.366627856445312, 30.08861906890869, 33.99142725830078, -17.32839696044922, -32.41058938140869, -11.596292658996582, 45.03775294189453, 11.508004025268555, -68.23903863067628, 58.058177784729004, -9.945620700073242, -15.346661730957031, -33.36253356933594, 1.4954822814941409], "timestamp": [1589132086.505714, 1589132088.26339, 1589132089.7562952, 1589132091.2451138, 1589132092.6848617, 1589132094.1007607, 1589132095.591161, 1589132096.9881678, 1589132098.5148358, 1589132100.014639, 1589132101.4737246, 1589132102.882555, 1589132104.3554907, 1589132105.8002787, 1589132107.1973836, 1589132108.5008392, 1589132109.88945, 1589132111.4067225, 1589132112.8513207, 1589132114.3043041, 1589132115.5951319, 1589132117.1067097]}