{"oculusX": [241.56052428158682, 241.76542245246316, 241.5607876747639, 241.28732424507757, 241.25046050657446, 241.33747555430182, 241.62578525340805, 242.05364242914817, 242.26509871402882, 242.54249159139985, 242.4363206323648, 242.21508751281377, 242.31384022397523, 242.5727319484137, 242.87801725598183, 243.0645129364908, 242.99222899998037, 243.12128173552784, 243.25501328313763, 243.3943174408908, 243.27866281782457, 243.20941594616033, 243.44931414041147, 243.69822730402583, 244.16088536683623, 244.4319113620944, 244.77041231031092, 244.80605746354573, 244.35671433810847, 244.1063813058491, 244.03394823610262, 244.1781456113127, 244.83814858982677, 245.45670680591277, 246.10117440113686, 246.169552782257, 247.28460638316344, 247.8212685047366, 248.30715376877978, 249.06795826096052, 249.41623109289804, 249.42525341026334, 249.53869233099988, 249.57166047236916, 249.66632334681864, 249.6042785154704, 249.59622688329998, 249.90388961219747, 250.52532625483363, 251.25434958321105, 252.09374386869794], "oculusY": [0.22437348054157333, -0.31690848966060636, -0.38534932045288933, -0.2470199463314761, -0.048171849778594164, 0.08748632796348425, 0.05039488352201137, -0.19915960618494433, -0.3132413012227314, -0.4722406502684448, -0.2905061960038319, 0.06459533263609635, 0.5294535546870487, 0.583424112505599, 0.604111790547262, 0.2387316813490089, 0.2929129744926321, 0.3841361358817998, 0.5177241779590761, 0.5625372511226232, 0.6805835702251408, 0.7492707388309693, 0.7569072293937398, 0.631963588820414, 0.03066805317064605, -0.3219125307721988, -0.8493562004382597, -1.316260067318839, -1.4064840993176122, -1.3355386174678054, -1.0414210120392249, -1.12175776922886, -1.7600598707390391, -2.499460661703736, -3.395073457807063, -4.0296543571296555, -5.890618625486182, -7.77324025102574, -9.074365499948843, -10.786089006021072, -12.037192455338504, -13.293636367540064, -14.421065757555322, -15.4011916148672, -17.178212939550157, -18.694398551457954, -19.893678435500714, -21.39727264817603, -22.856850845691586, -24.283772019082853, -26.09871358653441], "oculusZ": [-9.359772845458984, -9.292419596862793, -9.005840464782715, -8.858855410766601, -9.101803942871094, -9.15473286743164, -9.039219065856933, -8.96697823638916, -9.090002223205566, -9.19574086303711, -9.213503047180176, -9.277876063537597, -9.51784436340332, -9.980614825439453, -10.28221432800293, -10.178979083251953, -9.958561106872558, -10.02436463470459, -10.168965502929687, -10.257061167907715, -10.18470112915039, -10.217126055908203, -10.479624911499023, -10.417874499511719, -10.44112031097412, -10.531361743164062, -10.52635495300293, -10.086353465270996, -9.65064351196289, -9.676035090637207, -9.938772364807129, -10.053213282775879, -10.014470263671875, -10.361369296264648, -10.461862727355957, -9.985025569152832, -9.672220393371582, -8.66955105895996, -8.395846530151367, -7.835562869262695, -7.31592957611084, -6.357367678833008, -5.6702453338623044, -5.135949298095703, -4.11778275604248, -3.054793521118164, -2.2897083007812498, -1.8883306228637693, -1.5000659667968748, -1.58172433013916, -1.531537219238281], "dobotX": [259.11981201171875, 256.8013610839844, 253.4798126220703, 216.51979064941406], "dobotY": [0.0, 0.0, 0.0, 0.0], "dobotZ": [-8.568687438964844, -8.568687438964844, -8.568717956542969, -8.568702697753906], "diffX": [-16.805971787743516, -12.369449721889964, -5.658544117333719, 35.57395321928388], "diffY": [0.5294535546870487, -0.3219125307721988, -7.77324025102574, -26.09871358653441], "diffZ": [-0.9491569244384763, -1.9626743041992185, -0.10083310241699195, 7.037165478515625], "diffXYZ": [16.841077984030928, 12.528328081759184, 9.615225054179533, 44.67852612264382], "predictionX": [256.1198, -135, -135, -135], "predictionY": [0, 0, 0, 0], "predictionZ": [-8.5687, -8.5687, -8.5687, 30.4313], "oculusXSynchronized": [242.31384022397523, 244.4319113620944, 247.8212685047366, 252.09374386869794], "oculusYSynchronized": [0.5294535546870487, -0.3219125307721988, -7.77324025102574, -26.09871358653441], "oculusZSynchronized": [-9.51784436340332, -10.531361743164062, -8.66955105895996, -1.531537219238281], "timestamp": [1590337820.5432343, 1590337821.1729987, 1590337821.8236907, 1590337822.4794984], "oculusTimeStamp": [1590337820.3908498, 1590337820.4427595, 1590337820.4935696, 1590337820.5443156, 1590337820.5947466, 1590337820.645279, 1590337820.6958725, 1590337820.7470121, 1590337820.7975354, 1590337820.8480494, 1590337820.8989077, 1590337820.9498048, 1590337821.00064, 1590337821.0567725, 1590337821.1071618, 1590337821.157583, 1590337821.2084708, 1590337821.2598977, 1590337821.310294, 1590337821.3612213, 1590337821.4121761, 1590337821.4625866, 1590337821.5129175, 1590337821.563341, 1590337821.6137147, 1590337821.6640909, 1590337821.723323, 1590337821.773603, 1590337821.8244283, 1590337821.8752038, 1590337821.9255967, 1590337821.976543, 1590337822.0269063, 1590337822.0772405, 1590337822.127689, 1590337822.1780903, 1590337822.2284353, 1590337822.2788706, 1590337822.3430784, 1590337822.3934255, 1590337822.4442997, 1590337822.4945307, 1590337822.5449061, 1590337822.5954642, 1590337822.6464372, 1590337822.6969593, 1590337822.747397, 1590337822.8133976, 1590337822.8742943, 1590337822.9403722, 1590337823.0011928]}