{"oculusX": [258.92715778808594, 258.7445738599777, 258.735603360939, 258.70548811416626, 258.49867489795685, 258.00429907302856, 257.9405370042801, 258.1737997816086, 258.93822935085296, 259.4223084733963, 259.6470626876831, 259.3448075340271, 259.10826650123596, 259.19108715515137, 259.37638309459686], "oculusY": [-0.2659410238265991, -0.23734569549560547, -0.03178417682647705, 0.26795268058776855, 0.10930001735687256, -0.2570152282714844, -0.22958219051361084, 0.04696846008300781, 0.11523067951202393, 0.21757185459136963, -0.04851818084716797, -0.08733570575714111, 0.005751848220825195, -0.1748502254486084, -0.08624792098999023], "oculusZ": [-8.18115059967041, -7.997449084472656, -7.998521968078613, -8.164699717712402, -8.08041875, -7.9154330932617185, -8.054907962036133, -8.30787007446289, -8.680518313598633, -8.963044329833984, -8.997734233093261, -8.749659701538086, -8.569415255737304, -8.528884097290039, -8.709843798828125], "dobotX": [259.11981201171875], "dobotY": [0.0], "dobotZ": [-8.568687438964844], "diffX": [0.2565710828781107], "diffY": [-0.08624792098999023], "diffZ": [-0.141156359863281], "diffXYZ": [0.30527453607235905], "predictionX": [3.178417682647705e-05], "predictionY": [0.0003841966390609741], "predictionZ": [0.0005701780319213867], "oculusXSynchronized": [259.37638309459686], "oculusYSynchronized": [-0.08624792098999023], "oculusZSynchronized": [-8.709843798828125], "timestamp": [1590011270.7544382], "oculusTimeStamp": [1590011270.5284653, 1590011270.5793116, 1590011270.6296835, 1590011270.6805568, 1590011270.7309325, 1590011270.7814429, 1590011270.8320482, 1590011270.8825486, 1590011270.9331717, 1590011270.9840035, 1590011271.0348244, 1590011271.0855057, 1590011271.136312, 1590011271.1871746, 1590011271.2375965]}