{"oculusX": [259.1198, 259.1198, 259.1198, 259.1198, 259.1198], "oculusY": [0.0, 0.0, 0.0, 0.0, 0.0], "oculusZ": [-8.5687, -8.5687, -8.5687, -8.5687, -8.5687], "dobotX": [259.11981201171875, 259.11981201171875, 259.11981201171875, 259.11981201171875, 259.11981201171875], "dobotY": [0.0, 0.0, 0.0, 0.0, 0.0], "dobotZ": [-8.568687438964844, -8.568687438964844, -8.568687438964844, -8.568687438964844, -8.568687438964844], "diffX": [-1.2011718752091838e-05, -1.2011718752091838e-05, -1.2011718752091838e-05, -1.2011718752091838e-05, -1.2011718752091838e-05], "diffY": [0.0, 0.0, 0.0, 0.0, 0.0], "diffZ": [-1.2561035156011258e-05, -1.2561035156011258e-05, -1.2561035156011258e-05, -1.2561035156011258e-05, -1.2561035156011258e-05], "predictionX": [259.1198, 259.1198, 259.1198, 259.1198, 259.1198], "predictionY": [0.0, 0.0, 0.0, 0.0, 0.0], "predictionZ": [-8.5687, -8.5687, -8.5687, -8.5687, -8.5687], "timestamp": [1589633111.354699, 1589633113.133574, 1589633114.6247308, 1589633116.132068, 1589633117.6552045]}