{"oculusX": [266.99294772605896, 269.8997172401428, 272.8773566768646, 274.642637638855, 275.72270360450744, 275.8244785354614, 275.441786913681, 274.44939938049316, 273.7123283432007, 273.3857544944763, 273.0382594154358, 272.8110167072296, 272.8306266353607, 273.133209614563, 273.54212728004455, 273.47992983322143, 273.5052320049286, 273.6216994808197, 273.61556020240783, 273.41379847984314, 273.3778568790436, 273.100695280838, 272.9200038002014, 272.852173714447, 272.78404560546875, 272.67887320976257, 272.4436136768341, 272.2240003631592, 272.2464415119171, 272.43789163093567, 272.58475747566223, 272.4481734321594, 272.41685119132995, 272.3621937320709, 272.3604949996948, 272.3683330104828, 272.4099966571808, 272.38663163642883, 272.3387393043518, 272.2108575389862, 272.21947041015625, 272.1440705345154, 272.3658594177246, 272.7546009109497, 272.9912611530304, 272.9178282306671], "oculusY": [13.517685234546661, 15.72517678141594, 16.730759292840958, 15.153300017118454, 14.002110809087753, 14.377333223819733, 15.048101544380188, 15.773896127939224, 15.932295471429825, 15.445806086063385, 14.041967689990997, 13.157837092876434, 12.283213436603546, 11.882796883583069, 11.773262172937393, 12.190841138362885, 12.25343719124794, 12.456163763999939, 12.855421751737595, 13.481546193361282, 13.748504221439362, 13.652659952640533, 13.846628367900848, 13.980567455291748, 13.819493353366852, 13.68258148431778, 13.877026736736298, 13.821762055158615, 13.784967362880707, 13.7561596930027, 13.905886560678482, 14.014028012752533, 13.970069587230682, 14.009647071361542, 14.066614210605621, 14.221139252185822, 14.248766005039215, 14.409173280000687, 14.613263309001923, 14.695335179567337, 14.703605324029922, 14.579039067029953, 14.54554870724678, 14.62104544043541, 14.660794287919998, 14.835238456726074], "oculusZ": [-25.307233973693847, -29.554899378967285, -32.93507878417969, -34.48694531555176, -35.2408248626709, -35.70442978973389, -35.73077504272461, -35.30698601837158, -34.797723933410644, -34.19333283538818, -33.40106789703369, -32.872017070007324, -32.61941258544922, -33.056672259521484, -33.73056237335205, -33.877785845947265, -33.79028622741699, -33.83391682739258, -33.93512551422119, -33.83713547821045, -33.88601128692627, -33.389504595947265, -33.19996182556152, -33.32405869598389, -33.25563256378174, -33.070381327819824, -32.97179524536133, -32.8609306060791, -32.96190087432861, -33.1736165725708, -33.37460343475342, -33.35493390197754, -33.07312314147949, -33.093269511413574, -33.17528550262451, -33.22201554412842, -33.24979130859375, -33.11079327697754, -33.185179873657226, -33.0823022567749, -32.96452347869873, -32.934721156311035, -33.15537755126953, -33.61039940948486, -33.83260552520752, -33.76739804382324], "dobotX": [259.11981201171875, 266.1295166015625], "dobotY": [0.0, 13.412357330322266], "dobotZ": [-8.568687438964844, -23.95934295654297], "diffX": [13.691204695510862, 6.788311629104612], "diffY": [13.157837092876434, 1.4228811264038086], "diffZ": [-24.30332963104248, -9.808055087280273], "predictionX": [272.8110167072296, 272.9178282306671], "predictionY": [13.157837092876434, 14.835238456726074], "predictionZ": [-30, -30], "oculusXSynchronized": [272.8110167072296, 272.9178282306671], "oculusYSynchronized": [13.157837092876434, 14.835238456726074], "oculusZSynchronized": [-32.872017070007324, -33.76739804382324], "timestamp": [1589637741.534706, 1589637743.4937558], "oculusTimeStamp": [1589637741.235981, 1589637741.2874353, 1589637741.3381865, 1589637741.3893542, 1589637741.440644, 1589637741.4911144, 1589637741.5416195, 1589637741.5926194, 1589637741.643241, 1589637741.6941154, 1589637741.7455158, 1589637741.7959552, 1589637741.8662374, 1589637741.9300652, 1589637741.9857485, 1589637742.0672755, 1589637742.1319232, 1589637742.1832356, 1589637742.2552276, 1589637742.3240325, 1589637742.385647, 1589637742.4422858, 1589637742.493163, 1589637742.5557826, 1589637742.6198604, 1589637742.6822484, 1589637742.7346315, 1589637742.797238, 1589637742.8722754, 1589637742.9408746, 1589637743.0016003, 1589637743.0627487, 1589637743.1228845, 1589637743.1813893, 1589637743.2320635, 1589637743.2824094, 1589637743.3335247, 1589637743.3841643, 1589637743.4354908, 1589637743.4862645, 1589637743.536964, 1589637743.587423, 1589637743.6377845, 1589637743.6881428, 1589637743.739233, 1589637743.7897315]}