{"oculusX": [283.8216039226532, 303.6757620857239, 316.3777801082611, 328, 328, 328, 328, 326.47555199127197, 321.4923950717926, 319.70896449546814, 320.68692770462036, 320.81868377189636, 320.3786822841644, 323.0146380947113, 324.90133371810913, 326.31911960105896, 326.94890227775574, 326.7973872707367, 326.57172408561706, 325.99701610069275, 324.9738725708008, 324.0944060371399, 323.29281297187805, 322.6636561439514, 324.0856441543579, 328, 328, 328, 328, 328, 328, 328, 328, 328, 328, 328, 328, 328, 328, 328, 328, 328, 328, 328, 328, 328, 328, 328, 328, 328, 328, 328, 328, 328, 328, 328, 328, 328, 328, 328, 328, 328, 328, 328, 328, 328, 317.08293285827637, 312.1387275741577, 303.2472046897888, 302.1493169353485, 300.7622572467804, 306.8480106876373, 311.17903318862915, 317.3251065299988, 321.30040851097107, 325.7716807411194, 328, 328, 328, 328, 328, 328, 328, 328, 328, 328, 328, 328, 328, 328, 325.59426751594543, 318.74226656417846, 311.82496872406006, 307.8614684627533, 304.30262413482666, 304.8388275192261, 306.1675342605591, 307.89618816833496, 308.97378054122925, 310.6412502811432, 312.71748867492676, 315.1462587402344, 317.92463984947204, 319.86247625808716, 321.4603873775482, 323.8874885128021, 324.239006905365, 321.87687483291626, 317.66112771492004, 313.68946161727905, 304.3747457550049, 292.9846855686188, 282.6437267349243, 268.8641163394928, 255.92290487747192, 248.3304056213379, 242.25195374946594, 241.0419794605255, 244.9078175113678, 256.1825725124359, 266.5736588523865, 282.69984450798034, 301.9018384502411, 314.40805521469116, 328, 328, 328, 328, 328, 328, 328, 328, 328, 319.4443198726654, 305.4689976261139, 288.9512690589905, 278.7482353733063, 264.1985925720215, 251.85727205734253, 246.0384282157898, 241.20896187286377, 245.28425064544678, 255.0234409854889, 269.25705996017456, 282.1817013309479, 304.82508864860534, 321.9536158130646, 328, 328, 328, 322.06001010398865, 304.6004387424469, 289.1769322441101, 258.24173417549133, 239.08992734413147, 231.53179016571045, 225.14440741996765, 223.16505637626648, 223.1691392944336, 216.46778908233642, 214.33120098571777, 205.59932914237976, 205.94089355926513, 212.9532310054779, 225.39525356750488, 238.37893333892822, 263.63187160949707, 290.1637169406891, 311.96259584884643, 328, 328, 328, 328, 328, 328, 328, 328, 326.7445179508209, 310.0528630302429, 301.1154147670746, 301.6530486629486, 303.37308969955444], "oculusY": [5.081421695649624, -13.535363599658012, -22.516190074384212, -30.14516271650791, -30.005740001797676, -30.472958460450172, -29.466399922966957, -28.76848168671131, -34.42986495792866, -37.51242533326149, -39.91458937525749, -42.91006550192833, -46.367015689611435, -47.048818320035934, -48.13085496425629, -49.85181614756584, -44.813189655542374, -42.24535450339317, -38.39493356645107, -31.022941693663597, -24.68128129839897, -18.95349659025669, -12.847118079662323, -11.621327372267842, -12.91106827557087, -17.627786844968796, -22.600876167416573, -32.15852007269859, -44.229656457901, -53.787846118211746, -64.10953402519226, -74.11149889230728, -83.44332873821259, -96.82797640562057, -110.19925773143768, -124.17828291654587, -133.59130918979645, -137.7357393503189, -138.15996050834656, -132.06851482391357, -123.91563504934311, -110.2592721581459, -96.84981405735016, -78.61938327550888, -60.00392884016037, -43.55810955166817, -24.00044910609722, 0.5353037267923355, 23.293957114219666, 51.81555822491646, 75.02391934394836, 83.78127217292786, 89.04360234737396, 78.38787138462067, 65.73227792978287, 45.134037733078, 28.701167553663254, 8.627764880657196, -12.140310369431973, -26.25689096748829, -46.19279503822327, -59.92038920521736, -78.90283316373825, -100.38874298334122, -116.62928014993668, -131.13032281398773, -147.22806215286255, -148.02108705043793, -153.1520038843155, -148.87650310993195, -141.91585779190063, -130.03279268741608, -118.46098303794861, -101.1752039194107, -87.1703028678894, -67.82156229019165, -46.429432928562164, -28.539441525936127, -10.181449353694916, 0.26164110749959946, 11.60464808344841, 9.578082710504532, 9.454075247049332, -3.572926390916109, -18.966907635331154, -33.130597323179245, -57.500071823596954, -85.1319432258606, -112.22517490386963, -148.55679869651794, -167.6517277956009, -189.95563685894012, -203.43120396137238, -207.5151652097702, -203.60101759433746, -194.32130455970764, -182.98682570457458, -164.5304560661316, -145.19552886486053, -121.7893660068512, -99.08860176801682, -82.0750966668129, -61.05875223875046, -42.01066866517067, -36.30833514034748, -31.972525641322136, -42.189016938209534, -57.150907814502716, -81.88340812921524, -106.0776486992836, -137.3390406370163, -162.08481788635254, -178.32915484905243, -198.0842798948288, -211.01181209087372, -217.15310215950012, -218.49718689918518, -213.189035654068, -202.30475068092346, -183.15494060516357, -164.95351493358612, -136.23924553394318, -99.79166835546494, -72.54570722579956, -37.43548318743706, -10.97288983874023, 5.699171684682369, 15.79798199236393, 16.94098860025406, -5.2894712425768375, -36.42939403653145, -60.90063601732254, -93.87277066707611, -121.95055931806564, -140.94820618629456, -158.14542770385742, -166.8146699666977, -173.14612865447998, -174.93988573551178, -173.0489730834961, -164.4374430179596, -143.00571382045746, -120.81503123044968, -86.07122302055359, -58.761611580848694, -16.440809704363346, 8.057588711380959, 28.255466371774673, 29.797829687595367, 23.382216691970825, 9.11853276193142, -20.373918116092682, -46.990104019641876, -77.20106840133667, -83.49654823541641, -77.47799903154373, -50.44284462928772, -8.048649338888936, 14.767171815037727, 51.831603050231934, 72.73080945014954, 87.75512129068375, 92.3127606511116, 82.38715678453445, 50.25951936841011, 22.98545278608799, -30.324077233672142, -94.64003145694733, -132.57435709238052, -166.10701382160187, -176.7343282699585, -176.32068693637848, -168.9654439687729, -160.61833500862122, -141.30647480487823, -106.1185672879219, -68.40020045638084, -24.92654323577881, 18.201185390353203, 37.3716838657856, 41.527751833200455, 44.66855153441429],