{"oculusX": [264.967991678524, 285.55249300460815, 308.52258828144073, 328, 328, 328, 328, 328, 328, 328, 328, 328, 328, 328, 328, 328, 328, 328, 328, 328, 328, 328, 328, 328, 328, 328, 328, 328, 328, 328, 328, 328, 328, 328, 328, 328, 328, 328, 328, 328, 328, 328, 328, 328, 328, 328, 328, 328, 328, 328, 328, 328, 328, 328, 328, 328, 328, 328, 328, 328, 328, 328, 328, 328, 328, 328, 328, 328, 328, 328, 328, 328, 328, 328, 328, 328, 328, 328, 328, 328, 328, 328, 328, 328, 328, 328, 328, 328, 328, 328, 328, 328, 328, 328, 328, 328, 328, 328, 328, 328, 328, 328, 328, 328, 328, 328, 328, 328, 328], "oculusY": [45.273857191205025, 84.58531089127064, 106.91151954233646, 97.30399586260319, 44.182246550917625, 10.555662214756012, -26.364371180534363, -35.17612814903259, -41.21900349855423, -46.99363373219967, -46.377213671803474, -43.97192597389221, -43.37739758193493, -42.44263656437397, -43.372876942157745, -42.657867074012756, -42.17802919447422, -43.271906673908234, -43.054329231381416, -43.93596760928631, -43.16660575568676, -42.96831600368023, -43.84140484035015, -45.16381956636906, -46.48967646062374, -47.32394404709339, -47.949014231562614, -49.63517747819424, -51.62103660404682, -52.62751691043377, -53.981659933924675, -55.32277189195156, -57.56820924580097, -59.41505543887615, -60.484668239951134, -62.14827857911587, -63.281795009970665, -63.78377787768841, -64.21643681824207, -64.58421610295773, -65.05842693150043, -64.92692418396473, -64.42651338875294, -65.59372507035732, -66.00754521787167, -66.26670621335506, -65.69056771695614, -66.2816483527422, -65.95257855951786, -65.44254161417484, -65.11008180677891, -64.83436934649944, -64.81425277888775, -65.0309044867754, -65.3026681393385, -65.78646041452885, -65.82033075392246, -65.91946445405483, -65.95177762210369, -66.1569181829691, -65.9539271146059, -65.86392782628536, -65.8391248434782, -65.75755961239338, -65.83831645548344, -65.77263213694096, -65.88797457516193, -65.89860282838345, -65.96015579998493, -66.28588773310184, -66.43627025187016, -66.53509102761745, -66.61602295935154, -66.80444069206715, -67.17419065535069, -67.38310120999813, -68.24488006532192, -68.55202279984951, -68.54800693690777, -68.84611584246159, -68.95077414810658, -69.1568348556757, -69.17503662407398, -69.14996542036533, -69.27880086004734, -69.60895098745823, -69.67750377953053, -69.48223151266575, -69.15557198226452, -69.07910667359829, -68.82734037935734, -68.39798577129841, -72.16952927410603, -70.39101235568523, -70.80827094614506, -68.07049922645092, -66.59961678087711, -66.04410894215107, -66.86230935156345, -67.24422611296177, -67.46340356767178, -67.56052561104298, -67.61597283184528, -67.38737039268017, -67.25231744349003, -67.38158129155636, -67.82332994043827, -67.83775053918362, -68.14956478774548], "oculusZ": [25.58345015411377, 83.26864655380248, 147.09234650497436, 160, 160, 160, 160, 160, 160, 160, 160, 160, 160, 160, 160, 160, 160, 160, 160, 160, 160, 160, 160, 160, 160, 160, 160, 160, 160, 160, 160, 160, 160, 160, 160, 160, 160, 160, 160, 160, 160, 160, 160, 160, 160, 160, 160, 160, 160, 160, 160, 160, 160, 160, 160, 160, 160, 160, 160, 160, 160, 160, 160, 160, 160, 160, 160, 160, 160, 160, 160, 160, 160, 160, 160, 160, 160, 160, 160, 160, 160, 160, 160, 160, 160, 160, 160, 160, 160, 160, 160, 160, 160, 160, 160, 160, 160, 160, 160, 160, 160, 160, 160, 160, 160, 160, 160, 160, 160], "dobotX": [259.11981201171875, 259.88128662109375, 266.5788269042969, 275.2624206542969, 278.58819580078125, 278.6083679199219, 278.6169738769531], "dobotY": [0.0, 6.791049480438232, 66.52051544189453, 143.9623260498047, 173.13690185546875, 173.36875915527344, 173.48483276367188], "dobotZ": [-8.568687438964844, -8.864303588867188, -11.464309692382812, -14.835369110107422, -15.671802520751953, -15.613269805908203, -15.583992004394531], "diffX": [68.88018798828125, 68.11871337890625, 61.421173095703125, 52.737579345703125, 49.41180419921875, 49.391632080078125, 49.383026123046875], "diffY": [-43.372876942157745, -59.418566390872, -132.7872216552496, -209.82625387609005, -241.38178192079067, -245.53828842937946, -241.3225833028555], "diffZ": [168.56868743896484, 168.8643035888672, 171.4643096923828, 174.83536911010742, 175.67180252075195, 175.6132698059082, 175.58399200439453], "diffXYZ": [187.19265246380786, 191.5355793864345, 225.39968109484553, 278.1649068138992, 302.60084804634664, 305.88985752438026, 302.49795161163064], "predictionX": [295.89308848045766, 299.0432719066739, 299.0594150554389, 302.0654425416142, 292.0658383164555, 290.0689507741481, 290.0665996167809], "predictionY": [327.95059721171856, 327.8410135060549, 327.83684389293194, 327.8379542082548, 327.8358345478773, 327.8360114246607, 327.83250592648983], "predictionZ": [-22.844338953495026, -2.6352234482765198, 12.369857966899872, 26.372608482837677, 23.370945394039154, 23.371759355068207, 5.369288146495819], "oculusXSynchronized": [328, 328, 328, 328, 328, 328, 328], "oculusYSynchronized": [-43.372876942157745, -52.62751691043377, -66.26670621335506, -65.86392782628536, -68.24488006532192, -72.16952927410603, -67.83775053918362], "oculusZSynchronized": [160, 160, 160, 160, 160, 160, 160], "timestamp": [1590320475.980557, 1590320476.7716742, 1590320477.5628035, 1590320478.3569732, 1590320479.1527255, 1590320479.9252758, 1590320480.7272844], "oculusTimeStamp": [1590320475.7712817, 1590320475.8219953, 1590320475.8726685, 1590320475.9231942, 1590320475.9736097, 1590320476.0241067, 1590320476.0745785, 1590320476.1248965, 1590320476.175645, 1590320476.226276, 1590320476.2769244, 1590320476.327374, 1590320476.3778515, 1590320476.4285834, 1590320476.4789722, 1590320476.5295684, 1590320476.5801737, 1590320476.630856, 1590320476.6816719, 1590320476.7320502, 1590320476.7828326, 1590320476.833689, 1590320476.88445, 1590320476.9350061, 1590320476.9857595, 1590320477.0362089, 1590320477.086644, 1590320477.1369827, 1590320477.1874826, 1590320477.2379694, 1590320477.2883823, 1590320477.339039, 1590320477.3897696, 1590320477.4405057, 1590320477.4908044, 1590320477.5411654, 1590320477.5917232, 1590320477.6420054, 1590320477.6927943, 1590320477.7431145, 1590320477.7934587, 1590320477.8438148, 1590320477.8942876, 1590320477.9446588, 1590320477.9950907, 1590320478.045558, 1590320478.096356, 1590320478.1470597, 1590320478.1977935, 1590320478.248507, 1590320478.2988274, 1590320478.3496234, 1590320478.400181, 1590320478.45062, 1590320478.5012078, 1590320478.551695, 1590320478.6024885, 1590320478.6528156, 1590320478.7032642, 1590320478.75378, 1590320478.8041687, 1590320478.854817, 1590320478.9054346, 1590320478.9560773, 1590320479.0077112, 1590320479.0585804, 1590320479.1091654, 1590320479.1594613, 1590320479.2098935, 1590320479.2603328, 1590320479.3108923, 1590320479.361697, 1590320479.4122133, 1590320479.46266, 1590320479.5130987, 1590320479.5636346, 1590320479.6143098, 1590320479.6648057, 1590320479.7153702, 1590320479.766102, 1590320479.8167627, 1590320479.867435, 1590320479.9182124, 1590320479.9684994, 1590320480.018957, 1590320480.0694208, 1590320480.1199777, 1590320480.1704168, 1590320480.2208445, 1590320480.2714658, 1590320480.3219647, 1590320480.372824, 1590320480.4231942, 1590320480.4738338, 1590320480.5245202, 1590320480.5750215, 1590320480.6255145, 1590320480.676162, 1590320480.726662, 1590320480.777183, 1590320480.828008, 1590320480.878588, 1590320480.929, 1590320480.9793475, 1590320481.0301573, 1590320481.0809453, 1590320481.1314309, 1590320481.1819825, 1590320481.2324777]}