{"oculusX": [259.05399647216797, 258.7678941772461, 258.3014580295563, 258.20805755119324, 258.1177565143585, 257.74829712371826, 257.3518964336395, 257.14426365356445, 256.85503211479187, 256.88757625083923, 256.7426177547455, 257.0392104671478, 257.333329586792, 257.09562626342773, 257.0494028614044, 256.79983821372986, 257.3495420501709, 257.95756903152466, 258.79876938323974, 259.3801828907013, 259.565881161499, 259.9946471736908, 260.3297742889404, 260.54604974250793, 260.86010661582947, 261.0442849681854, 261.2553152130127, 261.4546927497864, 261.1871871040344, 261.29542913894653, 261.39541593055725, 261.41067471961975, 261.7655607746124, 262.1812137649536, 262.61248317222595, 262.9192086742401, 263.5543557689667, 264.12602391700744, 264.6604987667084, 265.1344749019623, 265.4272231147766, 265.8224615142822, 265.7249483154297, 265.763870148468, 265.80928888778686, 266.1060902164459, 265.8709796951294, 265.88149991493225, 265.6944605396271, 265.5745657966614, 265.3911325023651, 265.43997850875854, 265.6566115901947, 265.62692847709656, 264.7349747703552, 263.80439725379944, 263.79417505722046, 263.82591453056335, 263.9319213912964, 263.94366350631714, 263.98070779304504, 264.07467451553345, 264.2373653934479, 264.2453226135254, 264.4972416446686, 264.5870062397003, 264.9151596115112, 265.22662368278503, 265.2429255531311, 265.2025136039734, 265.57247963409424, 265.8760162876129, 265.9778210208893, 266.0163256214142, 266.27962913970947, 266.3235875652313, 266.24917116622925, 266.2776323841095, 266.35356870155334, 266.401818661499, 266.19704690437317, 265.9426542804718, 265.71606722335815, 265.55456843833923, 265.5324253128052, 265.41962352256775, 265.385052828598, 265.3529557273865, 265.33653464775085, 265.3558167503357, 265.23091521720886, 264.9532469795227, 264.91438475112915, 264.8805889175415, 264.645865826416, 264.384737877655, 264.48812213401794, 264.36846580963135, 263.90515890579223, 263.3144470737457, 263.1441864059448, 262.7848598049164, 262.4428185508728, 262.20559206466675, 260.863146452713, 259.3796166465759, 255.72197761993408, 252.4415167854309, 247.11122241477966, 242.77003732185364, 238.90831199150085, 233.869156508255, 227.1117183254242, 221.70027223091125, 209.77812138061523, 206.55923214416504], "oculusY": [-0.5294978618621826, -0.3044009208679199, -0.47773122787475586, -0.39686262607574463, -0.3257542848587036, 0.13557076454162598, 0.1448988914489746, 0.03921985626220703, -0.2224445343017578, -0.010669231414794922, 0.3689378499984741, 0.9146183729171753, 1.7126202583312988, 2.3204684257507324, 2.7521848678588867, 2.6263445615768433, 1.9607096910476685, 1.7679482698440552, 1.6650259494781494, 1.6503334045410156, 1.5743672847747803, 1.0056346654891968, 0.6440579891204834, 0.18408894538879395, -0.14632940292358398, -0.46938657760620117, -0.7756650447845459, -0.827595591545105, -0.8793771266937256, -1.2691766023635864, -1.4312416315078735, -1.382589340209961, -1.5920698642730713, -1.6769170761108398, -1.7673373222351074, -1.833409070968628, -1.7605721950531006, -2.115771174430847, -2.0651817321777344, -2.0319968461990356, -2.1573156118392944, -2.071887254714966, -1.8260478973388672, -1.9913911819458008, -2.6480406522750854, -2.898871898651123, -2.373412251472473, -2.0989924669265747, -2.0740926265716553, -1.9952654838562012, -1.5212148427963257, -1.4637857675552368, -1.3380050659179688, -1.0385662317276, -0.5312412977218628, -0.035122036933898926, 0.14893710613250732, 0.2213120460510254, 0.23469328880310059, 0.37664175033569336, 0.6526559591293335, 0.994756817817688, 0.8969604969024658, 0.9735822677612305, 0.8980333805084229, 0.8714795112609863, 0.5356073379516602, 0.4708021879196167, 0.558122992515564, 0.48997998237609863, 0.13343989849090576, 0.11131167411804199, 0.12889504432678223, 0.23539364337921143, 0.2072155475616455, 0.2564340829849243, 0.23132562637329102, 0.37123262882232666, 0.30528008937835693, 0.3433823585510254, 0.3304034471511841, 0.46105682849884033, 0.4103630781173706, 0.14950335025787354, 0.19691884517669678, 0.41185319423675537, 0.5897879600524902, 0.7982850074768066, 0.7779151201248169, 0.6846189498901367, 0.8283704519271851, 1.097157597541809, 1.0432451963424683, 0.922083854675293, 1.0237544775009155, 1.1166930198669434, 1.1448115110397339, 1.6222596168518066, 2.0971298217773438, 3.107413649559021, 3.4634023904800415, 4.022717475891113, 4.654332995414734, 5.333736538887024, 6.437242031097412, 8.257761597633362, 11.040464043617249, 14.109626412391663, 18.81338655948639, 24.824723601341248, 30.76210618019104, 43.275222182273865, 59.50561165809631, 71.017324924469, 86.78065985441208, 96.57471626996994], "oculusZ": [-8.149560137939453, -7.738168879699707, -7.301743670654297, -7.120307131958008, -7.095750018310547, -6.582673236083984, -6.1492282592773435, -5.82819764251709, -5.548890277099609, -5.671795054626465, -5.704339190673828, -6.10905472869873, -6.2304097854614255, -5.726988955688476, -5.573089762878418, -5.242283984375, -5.6588012420654294, -6.200011416625976, -7.192905589294433, -7.652934237670898, -7.7263671600341794, -7.990773364257812, -8.14145390625, -8.318837329101562, -8.458192988586426, -8.444245501708984, -8.687074824523926, -8.881982012939453, -8.652265711975097, -8.902009173583984, -8.976634188842773, -8.958037539672851, -9.182627841186523, -9.597356959533691, -9.929116412353515, -10.24275605316162, -10.699327632141113, -11.22694794769287, -11.757190867614746, -12.252028628540039, -12.54981343383789, -12.83818070526123, -12.81970326538086, -12.77404610748291, -12.709434672546386, -12.76653592224121, -12.57866208190918, -12.486513301086426, -12.358720942687988, -12.329753085327148, -12.261565371704101, -12.462194606018066, -12.658770724487304, -12.900884791564941, -12.095506831359863, -11.266644641113281, -11.218841716003418, -11.237080737304687, -11.213834925842285, -11.161382838439941, -11.219556971740722, -11.205728694152832, -11.32446114654541, -11.265929385375976, -11.619742556762695, -11.784370585632324, -12.268837138366699, -12.732442065429687, -12.774522944641113, -12.703235789489746, -12.908752604675293, -13.063247843933105, -13.210232897949219, -13.237770243835449, -13.405378504943847, -13.400967761230469, -13.2836658203125, -13.13250844116211, -13.205226107788086, -13.266618891906738, -13.014372035217285, -12.751396342468261, -12.44741265411377, -12.336667224121094, -12.322242900085449, -12.325103923034668, -12.355621501159668, -12.373145266723633, -12.322958155822754, -12.352522059631347, -12.198503657531738, -12.055690928649902, -11.9944173538208, -11.93648163909912, -11.673267527770996, -11.436637088012695, -11.535580798339844, -11.554296656799316, -11.189397021484375, -10.82247082824707, -10.609324618530273, -10.240610285949707, -10.011132403564453, -9.741957827758789, -8.630688830566406, -7.754619761657715, -4.8206407272338865, -2.4782973968505857, 0.5270880020141604, 3.575865582275391, 5.913559750366211, 9.32664091949463, 11.729184941101074, 11.758152798461914, 12.462918118286133, 10.34754927520752], "dobotX": [259.11981201171875, 237.47015380859375, 208.68792724609375, 242.81588745117188, 264.68280029296875], "dobotY": [0.0, 9.814825057983398, 22.85605239868164, 7.205343246459961, -0.19947591423988342], "dobotZ": [-8.568687438964844, 66.77027893066406, 167.11282348632812, 52.92707061767578, -11.79730224609375], "diffX": [-2.3771942569732687, 28.352307705688474, 55.899078993606565, 22.415027766036985, -58.12356814880371], "diffY": [0.3689378499984741, -11.886712312698364, -21.984572887420654, -6.376972794532776, 96.77419218420982], "diffZ": [2.864348248291016, -79.6084596359253, -178.89719407196046, -65.12557427520753, 22.14485152130127], "diffXYZ": [3.7405425488872597, 85.33846804019653, 188.71204128034984, 69.16964418334095, 115.03907117216953], "predictionX": [162.58742537956238, 261.29542913894653, 265.62692847709656, 266.401818661499, 262.20559206466675], "predictionY": [43.76271367073059, -1.2691766023635864, -1.0385662317276, 0.3433823585510254, 5.333736538887024],