{"oculusX": [259.0343567417145, 259.1198005076278, 259.11066050082445, 259.10504737636074, 259.0940258160699, 259.10850827302784, 259.10891953099053, 259.13003409293015, 259.11257271957584, 259.13906540418975, 259.1159691918292, 259.13586501881946, 259.13606793177314, 259.1443396480754, 259.14411774266046, 259.14914476149715, 259.1496850519907, 259.1584602666553, 259.1572260862449, 259.16858660359867, 259.16889233270194], "oculusY": [0.2821139059960842, 0.0, 0.030177646782249212, 0.04872726835310459, 0.08512947335839272, 0.03729028534144163, 0.035911290906369686, -0.033832567278295755, 0.023885008646175265, -0.06360819842666388, 0.012677082791924477, -0.05305858328938484, -0.05371627863496542, -0.08103749435395002, -0.08032007794827223, -0.09689675644040108, -0.09869267325848341, -0.1277425019070506, -0.12362595787271857, -0.16122622741386294, -0.16223006090149283], "oculusZ": [-8.340175791931152, -8.568699469157309, -8.544255536049604, -8.529225021600723, -8.499734639190137, -8.538488518912345, -8.539605189114809, -8.596100040245801, -8.549346499843523, -8.620222537312657, -8.558432963734958, -8.611673136707395, -8.612199659924954, -8.634319690056145, -8.633740907534957, -8.64715343574062, -8.64861601521261, -8.672139266505837, -8.668795665958896, -8.699252125341445, -8.700056708650663], "dobotX": [259.11981201171875, 259.03436279296875, 259.11981201171875, 259.11065673828125, 259.10504150390625, 259.093994140625, 259.1085205078125, 259.10894775390625, 259.1300354003906, 259.1125793457031, 259.1390380859375, 259.115966796875, 259.1358642578125, 259.1360778808594, 259.14434814453125, 259.14410400390625, 259.14910888671875, 259.1496887207031, 259.158447265625, 259.1572265625, 259.1685485839844], "dobotY": [0.0, 0.2821138799190521, 0.0, 0.03017764538526535, 0.04872726649045944, 0.08512946963310242, 0.037290286272764206, 0.03591129556298256, -0.03383256867527962, 0.023885007947683334, -0.06360819935798645, 0.012677080929279327, -0.05305858328938484, -0.053716279566287994, -0.0810374990105629, -0.0803200826048851, -0.09689674526453018, -0.09869267791509628, -0.12774249911308289, -0.12362594902515411, -0.16122621297836304], "dobotZ": [-8.568687438964844, -8.340179443359375, -8.568687438964844, -8.54425048828125, -8.529212951660156, -8.499732971191406, -8.538482666015625, -8.53961181640625, -8.596107482910156, -8.549346923828125, -8.620208740234375, -8.55841064453125, -8.611656188964844, -8.612205505371094, -8.634307861328125, -8.633750915527344, -8.647148132324219, -8.648597717285156, -8.672142028808594, -8.668800354003906, -8.699241638183594], "diffX": [-0.08545527000427455, 0.08543771465906502, -0.009151510894298553, -0.005609361920505762, -0.01101568783633411, 0.014514132402837276, 0.0003990231780335307, 0.02108633902389556, -0.017462680814787745, 0.026486058486625552, -0.023068894108291715, 0.019898221944458783, 0.0002036739606410265, 0.008261767216026783, -0.0002304018707945943, 0.005040757590904832, 0.000576165271922946, 0.008771545952185988, -0.001221179380081594, 0.011360041098669171, 0.00034374871756881475], "diffY": [0.2821139059960842, -0.2821138799190521, 0.030177646782249212, 0.01854962296783924, 0.03640220686793327, -0.047839184291660786, -0.0013789953663945198, -0.06974386284127831, 0.05771757732145488, -0.08749320637434721, 0.07628528214991093, -0.06573566421866417, -0.0006576953455805779, -0.02732121478766203, 0.0007174210622906685, -0.016576673835515976, -0.001795927993953228, -0.029049823991954327, 0.004116541240364313, -0.03760027838870883, -0.001003847923129797], "diffZ": [0.22851164703369164, -0.22852002579793407, 0.024431902915239334, 0.015025466680526733, 0.029478312470018864, -0.03875554772093892, -0.0011225230991840363, -0.05648822383955121, 0.046760983066633344, -0.07087561348453164, 0.06177577649941668, -0.053262492176145315, -0.000543470960110426, -0.02211418468505144, 0.0005669537931680679, -0.013402520213276148, -0.001467882888391614, -0.02354154922068119, 0.0033463628496974707, -0.030451771337538958, -0.0008150704670697451], "timestamp": [1589134314.0053124, 1589134315.7020707, 1589134317.1437855, 1589134318.5837727, 1589134320.0496528, 1589134321.4840984, 1589134322.9445498, 1589134324.4220133, 1589134325.8313315, 1589134327.3053818, 1589134328.73112, 1589134330.154048, 1589134331.588239, 1589134333.042231, 1589134334.4577882, 1589134335.9195404, 1589134337.3440633, 1589134338.7835822, 1589134340.2357836, 1589134341.9115877, 1589134343.3674104]}