{"oculusX": [259.15088382225036, 259.11980000000034, 259.119812011719, 259.1198120117185, 259.5800189367299, 257.7020674460941, 268.1346236388165, 206.11845130145375, 523.1000096295672, -381.0521515888595, 414.4201476313897], "oculusY": [0.10164827108383179, 0.0, 9.553815154070075e-17, 4.895675874715845e-16, 1.5043599381259847, -4.634189301349152, 29.466488092426925, -173.24622420719004, 862.872443557115, -2092.533331324141, 507.6321527335171], "oculusZ": [-8.657630130004883, -8.568700000000009, -8.568687438964847, -8.568687438964831, -9.885158915456831, -4.51336754431868, -34.35483226880594, 143.03838266095914, -763.6663465210363, 1822.6020123227559, -452.79770803526196], "dobotX": [259.11981201171875, 259.1509094238281, 259.11981201171875, 259.11981201171875, 259.11981201171875, 259.5800476074219, 257.70208740234375, 267.0302429199219, 255.79502868652344, 222.59024047851562, 205.52613830566406], "dobotY": [0.0, 0.10164827853441238, 0.0, 0.0, 0.0, 1.5043599605560303, -4.634189128875732, 25.856672286987305, -10.8681001663208, -119.40483093261719, -175.18228149414062], "dobotZ": [-8.568687438964844, -8.657638549804688, -8.568687438964844, -8.568687438964844, -8.568687438964844, -9.885154724121094, -4.5133514404296875, -31.195877075195312, 0.9418258666992188, 95.92194366455078, 144.73263549804688], "diffX": [0.03107181053161412, -0.03110942382778603, 2.2737367544323206e-13, -2.2737367544323206e-13, 0.460206925011164, -1.8779801613277982, 10.432536236472743, -60.91179161846813, 267.3049809430438, -603.6423920673751, 208.89400932572562], "diffY": [0.10164827108383179, -0.10164827853441238, 9.553815154070075e-17, 4.895675874715845e-16, 1.5043599381259847, -6.138549261905182, 34.10067722130266, -199.10289649417734, 873.7405437234358, -1973.1285003915236, 682.8144342276578], "diffZ": [-0.08894269104003882, 0.08893854980467886, -3.552713678800501e-15, 1.2434497875801753e-14, -1.3164714764919871, 5.371787179802414, -29.841480828376255, 174.23425973615446, -764.6081723877355, 1726.680068658205, -597.5303435333088], "timestamp": [1589133284.4124079, 1589133286.2559986, 1589133287.7959547, 1589133289.3280559, 1589133290.8089695, 1589133292.3379884, 1589133293.8038378, 1589133295.2607741, 1589133296.7140017, 1589133298.1949847, 1589133299.6893423]}