{"oculusX": [238.85038226195977, 238.4425649978302, 238.0957158310213, 237.9632087379415, 237.8143612683548, 237.75558909084603, 237.78960104031196, 237.72068684260344, 237.4486387313833, 237.3838764314468, 237.86271753242514, 238.4888104085048, 239.25459345657407, 240.92686720848192, 242.35700816406765, 243.29163135180937, 243.92189687985277, 245.5397178941851, 247.14784582992874, 247.8176107851402, 248.23412464200408, 248.31267199106148, 247.82939052628564, 247.21863916755956, 247.1476244590138, 247.1379309468452, 247.00219128154015, 246.0559959143025, 245.11003047804806, 243.87696739548832, 242.347390227896, 239.85410494146439, 236.39269174266585, 232.62929917384324, 227.07013515998122, 222.236342637143, 217.32606120435585, 213.4782375494947, 211.03588880049543, 210.18048077517227, 210.48954620408884, 210.85905820099975, 209.4436146833771, 208.24263535272473, 206.41049961166217, 205.0825756983116, 203.6545157837148, 202.60467194676247, 200.96937908936275, 198.9103087455456, 198.0072206441557, 196.13559507955682, 193.54388888962134, 190.73986092023875, 189.66035295694368, 189.61592809639205], "oculusY": [0.9999331064819071, 1.9042117262996863, 2.4867182904544936, 2.4762239247485227, 2.5634324368652406, 2.8864654702370793, 2.9378623463302023, 2.76450054762948, 2.2458329449433867, 2.1481871261656114, 1.9303682562310562, 1.8969693472201317, 1.4508235137600236, 0.3768478332616377, -1.15243749484101, -1.7819946107807092, -0.21075678646746, -1.9464095421212941, -3.842914881598244, -5.217794645114006, -6.795727086352169, -9.522330036641504, -10.952684039608625, -12.968746221717272, -15.055515296407842, -16.41921699185215, -17.377384838475127, -17.68610109529169, -18.232421876269726, -17.92091300364547, -17.68252745602298, -17.63502895176383, -16.012464391363682, -14.715524244661756, -12.555771440229405, -10.806552988155921, -8.876786825062876, -7.418044632728729, -5.216344766733261, -4.1689971703180175, -3.505326685349917, -3.907230083737231, -3.1597989717251456, -2.5533972307709694, -1.4809764652195496, -0.5032919826595508, 0.38434749291401105, 0.8992436642100009, 1.9964400229510804, 4.113934740488851, 5.602157297000311, 7.673308308860853, 9.643584923718981, 10.875614294154708, 11.355638081919414, 12.07475929962487], "oculusZ": [-7.272775813293457, -7.484968348693847, -7.592971965026855, -7.638509913635254, -7.634576007080078, -7.729943438720703, -7.858451052856445, -7.6625901901245115, -7.394011660766601, -7.306392832946777, -7.812197848510742, -8.660133525085449, -9.484942599487304, -10.417278453063965, -11.259015246582031, -12.133892222595215, -13.328250094604492, -14.08773247833252, -14.266069575500488, -14.182742282104492, -13.945754214477539, -13.267810984802246, -12.558277293395996, -11.48014847869873, -10.950143977355957, -10.208542987060547, -9.370740100097656, -8.081014796447754, -7.052953883361816, -5.994971438598633, -4.9628574096679685, -3.2076198303222654, -1.4949399673461912, 0.39130862121582055, 2.890292958068848, 4.72933466796875, 6.770674542236328, 7.9138916290283206, 8.12882597808838, 7.649008587646485, 7.1128052032470706, 6.591502980041504, 6.733242825317383, 6.698314503479004, 6.740991429138184, 6.853048161315918, 7.147018269348145, 7.3766153610229495, 7.266227558898926, 6.225888088989258, 5.029742077636719, 3.6425035751342776, 2.935473278808594, 3.336612538146973, 3.5689514434814456, 3.64286120300293], "dobotX": [259.11981201171875, 256.11981201171875, 251.34666442871094, 205.40518188476562], "dobotY": [5.2648763126939e-10, 0.0, -0.49720239639282227, -5.282775402069092], "dobotZ": [-8.568687438964844, -8.568710327148438, -8.469291687011719, -7.512153625488281], "diffX": [-18.192944803236827, -11.00978153367069, -41.903049745333846, -15.789253788373571], "diffY": [0.37684783273515005, -18.232421876269726, -2.6625965753323233, 17.35753470169396], "diffZ": [-1.8485910140991209, 1.5157564437866213, 15.202534512329102, 11.155014828491211], "diffXYZ": [18.290504193161738, 21.35261142086175, 44.655033916474096, 25.98112587895371], "predictionX": [256.1198, 112.1198, -49.8802, -135], "predictionY": [0, -15, -15, -15], "predictionZ": [-8.5687, -5.5687, -8.5687, -2.5686999999999998], "oculusXSynchronized": [240.92686720848192, 245.11003047804806, 209.4436146833771, 189.61592809639205], "oculusYSynchronized": [0.3768478332616377, -18.232421876269726, -3.1597989717251456, 12.07475929962487], "oculusZSynchronized": [-10.417278453063965, -7.052953883361816, 6.733242825317383, 3.64286120300293], "timestamp": [1590337803.5828924, 1590337804.3878279, 1590337805.1180801, 1590337805.8318548], "oculusTimeStamp": [1590337803.4000661, 1590337803.461765, 1590337803.5123148, 1590337803.5635896, 1590337803.6139252, 1590337803.6643467, 1590337803.7152936, 1590337803.766662, 1590337803.8171675, 1590337803.8683093, 1590337803.918795, 1590337803.9696145, 1590337804.0200832, 1590337804.0705156, 1590337804.13089, 1590337804.1938245, 1590337804.261249, 1590337804.3117397, 1590337804.3621488, 1590337804.4125621, 1590337804.4629478, 1590337804.513894, 1590337804.5647943, 1590337804.6157658, 1590337804.6665611, 1590337804.7174213, 1590337804.7678576, 1590337804.81821, 1590337804.8707137, 1590337804.9334798, 1590337804.9968536, 1590337805.047793, 1590337805.0983152, 1590337805.1487148, 1590337805.199637, 1590337805.2577758, 1590337805.3083081, 1590337805.3592012, 1590337805.4095416, 1590337805.4609785, 1590337805.511473, 1590337805.5619686, 1590337805.612423, 1590337805.6691377, 1590337805.7238884, 1590337805.7741802, 1590337805.8244882, 1590337805.875316, 1590337805.934672, 1590337806.0005414, 1590337806.066389, 1590337806.1320338, 1590337806.1975157, 1590337806.2632878, 1590337806.3292406, 1590337806.392523]}