{"oculusX": [328, 328, 328, 328, 328, 328, 328, 328, 328, 328, 328, 328, 328, 328, 328, 328, 328, 328, 328, 328, 328, 328, 328, 328, 328, 328, 328, 328, 328, 328, 328, 328, 328, 328, 328, 328, 328, 328, 328, 328, 328, 328, 328, 328, 328, 328, 328, 328, 328, 328, 328, 328, 328, 328, 328, 328, 328, 328, 328, 328, 328, 328, 328, 328, 328, 328, 328, 328, 328, 328, 328, 328, 328, 328, 328, 328, 328, 328, 328, 328, 328, 328, 328, 328, 328, 328, 328, 328, 328, 328, 328, 328, 328, 328, 328, 328, 328, 328, 328, 328, 328, 328, 328, 328, 328, 328, 328, 328, 328, 328, 328, 328, 328, 328, 328, 328, 328, 328, 328, 328, 328, 328, 328, 328, 328, 328, 328, 328, 328, 328, 328, 328, 328, 328, 328, 328, 328, 328, 328, 328, 328, 328, 328, 328, 328, 328, 328, 328, 328, 328, 328, 328, 328, 328, 328, 328, 328, 328, 328, 328, 328, 328, 328, 328, 328, 328, 328, 328, 328, 328, 328, 328, 328, 328, 328, 328, 328, 328, 328, 328, 328, 328, 328, 328, 328, 328, 328, 328, 328, 328, 328, 328, 328, 328, 328, 328, 328, 328, 328, 328, 328, 328, 328, 328, 328, 328, 328, 328, 328, 328, 328, 328, 328, 328, 328, 328, 328, 328, 328, 328, 328, 328, 328, 328, 328, 328, 328, 328, 328, 328, 328, 328, 328, 328, 328, 328, 328, 328, 328, 328, 328, 328, 328, 328, 328, 328, 328, 328, 328, 328, 328, 328, 328, 328, 328, 328, 328, 328, 328, 328, 328, 328, 328, 328], "oculusY": [-96.17402707226574, -92.58608077652752, -94.64361076243222, -95.23227368481457, -91.2147790659219, -92.18522463925183, -92.75555168278515, -90.2590409386903, -91.01602737791836, -89.70348839648068, -90.21298144944012, -90.66634927876294, -91.59524296410382, -92.91738574393094, -97.0445976126939, -100.31185601837933, -103.28459297306836, -106.41222004778683, -107.91256581433117, -109.50460587628186, -109.69604854471982, -109.33503811247647, -108.65889792330563, -107.65280132181942, -106.95182834751904, -105.39047722704709, -104.58161984570324, -103.88958011753857, -102.59558563120663, -100.92964326031506, -98.82734273560345, -95.24110262282193, -93.70903973467648, -89.99315206892788, -85.19100700505078, -81.56422828324139, -76.22126792557538, -67.6212937105447, -58.52546845562756, -51.64852668531239, -45.602041529491544, -39.233553456142545, -35.55869613774121, -33.56909309513867, -30.70518863387406, -29.06287577934563, -29.82313488610089, -28.142080875113606, -29.455431969836354, -33.72845728881657, -38.430745946243405, -43.071600841358304, -49.17863686569035, -51.919273333624005, -56.42227013595402, -61.53893400914967, -64.39477507956326, -70.02087240107358, -75.67463372834027, -78.68264918215573, -83.95753358490765, -88.18251942284405, -92.6597595680505, -99.12476246245205, -103.25520043261349, -108.09945617802441, -113.01066284067929, -115.52206729538739, -117.95897339470685, -117.91992490179837, -115.22196535952389, -110.82542990334332, -105.95660959370434, -99.57192395813763, -92.24500809796154, -87.73567830212414, -80.66294644959271, -77.014195965603, -72.38137279637158, -67.9344639647752, -63.75010614283383, -60.482478933408856, -58.280400233343244, -57.756363647058606, -57.85998632200062, -57.353488402441144, -57.341887848451734, -58.27767704613507, -59.61983953602612, -61.2658963073045, -63.596028136089444, -65.29110227711499, -68.68752394802868, -70.19675080664456, -73.45796679146588, -76.26672391779721, -78.24896578676999, -81.33534644730389, -85.40793065913022, -88.83436326868832, -92.46000205166638, -96.89621184952557, -99.24968634732068, -102.79676620848477, -105.08944396860898, -108.50725625641644, -110.15147273428738, -111.2251162994653, -111.6019815672189, -111.73984711058438, -111.40179936774075, -110.37528817541897, -108.16571419127285, -103.53292082436383, -97.33758424408734, -91.19601850397885, -81.81643043644726, -72.7223411668092, -66.23575394041836, -59.39527531154454, -56.18106503970921, -51.54609610326588, -48.75408415682614, -47.00089548714459, -45.90601404197514, -45.3267574775964, -46.026888536289334, -47.45980282314122, -49.10214547999203, -50.255025969818234, -53.47614665515721, -55.23226340301335, -58.72705881483853, -62.52283533103764, -67.66668264754117, -74.26254008896649, -80.54850553162396, -85.75524692423642, -91.34833817370236, -97.42675279267132, -103.4033924806863, -109.96996168978512, -114.37549744732678, -120.02758239395916, -125.39482419379056, -129.2479515541345, -132.4318975675851, -133.83709196932614, -133.36348836310208, -131.22712378390133, -128.5617828834802, -123.89661674387753, -117.72831087000668, -112.21150611527264, -104.68688909895718, -96.37643699534237, -90.30533139593899, -83.53834901936352, -76.06319640763104, -70.01415197737515, -60.94263424165547, -54.008181439712644, -49.09286950714886, -44.7680086363107, -40.25500942952931, -36.96476970799267, -35.64254869706929, -36.12811048515141, -38.081563310697675, -42.456574039533734, -46.2042682338506, -52.044737385585904, -58.12798370607197, -62.3194754589349, -68.18989221937954, -73.05314694531262, -76.64122735150158, -81.5135941375047, -84.92193673737347, -90.3094292152673, -97.28300129063427, -101.94371943362057, -108.10270463116467, -112.47820709832013, -116.8391436804086, -122.12951038964093, -125.4019916523248, -128.53625719435513, -130.32649760134518, -129.72501222975552, -126.96333532221615, -123.48367576487362, -118.43433533795178, -111.65365134365857, -105.62398587353528, -94.16154329665005, -83.9220688212663, -73.24322615750134, -59.31312148459256, -44.71111227758229, -35.79234634526074, -27.279622154310346, -21.30695735104382, -15.94596286304295, -14.71996703185141, -14.371193246915936, -16.84989151544869, -21.09939162619412, -26.38246607966721, -35.4424633551389, -44.700655387714505, -50.268828170374036, -56.35971133597195, -60.01649354584515, -65.22407685406506, -70.5926523078233, -75.56820963509381, -81.42520044930279, -86.93110500462353, -90.68099712021649, -97.91389410384, -103.02445595152676, -106.29494045861065, -110.13064091093838, -111.94254760630429, -112.21488867886364, -111.11647193320096, -108.77828602679074, -103.78809575922787, -97.71626000292599, -92.75312279351056, -87.00742875225842, -82.46015314944088, -79.32644640095532, -77.76827667839825, -74.82143794186413, -68.8296735752374, -60.490302043035626, -54.519756929948926, -45.28651689179242, -39.825207786634564, -35.381677793338895, -29.85694562084973, -30.301138060167432, -31.776537420228124, -36.35473852045834, -39.418253349140286, -44.70263724215329, -49.482758389785886, -53.133222507312894, -58.015889720991254, -61.31292809732258, -65.79529051668942, -69.16152243502438, -72.12884281761944, -75.8082449901849, -79.38628201372921, -82.07172458060086, -85.05892311222851, -88.32237427122891, -90.75422142632306, -91.9273302424699, -92.27624838240445, -91.28072415478528],