{"oculusX": [328, 328, 328, 328, 328, 328, 328, 328, 328, 328, 328, 328, 328, 328, 328, 328, 328, 328, 328, 328, 328, 328, 328, 328, 328, 328, 328, 328, 328, 328, 328, 328, 328, 328, 328, 328, 328, 328, 328, 328, 328, 328, 328, 328, 328, 328, 328, 328, 328, 328, 328, 328, 328, 328, 328, 328, 328, 328, 328, 328, 328, 328, 328, 328, 328, 328, 328, 328, 328, 328, 328, 328, 328, 328, 328, 328, 328, 328, 328, 328, 328, 328, 328, 328, 328, 328, 328, 328, 328, 328, 328, 328, 328, 328, 328, 328, 328, 328, 328, 328, 328, 328, 328, 328, 328, 328, 328, 328, 328, 328, 328, 328, 328, 328, 328, 328, 328, 328, 328, 328, 328, 328, 328, 328, 328, 328, 328, 328, 327.7867051647186, 326.8186661289215, 326.3046952770233, 325.93839493255615, 325.32780495147705, 324.6360036418915, 324.2285760925293, 323.8505336330414, 323.92614212493896, 323.29713430862427, 322.63784733276367, 321.2192567871094, 319.13538899879455, 318.2148548648834, 317.8756150291443, 317.82992806892395, 318.52116313438415, 319.00169578056335, 319.46094956855774, 320.39462652664184, 323.20245233039856, 325.0733527229309, 327.1498295352936, 328, 328, 328, 328, 328, 328, 328, 328, 328, 328, 328, 328, 328, 328, 328, 328, 328, 328, 328, 328, 328, 328, 328, 328, 328, 328, 328, 328, 328, 328, 328, 328, 328, 328, 328, 328, 328, 328, 328, 328, 328, 328, 328, 328, 328, 328, 328, 328, 328, 328, 328, 328, 328, 328, 328, 328, 328, 328, 328, 328, 328, 328, 328, 328, 328, 328, 328, 328, 328, 328, 328, 328, 328, 328, 328, 328, 328, 328, 328, 328, 328, 328, 328], "oculusY": [-51.564034540206194, -51.4830780448392, -51.86691146809608, -51.75988835981116, -51.41037190333009, -52.58250948099885, -52.74194307276048, -53.138122195377946, -53.688173182308674, -54.14939043112099, -54.55213622190058, -55.25720561854541, -54.96158683672547, -54.86056534573436, -55.33902137540281, -57.6148945838213, -61.97192147374153, -65.40968921035528, -69.383529946208, -73.2677299529314, -74.32489655911922, -74.0068219602108, -72.11232371628284, -68.28906387090683, -63.697151839733124, -59.389055240899324, -53.623009589500725, -47.463453374803066, -42.901561595499516, -38.73214963823557, -35.24204529821873, -32.152170315384865, -28.032058849930763, -24.79516714811325, -18.016450107097626, -11.702671647071838, -6.878156214952469, -1.9495412707328796, 4.891499876976013, 9.011775255203247, 14.86160233616829, 18.635135143995285, 21.85003086924553, 24.94431659579277, 27.780253440141678, 30.823353677988052, 35.3054441511631, 37.59395703673363, 40.59021547436714, 42.04476252198219, 41.194651275873184, 38.18311169743538, 34.941788762807846, 29.575925320386887, 23.244138807058334, 18.456440418958664, 12.700613588094711, 7.734581828117371, 2.6883184909820557, -2.086855471134186, -5.329050123691559, -9.840056300163269, -15.783380717039108, -21.62066660821438, -28.36889587342739, -36.645397543907166, -41.903603821992874, -50.03302940167487, -55.93859916552901, -65.67497551441193, -74.66188259422779, -80.84025979042053, -86.16948500275612, -87.31946721673012, -89.0076607465744, -88.90605345368385, -88.70800212025642, -87.81882748007774, -85.8205109834671, -84.6637710928917, -82.54072815179825, -80.64626157283783, -78.5226933658123, -76.90592110157013, -75.95508545637131, -74.56274144351482, -74.1994809359312, -74.68719035387039, -74.68938827514648, -74.84306395053864, -74.24958795309067, -72.38218747079372, -70.5879982560873, -67.74579361081123, -65.5271764844656, -64.32696245610714, -63.69492597877979, -63.460249453783035, -63.12480289489031, -62.90221493691206, -63.440714962780476, -62.940468080341816, -62.899370677769184, -62.5634603202343, -62.91916221380234, -64.18410781770945, -66.10990967601538, -70.43718360364437, -74.12287034094334, -76.98851451277733, -80.65694570541382, -82.6104823499918, -83.28984305262566, -84.02916416525841, -84.07804742455482, -86.46854013204575, -91.55507385730743, -95.69765999913216, -102.61090844869614, -107.20779746770859, -113.79542574286461, -119.91536244750023, -124.3891678750515, -129.3429471552372, -132.2314478456974, -132.15913996100426, -130.32322749495506, -128.4850500524044, -127.52678617835045, -126.74969807267189, -125.98579749464989, -124.84175339341164, -124.11132827401161, -122.7109543979168, -121.1668960750103, -120.44227495789528, -120.68064138293266, -120.33933028578758, -120.22111937403679, -119.45860460400581, -117.73969605565071, -116.66316166520119, -114.82945457100868, -113.22913318872452, -111.91022023558617, -110.8216904103756, -107.86614939570427, -104.50253263115883, -98.2649065554142, -94.57352012395859, -84.76810902357101, -75.43998956680298, -66.95254985243082, -55.688145104795694, -46.44173849374056, -34.64643843472004, -21.264564245939255, -11.092361062765121, 2.415556460618973, 14.965314418077469, 23.81115034222603, 34.304846078157425, 44.410545378923416, 51.50100216269493, 59.80353429913521, 64.65288624167442, 69.2283846437931, 73.42857494950294, 77.02583447098732, 83.36729183793068, 89.78109434247017, 94.35949102044106, 99.37435761094093, 99.74080696702003, 98.57961907982826, 94.55407038331032, 90.62441065907478, 82.91273191571236, 73.96799698472023, 66.60011038184166, 57.24458768963814, 47.69934341311455, 39.097923785448074, 29.608655720949173, 23.22009578347206, 16.517993062734604, 11.049766093492508, 8.123990148305893, 3.241308033466339, -1.5540197491645813, -4.936277866363525, -8.185900747776031, -10.215859860181808, -11.988230049610138, -14.481116086244583, -16.49950072169304, -18.600761890411377, -20.032696425914764, -20.40257304906845, -18.90766993165016, -16.631990671157837, -14.64257761836052, -12.760911136865616, -11.253036558628082, -9.054500609636307, -6.342992186546326, -4.928860813379288, -4.0908269584178925, -5.846191197633743, -8.481666445732117, -12.60269433259964, -16.345277428627014, -21.539727225899696, -27.36588940024376, -32.22188539803028, -37.94850595295429, -44.571601785719395, -49.3858375120908, -56.6323883831501, -61.73453014343977, -68.37784685194492, -74.71583224833012, -78.54105904698372, -81.60304836928844, -80.82189597189426, -78.3939566463232, -73.44883121550083, -67.89270509034395, -64.02869056910276, -59.87541005015373, -57.381953578442335, -54.04422851279378, -50.805644947104156, -49.031409434974194],