{"oculusX": [259.0822490737915, 256.8637045906067, 248.84693947296142, 272.0716508911133, 269.3279298828125, 283.8937553451538, 280.8906945274353, 273.21588125686645, 269.20329657058716, 267.7884611175537, 267.6765235946655, 268.48351088027954, 267.03273382644653, 267.11063709716797], "oculusY": [0.4038289189338684, -0.9758919477462769, 12.138694524765015, 34.9733829498291, -17.481811344623566, 4.548117518424988, 49.847619608044624, 16.532115638256073, 9.336031973361969, 17.38753914833069, 14.937527477741241, 15.585444867610931, 17.40509271621704, 17.487719655036926], "oculusZ": [-8.69232003326416, -6.166871234130859, 2.017323330688477, 39.88749201660156, 27.882043675231934, -9.075101062011719, -28.618271990966797, -1.9826251708984373, 6.040160015869141, 4.376713589477539, 5.407397106933594, 4.586045101928711, 4.715148762512207, 4.666630581665039], "dobotX": [259.11981201171875, 259.0822448730469, 256.86370849609375, 248.846923828125, 271.68695068359375, 269.32794189453125, 283.8937683105469, 280.9132385253906, 273.21588134765625, 269.20330810546875, 267.7884521484375, 267.676513671875, 268.4835205078125, 267.0327453613281], "dobotY": [0.0, 0.4038289189338684, -0.9758920073509216, 12.138693809509277, 34.595123291015625, 4.595122814178467, 4.548117637634277, 34.322994232177734, 16.532115936279297, 9.336030960083008, 17.38753890991211, 14.937528610229492, 15.585444450378418, 17.405092239379883], "dobotZ": [-8.568687438964844, -8.692329406738281, -6.166862487792969, 2.0173263549804688, 31.5203857421875, 27.882041931152344, -2.117950439453125, -28.419418334960938, -1.9826126098632812, 6.0401763916015625, 4.376716613769531, 5.40740966796875, 4.586051940917969, 4.715141296386719], "diffX": [-0.037562937927248186, -2.2185402824401876, -8.016769023132326, 23.22472706298828, -2.359020800781252, 14.565813450622557, -3.0030737831115744, -7.697357268524172, -4.012584777069094, -1.4148469879150412, -0.11192855377197475, 0.8069972084045389, -1.4507866813659689, 0.07789173583984166], "diffY": [0.4038289189338684, -1.3797208666801453, 13.114586532115936, 22.834689140319824, -52.07693463563919, -0.047005295753479004, 45.29950197041035, -17.79087859392166, -7.196083962917328, 8.05150818824768, -2.450011432170868, 0.6479162573814392, 1.819648265838623, 0.08262741565704346], "diffZ": [-0.12363259429931617, 2.525458172607422, 8.184185818481446, 37.870165661621094, -3.638342066955566, -36.95714299316406, -26.50032155151367, 26.4367931640625, 8.022772625732422, -1.6634628021240232, 1.0306804931640627, -0.8213645660400388, 0.12909682159423852, -0.04851071472167945], "predictionX": [259.0822490737915, 256.8637045906067, 248.84693947296142, 272.0716508911133, 269.3279298828125, 283.8937553451538, 280.8906945274353, 273.21588125686645, 269.20329657058716, 267.7884611175537, 267.6765235946655, 268.48351088027954, 267.03273382644653, 267.11063709716797], "predictionY": [0.4038289189338684, -0.9758919477462769, 12.138694524765015, 34.9733829498291, -17.481811344623566, 4.548117518424988, 49.847619608044624, 16.532115638256073, 9.336031973361969, 17.38753914833069, 14.937527477741241, 15.585444867610931, 17.40509271621704, 17.487719655036926], "predictionZ": [-8.69232003326416, -6.166871234130859, 2.017323330688477, 39.88749201660156, 27.882043675231934, -9.075101062011719, -28.618271990966797, -1.9826251708984373, 6.040160015869141, 4.376713589477539, 5.407397106933594, 4.586045101928711, 4.715148762512207, 4.666630581665039], "timestamp": [1589631899.8371878, 1589631901.553864, 1589631903.006785, 1589631904.477544, 1589631905.8897505, 1589631907.3236651, 1589631908.7847285, 1589631910.1988752, 1589631911.619142, 1589631913.077586, 1589631914.4564037, 1589631915.8898625, 1589631917.2834141, 1589631918.5407724]}