{"oculusX": [258.2107397602081, 258.486694364357, 257.9579117582321, 256.5361770675659, 255.38996484737396, 253.91622510414123, 253.51383414726257, 253.85928776721954, 254.82908514003753, 255.93855109672546, 256.92850974063873, 258.03679850559234, 258.5288348482132, 258.3588275001526, 257.76966538887024, 257.4476214931488, 257.19416764240265, 257.2746488140106, 257.71436717967987, 258.3905371711731, 259.3067648694992, 261.0312017486572, 262.73385313014984, 263.3682253644943, 263.3888485715866, 262.67786946754455, 262.27266219120025, 261.918729810524, 261.91369321804046, 262.46905949573517, 263.19930580120086, 263.77089944343567, 264.09863558273315, 263.7570413635254, 263.2064732597351, 262.1736737773895, 261.5028682039261, 261.22204092006683, 261.03546348075866, 261.195457248497, 261.74486306171417, 262.6288893507004, 263.1762239025116, 263.32428184013366, 262.6155081079483, 262.06030574302673, 261.3551231906891, 261.19024184207916, 261.33628812294006, 261.93671551208496, 262.48579349975586, 263.5167303369522, 264.3479618118286, 264.4795241640091, 263.7855621860504, 262.68587139110565, 262.1463748500824, 261.9463118598938, 262.08282139759064, 262.47899857025146, 263.30567028980255, 263.6486950204849, 264.28461697559356, 264.47958376865387, 264.45933309059143, 263.98650434474945, 263.8008358762741, 263.99599638442993, 264.5550581501007, 265.1933046863556, 266.1351623819351, 267.3358234451294, 268.15888908367157, 268.14392831783294, 266.86850812892914, 265.60514297943115, 264.0096607492447, 263.24511197071075, 263.59844830493927, 265.0007816837311, 266.48383465270996, 268.4213283346176, 269.8568316982269, 270.0567456768036, 269.4804879711151, 268.9385029361725, 268.6013790653229, 269.57168307762146, 269.2284050271988, 267.6669272468567, 266.17143180828094, 264.48104408245086, 261.6873296783447], "oculusY": [1.897752285003662, 2.912744879722595, 3.651440143585205, 3.7010759115219116, 3.5411864519119263, 2.807319164276123, 2.209588885307312, 2.1202564239501953, 1.9800812005996704, 2.3771971464157104, 2.4874508380889893, 2.50321626663208, 2.777203917503357, 2.8586238622665405, 2.440020442008972, 1.9555240869522095, 1.256883144378662, 0.6322115659713745, 0.09037554264068604, -0.09080767631530762, 0.02726912498474121, 0.008538365364074707, -0.06553530693054199, 0.0365525484085083, 0.2657771110534668, 0.7163584232330322, 0.7030665874481201, 0.7468760013580322, 0.8827745914459229, 1.7311573028564453, 2.5904029607772827, 2.9398053884506226, 3.22529673576355, 2.8615742921829224, 2.521902322769165, 1.5318840742111206, 0.6396323442459106, 0.0775456428527832, -0.341951847076416, -0.46233832836151123, -0.5851686000823975, -0.7028579711914062, -0.6223618984222412, -0.5292892456054688, -0.9016245603561401, -1.2994110584259033, -1.6765445470809937, -2.0824968814849854, -2.318352460861206, -2.6003867387771606, -3.134429454803467, -4.044428467750549, -4.822045564651489, -5.0817131996154785, -5.145147442817688, -5.299508571624756, -5.393326282501221, -5.657225847244263, -5.671054124832153, -5.391806364059448, -4.888787865638733, -4.445791244506836, -3.6415308713912964, -3.554299473762512, -3.46161425113678, -3.4579038619995117, -3.736048936843872, -4.216834902763367, -4.42110002040863, -4.0769875049591064, -3.1929612159729004, -2.0300447940826416, -1.3105422258377075, -0.7145702838897705, -0.9459257125854492, -1.368701457977295, -1.9363462924957275, -1.9248127937316895, -1.283213496208191, -0.07021427154541016, 1.1745691299438477, 2.8193295001983643, 4.496484994888306, 5.748569965362549, 7.38389790058136, 8.969813585281372, 10.027274489402771, 13.837143778800964, 14.571428298950195, 16.920670866966248, 22.301629185676575, 29.16647493839264, 42.594462633132935], "oculusZ": [-9.143646403503418, -9.315784617614746, -9.038980647277832, -8.335049792480469, -7.835920497131347, -7.148440524291992, -6.914551898193359, -7.023270770263672, -7.537420436096191, -7.970746203613281, -8.4618884765625, -8.883889361572265, -8.998449488830566, -8.891280337524414, -8.439715548706054, -8.28486268157959, -8.027609034729004, -7.921870394897461, -8.207853480529785, -8.680995150756836, -9.131367846679687, -10.229166194152832, -11.33220975036621, -11.745985194396972, -11.876638575744629, -11.702116175842285, -11.659796878051758, -11.547740145874023, -11.77316491241455, -12.234147235107422, -12.582476779174804, -12.900050326538086, -13.002570315551758, -12.717779322814941, -12.192543193054199, -11.330779238891601, -10.704811259460449, -10.473426028442383, -10.386522456359863, -10.456617518615722, -10.629590197753906, -11.117275401306152, -11.378939791870117, -11.4298421585083, -11.024411364746094, -10.615165873718261, -10.162766619873047, -9.961302920532226, -10.063346072387695, -10.397251292419433, -10.58142964477539, -11.002000018310547, -11.41768281097412, -11.513050242614746, -11.183317347717285, -10.498579188537597, -10.09910885925293, -9.907181903076172, -9.936745806884765, -10.077412768554687, -10.463293238830566, -10.832603617858886, -11.146720095825195, -11.447127505493164, -11.596377536010742, -11.366542025756836, -11.299427195739746, -11.593874140930176, -12.191470309448242, -12.709077044677734, -13.553198023986816, -14.52260796661377, -15.115912600708008, -15.374477549743652, -14.657314463806152, -13.689215823364258, -12.553389712524414, -12.199099703979492, -12.53741566772461, -13.617690249633789, -14.685209437561035, -16.37667004699707, -17.806704684448242, -18.368895693969726, -18.47153489227295, -18.238599940490722, -17.953332110595703, -17.937000437927246, -17.293270274353027, -16.43770520324707, -16.17830578918457, -16.24553982849121, -17.92066876525879], "dobotX": [259.11981201171875, 257.32080078125, 227.93685913085938, 170.16844177246094, 110.20121765136719, 109.96134948730469, 109.96134948730469], "dobotY": [0.0, 2.9789334803353995e-05, 0.0005163485766388476, 0.001472917152568698, 0.002465895377099514, 0.002452919026836753, 0.002452919026836753], "dobotZ": [-8.568687438964844, -8.509178161621094, -7.53741455078125, -5.626861572265625, -3.6436309814453125, -3.635711669921875, -3.635711669921875], "diffX": [0.18695285778045445, 6.777834801483152, 34.678648977088926, 91.97793307762146, 154.35384049873352, 156.52248516540527, 154.51969459514618], "diffY": [0.02726912498474121, 3.2252669464287465, -0.902140908932779, -5.394799199653789, -4.42356591578573, 1.172116210917011, 29.164022019365802], "diffZ": [-0.5626804077148435, -4.493392153930664, -3.4869968139648435, -4.4722472869873044, -8.54783932800293, -11.04949776763916, -12.609828158569336], "diffXYZ": [0.5935522027891522, 8.748254941468478, 34.86519324306581, 92.2444850786862, 154.65361802847394, 156.91639053866703, 157.75260366888386], "predictionX": [-0.0019800812005996704, -2.726912498474121e-05, 1.9967747032642365, 0.0009016245603561401, 0.005393326282501221, 0.00442110002040863, -0.0011745691299438477], "predictionY": [0.004290714859962463, -0.00018696486949920654, 1.9950211644172668, -0.0034957081079483032, -0.0030265748500823975, -0.005435258150100708, -0.007364034652709961], "predictionZ": [0.0010312795639038086, -0.0005626678466796875, 1.9955661296844482, -0.0024557113647460938, -0.0015304088592529297, -0.003622770309448242, -0.006116509437561035], "oculusXSynchronized": [259.3067648694992, 264.09863558273315, 262.6155081079483, 262.1463748500824, 264.5550581501007, 266.48383465270996, 264.48104408245086], "oculusYSynchronized": [0.02726912498474121, 3.22529673576355, -0.9016245603561401, -5.393326282501221, -4.42110002040863, 1.1745691299438477, 29.16647493839264], "oculusZSynchronized": [-9.131367846679687, -13.002570315551758, -11.024411364746094, -10.09910885925293, -12.191470309448242, -14.685209437561035, -16.24553982849121], "timestamp": [1590234470.3091264, 1590234470.9145074, 1590234471.517963, 1590234472.1222696, 1590234472.726284, 1590234473.3310204, 1590234473.9368925],