{"oculusX": [261.0234531448364, 262.62631144981384, 263.9769974039078, 265.33699658374786, 267.13801053028106, 268.6618032739639, 269.6342530534744, 270.749455957222, 271.7468204782486, 272.28436496715545, 272.6676228330612, 272.89838221530914], "oculusY": [4.470735788345337, 7.143124938011169, 9.599119424819946, 12.394167482852936, 15.763871371746063, 18.663715571165085, 20.992793142795563, 23.218601942062378, 25.05366876721382, 26.17097645998001, 28.089508414268494, 29.6848863363266], "oculusZ": [-9.816344424438476, -10.786350413513183, -12.038047953796386, -13.315375491333008, -15.10268036956787, -16.592319651794433, -17.892893000793457, -19.10203282470703, -20.278866931152344, -20.84129635925293, -21.484907313537597, -21.849330111694336], "dobotX": [259.11981201171875], "dobotY": [0.0], "dobotZ": [-8.568687438964844], "diffX": [13.778570203590391], "diffY": [29.6848863363266], "diffZ": [-13.280642672729492], "diffXYZ": [35.31879023206517], "predictionX": [259.9664839790344], "predictionY": [2.3097023367881775], "predictionZ": [-9.28884331817627], "oculusXSynchronized": [272.89838221530914], "oculusYSynchronized": [29.6848863363266], "oculusZSynchronized": [-21.849330111694336], "timestamp": [1590321229.8997502], "oculusTimeStamp": [1590321229.800888, 1590321229.8515353, 1590321229.901877, 1590321229.952252, 1590321230.0027359, 1590321230.0535405, 1590321230.103919, 1590321230.154203, 1590321230.2046773, 1590321230.255171, 1590321230.3057258, 1590321230.356088]}