{"oculusX": [259.4441684768677, 260.0581261203766, 260.6069656894684, 261.39756169776916, 261.5609380290985, 261.61529746513366, 261.3762232349396, 261.40942302207947, 261.48282614212036, 261.5922304676056, 261.34671893577575, 261.24449696998596, 261.1579808280945, 260.8699711845398, 260.7124957130432, 260.84001985054016, 260.880133776474, 261.0359105155945, 261.1598583744049, 261.34528842430115, 261.7362948940277, 261.8605109737396, 262.048563628006, 262.40273442726135, 262.8131720111847, 263.11509933929443, 263.277879624176, 263.64763703804016, 264.6730157421112, 267.11117353897095, 269.1450628326416, 270.68289247016907, 271.95640531044006, 272.47010794143677, 272.8589686439514, 272.9338320777893, 273.164114622879, 273.566684393692], "oculusY": [-1.3427138328552246, -1.629158854484558, -2.0868033170700073, -2.6011019945144653, -2.8730928897857666, -3.5330355167388916, -4.197210073471069, -4.430294036865234, -4.583790898323059, -4.707887768745422, -4.323616623878479, -4.270240664482117, -4.564076662063599, -4.6363770961761475, -4.900738596916199, -5.264654755592346, -5.551233887672424, -5.881935358047485, -5.94685971736908, -6.134405732154846, -6.476655602455139, -6.103277206420898, -5.7442039251327515, -4.169002175331116, -0.47747790813446045, 2.7803033590316772, 6.125018000602722, 10.416820645332336, 13.229355216026306, 17.81335473060608, 22.76352047920227, 26.29859745502472, 28.66576611995697, 31.148284673690796, 32.28369355201721, 34.2269241809845, 35.43725609779358, 37.05264627933502], "oculusZ": [-7.489021464538574, -7.6271850311279294, -7.6511460983276365, -7.789309664916992, -7.620151683044433, -7.201846286010742, -6.877597018432617, -6.783660098266601, -6.778057261657715, -6.886060877990722, -6.834920092773437, -6.829078837585449, -6.710942431640625, -6.4124423706054685, -6.20203797454834, -6.0527879440307615, -5.981619998168945, -5.846079035949707, -5.798514529418945, -5.794938250732422, -6.100829287719726, -6.221111460876465, -6.573494120788574, -7.864530726623535, -10.306056185913086, -12.481864138793945, -14.714654132080078, -18.005068942260742, -21.5234119140625, -27.818854495239258, -34.048612757873535, -37.90694062347412, -41.58287827606201, -43.90936677093506, -45.69750611419678, -47.401483699035644, -48.95060841674805, -50.92590634460449], "dobotX": [259.11981201171875, 259.4009704589844], "dobotY": [0.0, -0.8840113878250122], "dobotZ": [-8.568687438964844, -7.723518371582031], "diffX": [2.12468495826721, 14.16571393470764], "diffY": [-4.270240664482117, 37.936657667160034], "diffZ": [1.7396086013793948, -43.20238797302246], "diffXYZ": [5.0769557404488745, 59.214050467830845], "predictionX": [259.4009253070831, 263.277879624176], "predictionY": [-0.8840113878250122, 6.125018000602722], "predictionZ": [-7.723506137084961, -14.714654132080078], "oculusXSynchronized": [261.24449696998596, 273.566684393692], "oculusYSynchronized": [-4.270240664482117, 37.05264627933502], "oculusZSynchronized": [-6.829078837585449, -50.92590634460449], "timestamp": [1590320988.326377, 1590320989.9941387], "oculusTimeStamp": [1590320988.2718842, 1590320988.3224576, 1590320988.3731568, 1590320988.4236267, 1590320988.474137, 1590320988.5245206, 1590320988.5750678, 1590320988.6255229, 1590320988.6760988, 1590320988.7264667, 1590320988.7772803, 1590320988.8277998, 1590320988.8858907, 1590320988.9432852, 1590320988.9982204, 1590320989.0654066, 1590320989.1667306, 1590320989.2258222, 1590320989.286165, 1590320989.3557985, 1590320989.4823873, 1590320989.5376189, 1590320989.663281, 1590320989.7237961, 1590320989.7752361, 1590320989.8317065, 1590320989.8923867, 1590320989.9431725, 1590320989.9936845, 1590320990.0443487, 1590320990.0948603, 1590320990.145645, 1590320990.196026, 1590320990.2464025, 1590320990.296863, 1590320990.347463, 1590320990.3977892, 1590320990.4482298]}