{"oculusX": [259.3775304840088, 259.37520590286255, 258.8243397758484, 258.08860984306335, 257.52916064720154, 257.0767613933563, 256.91848125915527, 257.00908031921387, 257.5459989593506, 257.87382450561523, 258.22519388656616], "oculusY": [0.39461255073547363, 0.38202106952667236, 0.11707842350006104, -0.7980018854141235, -1.4873296022415161, -2.0223259925842285, -2.223283052444458, -2.0363926887512207, -1.7024725675582886, -1.6157925128936768, -1.487642526626587], "oculusZ": [-8.903797312927246, -9.115155383300781, -8.77171342010498, -8.259709521484375, -7.879193469238281, -7.542427226257324, -7.44872872467041, -7.413800402832031, -7.730301066589355, -7.949646159362793, -8.08208768005371], "dobotX": [258.86102294921875], "dobotY": [0.9903181791305542], "dobotZ": [-9.669044494628906], "diffX": [-0.63582906265259], "diffY": [-2.477960705757141], "diffZ": [1.5869568145751956], "diffXYZ": [3.010481653741931], "predictionX": [268.0880936668396], "predictionY": [5.788221955299377], "predictionZ": [-14.542039080810547], "oculusXSynchronized": [258.22519388656616], "oculusYSynchronized": [-1.487642526626587], "oculusZSynchronized": [-8.08208768005371], "timestamp": [1589997695.4373763], "oculusTimeStamp": [1589997695.3869538, 1589997695.4373577, 1589997695.487896, 1589997695.5384536, 1589997695.588981, 1589997695.6394436, 1589997695.6898375, 1589997695.7403007, 1589997695.7909772, 1589997695.8415587, 1589997695.8920605]}