{"oculusX": [260.3392216251373, 260.5577620552063, 260.6911572502136, 260.9123202846527, 261.1683818386078, 261.2604412124634, 261.3364073322296, 261.34409633140564, 261.39613118629455, 261.39157143096924, 261.3417121456146, 261.2867864654541, 261.08776655654907, 261.1913296268463, 261.3994094417572, 261.6111251399994, 262.09413137893677, 262.4227615879059, 262.34438148002624, 263.1176325366974, 265.7563599632263, 274.8380812690735, 282.2668465660095, 288.8437422798157, 296.4398476169586, 306.3234004066467, 315.8263477371216, 321.96088757972717, 328, 328, 328, 328, 328, 328, 328, 328, 328, 328, 328, 328, 328, 328, 328, 328, 328, 328, 328, 328, 328, 328, 328, 328, 328, 328, 328, 328, 328, 328, 328, 328, 328, 328, 328, 328, 328, 328, 328, 328, 328, 328, 328, 328], "oculusY": [3.590725362300873, 3.247097134590149, 3.1340792775154114, 3.0649229884147644, 3.1457841396331787, 3.2004714012145996, 3.557734191417694, 3.5701319575309753, 3.5847052931785583, 3.5556554794311523, 3.692224621772766, 3.8560405373573303, 3.9635971188545227, 3.8262680172920227, 4.23518568277359, 5.4267048835754395, 6.775811314582825, 7.7032893896102905, 8.789323270320892, 10.655537247657776, 14.796815812587738, 40.41513055562973, 67.77401641011238, 91.42973693087697, 115.7474908977747, 139.144878834486, 155.09259328246117, 162.7701073884964, 172.87912219762802, 177.89384722709656, 182.34580755233765, 183.7010532617569, 183.67041647434235, 182.7746480703354, 181.6524639725685, 180.92436343431473, 180.7234287261963, 180.57949095964432, 181.56912177801132, 182.19105154275894, 182.70042538642883, 183.26590955257416, 184.3491643667221, 184.72562730312347, 185.25952845811844, 185.0544661283493, 185.19221246242523, 185.12549996376038, 185.62744557857513, 186.63396686315536, 186.8252530694008, 187.4084323644638, 188.1372258067131, 189.6817460656166, 189.89934772253036, 190.61388820409775, 192.45916604995728, 192.92407482862473, 193.5761570930481, 193.7498077750206, 194.209024310112, 194.01969015598297, 193.60565394163132, 193.65066289901733, 193.62475723028183, 193.6282217502594, 193.072609603405, 192.3830285668373, 192.14238226413727, 191.8410360813141, 191.82957708835602, 191.6959136724472], "oculusZ": [-12.13937584991455, -12.10110966796875, -12.282188578796386, -12.413795634460449, -12.57115189666748, -12.605126544189453, -12.68404309387207, -12.644584819030761, -12.645300074768066, -12.58498017425537, -12.57866208190918, -12.63206784362793, -12.600715800476074, -12.771423503112793, -13.092692538452148, -13.67598359222412, -14.30910412902832, -15.167887850952148, -15.51597897644043, -16.234334155273437, -16.27891842956543, -16.622956439208984, -13.784940882873535, -9.40638367767334, -5.935486003112793, -3.303821726989746, -2.139266177368164, -2.3013908111572263, -5.37198369140625, -8.005197688293457, -12.05998246307373, -13.605292483520508, -14.14745633239746, -13.39667622680664, -13.369734927368164, -13.377960368347168, -13.998206301879883, -14.315660639953613, -14.76841752166748, -15.332039042663574, -15.172298594665527, -14.966900988769531, -15.032704516601562, -15.27040783996582, -15.563901110839844, -15.73115174407959, -15.759046717834472, -15.605862780761719, -15.471156283569336, -15.547331019592285, -15.931780978393554, -16.332085772705078, -16.39324013824463, -17.16225926513672, -17.626937075805664, -18.176372691345215, -18.652136965942383, -18.714602633666992, -18.817599459838867, -19.05744855041504, -19.253547831726074, -19.544776126098633, -19.744809313964844, -19.768055125427246, -19.823964282226562, -20.05534951324463, -20.362790270996094, -20.796116038513183, -21.219309016418457, -21.545108004760742, -21.755870028686523, -21.852667971801758], "dobotX": [259.11981201171875, 260.26416015625, 285.98333740234375], "dobotY": [0.0, 3.7515759468078613, 72.06632995605469], "dobotZ": [-8.568687438964844, -12.073074340820312, -12.8607177734375], "diffX": [2.1669744537353495, 67.73583984375, 42.01666259765625], "diffY": [3.8560405373573303, 181.50795251131058, 119.62958371639252], "diffZ": [-4.063380404663086, -3.490826770019531, -8.991950198364258], "diffXYZ": [6.006320605985379, 193.7665262518906, 127.1121253239537], "predictionX": [260.2641495750427, 328, 328], "predictionY": [3.7515759468078613, 183.67041647434235, 193.7498077750206], "predictionZ": [-12.073095484924316, -14.14745633239746, -19.05744855041504], "oculusXSynchronized": [261.2867864654541, 328, 328], "oculusYSynchronized": [3.8560405373573303, 185.25952845811844, 191.6959136724472], "oculusZSynchronized": [-12.63206784362793, -15.563901110839844, -21.852667971801758], "timestamp": [1590320654.4956174, 1590320656.5577178, 1590320658.2097235], "oculusTimeStamp": [1590320654.401046, 1590320654.4516778, 1590320654.5019758, 1590320654.552307, 1590320654.6031156, 1590320654.653478, 1590320654.7038772, 1590320654.7546756, 1590320654.805087, 1590320654.8554833, 1590320654.9058373, 1590320654.9562058, 1590320655.0240855, 1590320655.0897753, 1590320655.1505206, 1590320655.2219458, 1590320655.341654, 1590320655.420965, 1590320655.4813774, 1590320655.5581307, 1590320655.6159394, 1590320655.7195654, 1590320655.7734637, 1590320655.8315034, 1590320655.8902323, 1590320655.9542522, 1590320656.0269642, 1590320656.100969, 1590320656.1764486, 1590320656.2464857, 1590320656.3043208, 1590320656.3622348, 1590320656.4232912, 1590320656.4736583, 1590320656.5241945, 1590320656.5745857, 1590320656.624962, 1590320656.6753366, 1590320656.7257147, 1590320656.776118, 1590320656.826448, 1590320656.8768284, 1590320656.927233, 1590320656.9776177, 1590320657.028037, 1590320657.085418, 1590320657.171611, 1590320657.2244854, 1590320657.276161, 1590320657.343651, 1590320657.4302528, 1590320657.4965305, 1590320657.5508764, 1590320657.6418073, 1590320657.7211134, 1590320657.8057458, 1590320657.9093943, 1590320657.9716895, 1590320658.0231276, 1590320658.0823007, 1590320658.132658, 1590320658.182994, 1590320658.2332993, 1590320658.2837434, 1590320658.334136, 1590320658.3849475, 1590320658.435274, 1590320658.485783, 1590320658.5361874, 1590320658.5867085, 1590320658.6371543, 1590320658.6874888]}