{"oculusX": [328, 328, 328, 328, 328, 328, 326.08761516075134, 325.20257559280395, 325.4007908390045, 325.64654078941345, 326.8082651184082, 327.55388942222595, 328, 328, 328, 328, 328, 328, 328, 327.7303787754059, 325.5272122905731, 325.93043771247864, 328, 328, 328, 328, 328, 328, 328, 328, 328, 328, 328, 326.2685748622894, 317.85436597328186, 313.2940146015167, 311.2155410335541, 311.61140528182983, 313.3948358581543, 317.9160865829468, 321.32517424087524, 327.26352539520263, 328, 328, 328, 328, 328, 328, 328, 328, 328, 328, 328, 326.5966388271332, 324.2722066925049, 321.5991767929077, 320.33895578842163, 319.8451611087799, 320.8452972457886, 321.81491580467224, 323.82836070518493, 326.3904663608551, 328, 328, 328, 328, 328, 328, 328, 328, 328, 328, 328, 328, 328, 328, 324.80563846092224, 318.74909129600525, 313.54757276039123, 308.6984964893341, 306.3733789012909, 306.38732638816833, 309.10574522476196, 313.11809149246216, 319.3393858955383, 326.12808671455383, 328, 328, 328, 328, 328, 328, 328, 328, 328, 328, 328, 328, 323.30926385383606, 317.2043773220062, 313.1915840194702, 310.1614626930237, 309.0066227005005, 310.778370766449, 316.6497859046936, 322.4919053600311, 328, 328, 328, 328, 328, 328, 328, 328, 328, 328, 328, 328, 328, 328, 328, 328, 328, 328, 328, 328, 328, 328, 328, 328, 328, 328, 328, 328, 328, 328, 328, 328, 328, 328, 328, 328, 328, 328, 328, 328, 328, 328, 328, 328, 328, 328, 328, 328, 328, 328, 328, 328, 328, 328, 328, 328, 328, 328, 328, 328, 328, 328, 327.8739663646698, 327.8732809112549, 327.68591371040344, 328, 328, 328, 328, 328, 328, 328, 328, 328, 328, 328, 328, 328, 328, 328, 328, 328, 328, 328, 328, 328, 328, 328, 328, 328, 328, 327.69586768608093, 315.87415066223144, 303.7902030036926, 296.61031690101623, 289.2745348499298, 284.71978631477356, 283.8828774974823, 287.1787461326599, 287.20240917663574, 288.74017920951843, 292.36932721595764, 295.68507400016784, 297.26182547073364, 295.80303159217834, 294.47694745521545, 291.8636414096832, 289.00416818122864, 287.8098997161865, 285.84240999679565, 284.00602069358825, 281.5441700504303, 281.2085064933777, 281.88358870010376, 282.34504785995483, 281.6819461868286, 280.8335634754181, 280.2309307144165, 279.70497932891845, 279.5663985298157, 281.44227591018677, 283.50754704933166, 285.2929743812561, 286.82579722862243, 287.1973725841522, 287.9479738758087, 287.7925249622345, 287.18324628334045], "oculusY": [12.798070907592773, 15.260592103004456, 22.34780043363571, 28.126541525125504, 33.32413360476494, 37.155479192733765, 41.878312826156616, 40.919870138168335, 38.211047649383545, 33.27017277479172, 25.567933917045593, 19.21077072620392, 11.3745778799057, 7.195279002189636, -0.7592812180519104, -7.805988192558289, -12.673728168010712, -17.663300037384033, -20.87319642305374, -21.26821130514145, -19.7862908244133, -14.852933585643768, -7.677845656871796, 0.3770589828491211, 5.096375942230225, 11.348240077495575, 18.704988062381744, 23.69070053100586, 30.7302363216877, 34.506648778915405, 40.09189084172249, 43.727949261665344, 44.868193566799164, 45.738548040390015, 43.86809840798378, 40.911734104156494, 35.60774400830269, 28.972439467906952, 26.34214237332344, 25.301307439804077, 22.034697234630585, 17.87465065717697, 14.788210391998291, 10.195299983024597, 5.143776535987854, -1.3702437281608582, -7.125504314899445, -13.194374740123749, -17.846286296844482, -23.97371083498001, -29.035992920398712, -31.000904738903046, -22.92969822883606, -21.472588181495667, -22.259347140789032, -21.81132882833481, -23.80165457725525, -26.514165103435516, -27.290992438793182, -26.40467882156372, -23.114286363124847, -17.90110021829605, -12.133903801441193, -3.6821290850639343, 3.4327805042266846, 14.818958938121796, 23.045122623443604, 26.317276060581207, 32.41259232163429, 34.38456729054451, 35.72753071784973, 34.23508256673813, 36.23031824827194, 35.647228360176086, 42.58235543966293, 46.456869691610336, 56.26809783279896, 61.54794991016388, 66.60624034702778, 74.29035473614931, 81.24052686616778, 86.15956841094885, 88.08635885361582, 87.29933365248144, 82.082100212574, 75.25265496224165, 65.56201539933681, 56.73622712492943, 48.426590859889984, 47.629520297050476, 37.739988416433334, 32.15954080224037, 20.748451352119446, 9.463846683502197, 0.5256235599517822, -10.374404489994049, -19.175387918949127, -24.2699533700943, -29.780425131320953, -35.96821427345276, -40.41635990142822, -42.02687740325928, -44.92257535457611, -47.684445977211, -49.71930384635925, -49.04696345329285, -44.96803879737854, -36.388106644153595, -29.467925429344177, -17.92418211698532, -7.133714854717255, 7.092148065567017, 21.670274436473846, 30.854176729917526, 45.9473580121994, 57.569511234760284, 67.88405776023865, 84.67308629769832, 96.24448604881763, 111.29959300160408, 123.33783507347107, 128.75956296920776, 129.81951609253883, 126.95618346333504, 123.1350414454937, 118.76955255866051, 121.1460568010807, 125.49872696399689, 140.28706029057503, 150.8031114935875, 163.84081542491913, 177.30490118265152, 190.56007266044617, 208.77301692962646, 230.17805814743042, 247.08393216133118, 266.28483831882477, 280.65524995326996, 295.59147357940674, 311.9599372148514, 323.3362287282944, 328, 328, 328, 328, 328, 328, 328, 328, 328, 328, 328, 328, 328, 317.54471361637115, 295.4008877277374, 274.2420434951782, 250.1937299966812, 217.33692288398743, 196.57990336418152, 172.5444421172142, 154.36682850122452, 141.7335756123066, 129.01055067777634, 119.46993693709373, 112.9818744957447, 108.4248460829258, 101.58044751733541, 95.5712953582406, 87.00351364677772, 83.46724812872708, 84.00028012692928, 82.85078755579889, 80.11246705427766, 72.52694200724363, 67.78791174292564, 65.49475900828838, 64.41364251077175, 66.86383485794067, 72.21123855561018, 77.27194856852293, 81.56641386449337, 89.55090097151697, 98.06499630212784, 107.45714418590069, 120.79713493585587, 132.24633783102036, 148.99036288261414, 163.29365968704224, 173.08928072452545, 192.75233894586563, 213.19611370563507, 233.14744234085083, 251.42726302146912, 267.1804279088974, 277.31114625930786, 293.074369430542, 304.8202097415924, 317.56819784641266, 328, 328, 328, 328, 328, 328, 328, 328, 328, 328, 328, 328, 328, 326.03248953819275, 317.0752078294754, 309.39415097236633, 301.4715760946274, 295.7349717617035, 290.799617767334, 286.11384332180023, 283.64038467407227, 282.2200208902359, 278.1793922185898, 277.76962518692017, 272.4394500255585, 268.6597555875778, 265.168234705925, 263.6847347021103, 263.7668550014496, 265.2791738510132, 267.56082475185394, 267.8986042737961, 269.643634557724, 269.8388248682022, 270.00509202480316],