{"oculusX": [259.20515385131836, 261.48336258392334, 257.8053387687683, 260.28101768951416], "oculusY": [0.06125122308731079, -0.10356307029724121, 8.249066770076752, 0.6847754120826721], "oculusZ": [-8.76861397857666, -10.20460908050537, -9.152825518798828, -9.851272746276855], "dobotX": [259.11981201171875, 259.20513916015625, 261.4833679199219, 257.8053283691406], "dobotY": [0.0, 0.06125122308731079, -0.10356307774782181, 8.249066352844238], "dobotZ": [-8.568687438964844, -8.768608093261719, -10.204627990722656, -9.152839660644531], "diffX": [0.08534183959960728, 2.2782234237670878, -3.6780291511535665, 2.475689320373533], "diffY": [0.06125122308731079, -0.164814293384552, 8.352629847824574, -7.564290940761566], "diffZ": [-0.19992653961181617, -1.436000987243652, 1.0518024719238284, -0.698433085632324], "predictionX": [259.20515385131836, 261.48336258392334, 257.8053387687683, 260.28101768951416], "predictionY": [0.06125122308731079, -0.10356307029724121, 8.249066770076752, 0.6847754120826721], "predictionZ": [-8.76861397857666, -10.20460908050537, -9.152825518798828, -9.851272746276855], "timestamp": [1589632005.6956372, 1589632007.5831752, 1589632009.080599, 1589632010.5681334]}