{"oculusX": [267.8194182799339, 265.2746352241516, 264.03063413362503, 264.93666198711395, 266.3645285056114, 264.9709719107628, 263.0558746741295, 263.2176342294693, 267.0752170370102, 264.3908846066475, 264.2537119672775, 264.4155385778427, 264.77559533576965, 265.2720573232651, 265.4722320721626], "oculusY": [-14.604311436414719, -19.71995458006859, -28.231557458639145, -33.78474339842796, -36.05838865041733, -39.856527000665665, -44.75453495979309, -49.11258444190025, -46.623438596725464, -44.224850833415985, -45.34503258764744, -46.57731391489506, -47.07423411309719, -48.536188900470734, -48.44064451754093], "oculusZ": [-32.01561753387451, -39.6857220375061, -47.703381224823, -51.90473382110596, -53.367133780670166, -56.35869090194702, -63.499625369262695, -64.12094418640137, -63.86643235321045, -60.090180083465576, -61.0470730506897, -61.125214739990234, -61.628099127960205, -62.4089795791626, -62.3099166595459], "dobotX": [259.11981201171875], "dobotY": [0.0], "dobotZ": [-8.568687438964844], "diffX": [6.352420060443876], "diffY": [-48.44064451754093], "diffZ": [-53.741229220581054], "diffXYZ": [72.62898181881756], "predictionX": [-26], "predictionY": [-63], "predictionZ": [-7], "oculusXSynchronized": [265.4722320721626], "oculusYSynchronized": [-48.44064451754093], "oculusZSynchronized": [-62.3099166595459], "timestamp": [1590321329.6051369], "oculusTimeStamp": [1590321329.3730304, 1590321329.4233432, 1590321329.4746242, 1590321329.5250123, 1590321329.5756063, 1590321329.6262112, 1590321329.6766324, 1590321329.7269926, 1590321329.7775903, 1590321329.8280466, 1590321329.8783922, 1590321329.9288304, 1590321329.979269, 1590321330.0297127, 1590321330.0802095]}