{"oculusX": [258.92715778808594, 258.7445738599777, 258.735603360939, 258.70548811416626, 258.49867489795685, 258.00429907302856, 257.9405370042801, 258.1737997816086, 258.93822935085296, 259.4223084733963, 259.6470626876831, 259.3448075340271, 259.10826650123596, 259.19108715515137, 259.37638309459686, 259.0946319387436, 258.4554615304947, 258.33343592147827, 258.34315147857666, 258.3815219686508, 258.77036777000427, 259.16833308200836, 258.1398102329254, 257.7535721347809, 255.54432597618103, 253.96055605869293, 252.10641947250366, 248.6220213459015, 243.5807946012497, 238.8638469264984], "oculusY": [-0.2659410238265991, -0.23734569549560547, -0.03178417682647705, 0.26795268058776855, 0.10930001735687256, -0.2570152282714844, -0.22958219051361084, 0.04696846008300781, 0.11523067951202393, 0.21757185459136963, -0.04851818084716797, -0.08733570575714111, 0.005751848220825195, -0.1748502254486084, -0.08624792098999023, 0.206872820854187, 0.5790740251541138, 0.38364529609680176, 0.3506690263748169, 0.9420663118362427, 1.760050654411316, 1.6739219427108765, 0.38023293018341064, -0.2305060625076294, -1.3034790754318237, -1.8248409032821655, -0.7822662591934204, 1.9794553518295288, 6.2567442655563354, 8.949339389801025], "oculusZ": [-8.18115059967041, -7.997449084472656, -7.998521968078613, -8.164699717712402, -8.08041875, -7.9154330932617185, -8.054907962036133, -8.30787007446289, -8.680518313598633, -8.963044329833984, -8.997734233093261, -8.749659701538086, -8.569415255737304, -8.528884097290039, -8.709843798828125, -8.654769107055664, -8.264477893066406, -8.07135884399414, -7.996137782287597, -7.904704257202148, -8.518989726257324, -8.893068476867676, -7.570918246459961, -7.263954325866699, -4.492457553100586, -3.128345652770996, -2.2909003936767576, -0.5177814208984373, 1.917545155334473, 4.618827656555176], "dobotX": [259.11981201171875], "dobotY": [0.0], "dobotZ": [-8.568687438964844], "diffX": [0.2565710828781107], "diffY": [-0.08624792098999023], "diffZ": [-0.141156359863281], "diffXYZ": [0.30527453607235905], "predictionX": [3.178417682647705e-05], "predictionY": [0.0003841966390609741], "predictionZ": [0.0005701780319213867], "oculusXSynchronized": [259.37638309459686], "oculusYSynchronized": [-0.08624792098999023], "oculusZSynchronized": [-8.709843798828125], "timestamp": [1590011270.7544382], "oculusTimeStamp": [1590011270.5284653, 1590011270.5793116, 1590011270.6296835, 1590011270.6805568, 1590011270.7309325, 1590011270.7814429, 1590011270.8320482, 1590011270.8825486, 1590011270.9331717, 1590011270.9840035, 1590011271.0348244, 1590011271.0855057, 1590011271.136312, 1590011271.1871746, 1590011271.2375965, 1590011271.305294, 1590011271.3667543, 1590011271.4400818, 1590011271.4943593, 1590011271.5650773, 1590011271.6249917, 1590011271.6830945, 1590011271.7391572, 1590011271.81504, 1590011271.866286, 1590011271.919032, 1590011271.9764087, 1590011272.0368552, 1590011272.0945158, 1590011272.1452086]}