{"oculusX": [262.12590065460205, 263.1035956428528, 264.00222506980896, 264.38154902915954, 264.6938773677826, 265.07108536224365, 265.34914103012085, 265.5602010772705, 265.7067092941284, 265.4606613204956, 264.4069108055115, 263.4073111103058, 262.96102133255005, 262.42279139022827, 262.15060677986145, 261.77417364578247, 261.3610836551666, 261.04908314208984, 261.04008284072876, 262.145421175766, 262.51580443840027, 262.6789423511505, 262.93700066070556, 262.9756840751648, 263.15279927711487, 263.34028568725586, 263.49746313552856, 263.79852619628906, 264.24761739234924, 264.84414067726135, 264.5003708885193, 264.652630953598, 264.8262890861511, 265.11027541618347, 265.16365137557983, 265.2645024345398, 265.28515544395447, 265.4216202781677, 265.3456839607239, 265.18227782707214, 265.04423346977234, 265.18785086135864, 265.493056444931, 265.4845925853729, 265.3118881271362, 265.0142225311279, 264.94999852638244, 264.84315720062256, 264.6952780769348, 264.62643471221924, 264.5991953895569, 264.5894202278137, 264.48546972732544, 264.36453190307617, 264.1868802593231, 264.22988501052856, 263.9616939113617, 263.3842441127777, 263.08118429641723, 262.4440404460907, 261.9346889541626, 261.7570969150543, 261.4688786552429, 261.8787499950409, 260.906806855011, 254.37655177574158, 242.07921948890686, 228.89508929710388, 215.48845496635437, 197.91161146621704, 184.0625616596222, 164.9508091495514], "oculusY": [1.557186245918274, 1.733977347612381, 1.624036580324173, 1.0222233831882477, 0.8668042719364166, 0.6223917007446289, 0.8664317429065704, 1.5262961387634277, 1.6505718231201172, 2.2126324474811554, 2.8983354568481445, 3.3287405967712402, 3.2019466161727905, 3.0196011066436768, 3.3693239092826843, 3.2527856528759003, 3.673318773508072, 4.143893718719482, 4.0235817432403564, 3.542747348546982, 3.307383507490158, 3.3248476684093475, 2.9428116977214813, 2.6847422122955322, 2.5101974606513977, 2.733677625656128, 2.6978738605976105, 2.059243619441986, 1.3072006404399872, 1.0049082338809967, 1.228034496307373, 1.160603016614914, 0.7989183068275452, 0.4016607999801636, 0.361371785402298, 0.21072477102279663, 0.09312108159065247, 0.0878162682056427, 0.3873296082019806, 0.5418136715888977, 0.5884803831577301, 0.8134953677654266, 0.8518137037754059, 0.9068362414836884, 0.8597373962402344, 0.8272081613540649, 0.9028539061546326, 1.0207854211330414, 1.1338628828525543, 1.177363097667694, 1.104157418012619, 1.6282498836517334, 1.894630491733551, 1.9403919577598572, 1.4521591365337372, 1.3404227793216705, 1.3838820159435272, 1.9529089331626892, 2.387549728155136, 3.290042281150818, 3.963388502597809, 4.2671263217926025, 4.635035991668701, 4.259932786226273, 3.314238041639328, 2.234421670436859, 8.24686884880066, 21.9125933945179, 48.9513985812664, 63.32249566912651, 62.10305402055383, 44.94707100093365], "oculusZ": [-12.453969165039062, -13.244326754760742, -13.69875256652832, -13.751085444641113, -13.90629593963623, -14.152224703979492, -14.378722354125976, -14.668758555603027, -14.737184687805176, -14.641459628295898, -14.080937548828125, -13.31430260772705, -12.927587672424316, -12.52537552947998, -12.361820384216308, -12.153442546081543, -11.801059886169433, -11.747415705871582, -11.723454638671875, -12.25524727935791, -12.567098780822754, -12.71444146270752, -12.79681508178711, -12.933190509033203, -13.099249049377441, -13.162310763549804, -13.396080180358886, -13.869102641296386, -14.224107905578613, -14.605339213562011, -14.36405961151123, -14.53786675567627, -14.715846224975586, -14.805372401428222, -14.714773341369629, -14.860685511779785, -15.034492655944824, -15.135582133483886, -15.09350125427246, -15.133317156982422, -15.134866877746582, -15.266116305541992, -15.486772700500488, -15.489752932739258, -15.246208354187011, -15.157278224182129, -15.135462924194336, -15.017564936828613, -14.97429196472168, -14.890249415588379, -14.83088318939209, -14.75935761566162, -14.622147723388672, -14.538939639282226, -13.88495747680664, -13.636644526672363, -13.258870288085937, -12.886818095397949, -12.756403132629394, -12.45206181640625, -12.313898249816894, -12.443597956848144, -12.45659176940918, -12.426431819152832, -11.517222567749023, -9.33926884765625, -9.03111283416748, -19.169386073303222, -59.403951808166504, -118.39335744018555, -169.39740960235596, -232.45495144958497], "dobotX": [259.11981201171875, 261.5677185058594, 264.8263244628906], "dobotY": [0.0, 1.7000699043273926, 0.7989183664321899], "dobotZ": [-8.568687438964844, -12.179672241210938, -14.715827941894531], "diffX": [4.287499098587034, 3.7441696212768534, -99.87551531333924], "diffY": [3.3287405967712402, -0.8403325080871582, 44.14815263450146], "diffZ": [-4.745615168762207, -3.066536112976074, -217.73912350769044], "predictionX": [263.4073111103058, 265.3118881271362, 164.9508091495514], "predictionY": [3.3287405967712402, 0.8597373962402344, 44.94707100093365], "predictionZ": [-13.31430260772705, -15.246208354187011, -30], "oculusXSynchronized": [263.4073111103058, 265.3118881271362, 164.9508091495514], "oculusYSynchronized": [3.3287405967712402, 0.8597373962402344, 44.94707100093365], "oculusZSynchronized": [-13.31430260772705, -15.246208354187011, -232.45495144958497], "timestamp": [1589637688.1789427, 1589637690.2355146, 1589637691.8373618], "oculusTimeStamp": [1589637687.879616, 1589637687.9314816, 1589637687.9824069, 1589637688.0337944, 1589637688.084178, 1589637688.1353939, 1589637688.1861746, 1589637688.2368681, 1589637688.287275, 1589637688.337656, 1589637688.388569, 1589637688.4394376, 1589637688.4901278, 1589637688.5863764, 1589637688.6526897, 1589637688.7077122, 1589637688.7795503, 1589637688.842544, 1589637688.9194922, 1589637689.0561907, 1589637689.1145737, 1589637689.1717029, 1589637689.22654, 1589637689.2853844, 1589637689.338637, 1589637689.4062848, 1589637689.4963744, 1589637689.5526197, 1589637689.637586, 1589637689.714735, 1589637689.771236, 1589637689.834929, 1589637689.8945446, 1589637689.9453404, 1589637689.9962044, 1589637690.0469098, 1589637690.0976436, 1589637690.1485035, 1589637690.1994243, 1589637690.250468, 1589637690.3009307, 1589637690.3522403, 1589637690.4033778, 1589637690.4539173, 1589637690.504728, 1589637690.572767, 1589637690.6275713, 1589637690.6872635, 1589637690.7534587, 1589637690.8085911, 1589637690.879033, 1589637690.9362059, 1589637690.9919624, 1589637691.086646, 1589637691.170391, 1589637691.2702801, 1589637691.3462036, 1589637691.3984828, 1589637691.4583213, 1589637691.513434, 1589637691.564856, 1589637691.6154056, 1589637691.6659036, 1589637691.716604, 1589637691.7670093, 1589637691.8173382, 1589637691.8682594, 1589637691.9194334, 1589637691.9706862, 1589637692.0217674, 1589637692.0722952, 1589637692.1228213]}