{"oculusX": [259.0504797981262, 258.98187485198974, 259.02294245224, 258.9597317264557, 258.9689704463959, 259.06952348213196, 259.18947782974243, 259.44467511634826, 259.48157039146423, 259.5518442676544, 259.6642884300232, 259.63383045654297, 259.62736335258484, 259.7238632724762, 259.6674176738739, 259.7398969219208, 259.85505309562683, 259.7233566329956, 259.6602055118561, 259.52731695632934, 259.36742749671936, 259.2297705696106, 259.3590530441284, 259.3605431602478, 259.4770404384613, 259.56704345207214, 259.67644777755737, 259.8366650627136, 259.83413186531067, 259.8035248802185, 259.9094423339844, 260.0641163871765, 260.245493321228, 260.45974221687317, 260.6604310558319, 260.8061942146301, 260.86040463905334, 260.8842166946411, 260.9660538719177, 261.1235591457367, 261.2821969078064, 261.5599843547821, 261.903128294754, 262.228212027359, 262.4784919307709, 262.68204179267883, 262.72391405563354, 263.2772537754059, 263.5118874595642, 263.544312386322, 264.17391624908447, 264.81412973861694, 265.10500040512085, 265.3441342399597, 265.2636977718353, 265.1716980026245, 265.2690621898651, 265.4520186470032, 265.53397503356933, 265.65795269470215, 265.65339293937683, 265.65839972953796, 265.70536818962097, 265.6142922924042, 265.6326207206726, 265.7741221473694, 265.67511883239746, 265.66155877571106, 265.6718405769348, 265.64123359184265, 265.71490493278503, 265.6781884716034, 265.6237396286011, 265.683076052475, 265.7004806087494, 265.67997661094665, 265.67830768089294, 265.65771427612304, 265.7352897212982, 265.7059940383911, 265.5171069190979, 265.2928146408081, 265.28911915283203, 265.27868833999634, 265.2178021953583, 265.1424321220398, 265.0234314487457, 264.9243983314514, 264.8103448436737, 264.6230968521118, 264.5991357849121, 264.6047684238434, 264.5023080394745, 264.41111293296814], "oculusY": [0.09624660015106201, 0.20939111709594727, 0.36419928073883057, 0.5166679620742798, 0.6951093673706055, 0.7566511631011963, 0.6838962435722351, 0.529944896697998, 0.5152896046638489, 0.5506947636604309, 0.47288835048675537, 0.4080235958099365, 0.37832558155059814, 0.5732625722885132, 0.7665306329727173, 0.8935034275054932, 1.2234002351760864, 1.5039145946502686, 1.8834546208381653, 2.136610448360443, 2.2875890135765076, 2.4368688464164734, 2.6091933250427246, 2.724461257457733, 2.939097583293915, 3.270760178565979, 3.6827698349952698, 3.9741620421409607, 4.310280084609985, 4.598766565322876, 4.73795086145401, 4.716098308563232, 4.667460918426514, 4.719994962215424, 4.847995936870575, 5.001194775104523, 5.1011741161346436, 5.233734846115112, 5.386188626289368, 5.4335445165634155, 5.343422293663025, 5.169078707695007, 5.130648612976074, 5.273140966892242, 5.408763885498047, 5.872912704944611, 6.335407495498657, 6.654828786849976, 6.9563910365104675, 7.147088646888733, 7.424883544445038, 7.603049278259277, 7.540352642536163, 7.382504642009735, 7.494121789932251, 7.5076669454574585, 7.559046149253845, 7.597409188747406, 7.675141096115112, 7.824122905731201, 7.948882877826691, 7.8839510679244995, 7.821597158908844, 7.82940536737442, 7.913120090961456, 7.993854582309723, 7.986575365066528, 8.027315139770508, 8.17415863275528, 8.303873240947723, 8.359856903553009, 8.550554513931274, 8.749350905418396, 8.973672986030579, 9.088106453418732, 9.175121784210205, 9.14890319108963, 9.050711989402771, 8.853323757648468, 8.57512652873993, 8.396968245506287, 8.274704217910767, 8.280344307422638, 8.401043713092804, 8.405379951000214, 8.304193615913391, 8.172564208507538, 7.887430489063263, 7.623054087162018, 7.40794837474823, 7.219225168228149, 6.972059607505798, 6.894268095493317, 6.964236497879028], "oculusZ": [-8.49252526397705, -8.489545031738281, -8.427675410461426, -8.389766856384277, -8.374746485900879, -8.427079364013672, -8.44806019897461, -8.54140107269287, -8.594329997253418, -8.628900691223144, -8.660610362243652, -8.673723384094238, -8.650477572631836, -8.769210025024414, -8.910830661010742, -8.91524140472412, -9.067471667480469, -9.073551341247558, -9.042676135253906, -8.998330279541015, -9.02336423034668, -8.985574885559082, -9.123261614990234, -9.267862483215332, -9.407337351989746, -9.576256915283203, -9.734090014648437, -9.87499539489746, -10.00755612487793, -10.089810534667969, -10.251935168457031, -10.46984974975586, -10.600622340393066, -10.893161936950683, -11.017378016662597, -11.136587306213379, -11.248763247680664, -11.272009059143066, -11.438306018066406, -11.521037265014648, -11.67839352722168, -11.900957270812988, -12.141998454284668, -12.295540019226074, -12.457903071594238, -12.882645770263672, -13.254459544372558, -13.407524272155761, -13.824637576293945, -13.99617974395752, -14.30755440826416, -14.728959246826172, -15.16359631652832, -15.324767276000976, -15.13760869140625, -15.083606883239746, -15.141304179382324, -15.184696360778808, -15.28876607055664, -15.403683825683594, -15.429671450805664, -15.451605960083008, -15.502627536010742, -15.581186457824707, -15.633757754516601, -15.648778125, -15.768941088867187, -15.661175891113281, -15.707309886169433, -15.72817151184082, -15.904958888244629, -15.938575907897949, -15.940483256530761, -16.07900445098877, -16.00759808654785, -16.05778519744873, -16.029890223693847, -15.987094088745117, -15.978987857055664, -15.925820513916015, -15.698846026611328, -15.743907138061523, -15.855010195922851, -15.65199677581787, -15.667851611328125, -15.632446452331543, -15.61373059387207, -15.593345805358886, -15.548284693908691, -15.465911074829101, -15.390570803833008, -15.388186618041992, -15.533621951293945, -15.42597596282959], "dobotX": [259.11981201171875], "dobotY": [0.0], "dobotZ": [-8.568687438964844], "diffX": [5.291300921249388], "diffY": [6.964236497879028], "diffZ": [-6.857288523864746], "predictionX": [264.41111293296814], "predictionY": [6.964236497879028], "predictionZ": [-15.42597596282959], "timestamp": [1589636942.8629525], "oculusTimeStamp": [1589636941.8772583, 1589636941.8930316, 1589636941.9063861, 1589636941.9200976, 1589636941.933561, 1589636941.946887, 1589636941.9610934, 1589636941.9754858, 1589636941.9900124, 1589636942.0024881, 1589636942.017148, 1589636942.030259, 1589636942.045288, 1589636942.0579405, 1589636942.0729787, 1589636942.0871947, 1589636942.101855, 1589636942.1151729, 1589636942.1288784, 1589636942.1423624, 1589636942.1566627, 1589636942.170784, 1589636942.1842506, 1589636942.1981223, 1589636942.2131057, 1589636942.2274928, 1589636942.2406948, 1589636942.2538798, 1589636942.2680502, 1589636942.28252, 1589636942.297476, 1589636942.3112931, 1589636942.3240628, 1589636942.3387682, 1589636942.3510108, 1589636942.3655896, 1589636942.3795738, 1589636942.3939154, 1589636942.4076998, 1589636942.4227111, 1589636942.4360354, 1589636942.4495046, 1589636942.4626286, 1589636942.4769661, 1589636942.4907625, 1589636942.5054808, 1589636942.519961, 1589636942.5329728, 1589636942.5465438, 1589636942.5620105, 1589636942.5645187, 1589636942.5787005, 1589636942.5918956, 1589636942.6059747, 1589636942.6200032, 1589636942.6340616, 1589636942.6481123, 1589636942.661639, 1589636942.6761541, 1589636942.6899586, 1589636942.7037208, 1589636942.7180436, 1589636942.7321236, 1589636942.7452736, 1589636942.7596343, 1589636942.7728405, 1589636942.7874997, 1589636942.8010066, 1589636942.8149068, 1589636942.8291433, 1589636942.8426547, 1589636942.857337, 1589636942.871013, 1589636942.8852284, 1589636942.898994, 1589636942.9128814, 1589636942.9264724, 1589636942.941022, 1589636942.954969, 1589636942.9688833, 1589636942.9822638, 1589636942.996402, 1589636943.0101643, 1589636943.0237591, 1589636943.0382893, 1589636943.051787, 1589636943.0660279, 1589636943.0797915, 1589636943.094096, 1589636943.1084054, 1589636943.1219256, 1589636943.1354084, 1589636943.1497865, 1589636943.1633267]}