{"oculusX": [259.0460988567352, 259.11979849853515, 259.12901177891325, 259.1105912955147, 259.1038487444196, 259.1097137369791, 259.11541012166333, 259.12049633265883, 259.1113553728375, 259.07770683651876, 259.127826145717, 259.07077371506466, 259.11076845441545, 259.0458942594982, 259.0964773268924, 259.02604075840514, 259.0829921904064], "oculusY": [0.1495853066444397, 0.0, -0.018698165193200122, 0.01869816519320013, 0.032387892815417485, 0.020478941788453504, 0.008917800306032158, -0.0014130971727094842, 0.01718975595819429, 0.08541604376417442, -0.016219043464627082, 0.09933853450222935, 0.01842874143109097, 0.14967510316152288, 0.047404737028132596, 0.18988363098400268, 0.0746685715698516], "oculusZ": [-8.325870677185058, -8.568701570129395, -8.599053340148929, -8.538343444824218, -8.51611379307338, -8.53543887706938, -8.554215206400551, -8.57100371965681, -8.540803273518875, -8.430053529285242, -8.595031057085292, -8.407476970127648, -8.538789885384693, -8.325799987429662, -8.49175366901215, -8.26052792867024, -8.447473934718538], "dobotX": [259.11981201171875, 259.0461120605469, 259.11981201171875, 259.1289978027344, 259.110595703125, 259.1038513183594, 259.1097106933594, 259.11541748046875, 259.1204833984375, 259.1113586425781, 259.0776672363281, 259.1278381347656, 259.07073974609375, 259.11077880859375, 259.0458984375, 259.0964660644531, 259.0260009765625], "dobotY": [0.0, 0.1495853215456009, 0.0, -0.01869816891849041, 0.01869816519320011, 0.03238789364695549, 0.02047893963754177, 0.008917801082134247, -0.0014130977215245366, 0.01718975603580475, 0.0854160413146019, -0.01621904969215393, 0.09933853149414062, 0.018428735435009003, 0.14967510104179382, 0.047404736280441284, 0.18988360464572906], "dobotZ": [-8.568687438964844, -8.32586669921875, -8.568687438964844, -8.599029541015625, -8.538330078125, -8.516120910644531, -8.535453796386719, -8.554214477539062, -8.570991516113281, -8.540794372558594, -8.430068969726562, -8.595024108886719, -8.407485961914062, -8.538780212402344, -8.325790405273438, -8.491737365722656, -8.260520935058594], "diffX": [-0.0737131549835226, 0.07368643798827179, 0.009199767194502328, -0.018406507219651758, -0.006746958705377892, 0.005862418619699383, 0.005699428303955756, 0.005078852190081307, -0.009128025599977718, -0.03365180605936757, 0.05015890938886969, -0.05706441970096421, 0.04002870832169947, -0.0648845490955523, 0.05057888939239774, -0.07042530604798003, 0.05699121384390082], "diffY": [0.1495853066444397, -0.1495853215456009, -0.018698165193200122, 0.037396334111690535, 0.013689727622217374, -0.011908951858501986, -0.011561139331509613, -0.010330898254843731, 0.018602853679718825, 0.06822628772836967, -0.10163508477922897, 0.11555758419438328, -0.08090979006304966, 0.13124636772651388, -0.10227036401366123, 0.1424788947035614, -0.11521503307587747], "diffZ": [0.2428167617797854, -0.24283487091064515, -0.03036590118408533, 0.0606860961914073, 0.022216285051619877, -0.01931796642484862, -0.018761410013832247, -0.01678924211774735, 0.03018824259440578, 0.11074084327335143, -0.1649620873587292, 0.18754713875907036, -0.13130392347063058, 0.2129802249726822, -0.16596326373871229, 0.23120943705241537, -0.18695299965994394], "timestamp": [1589133379.365624, 1589133381.1723192, 1589133382.6894937, 1589133384.1953535, 1589133385.689366, 1589133387.1600099, 1589133388.6464694, 1589133390.1130652, 1589133391.624178, 1589133393.0979686, 1589133394.5764384, 1589133396.0062866, 1589133397.4421086, 1589133398.8823256, 1589133400.324119, 1589133401.7932258, 1589133403.2842307]}