{"oculusX": [259.1198, 257.87936773757934, 257.82289233665466, 257.15487328033447, 257.1356507823944, 257.1302863643646, 256.36144605140686, 255.33106055717468, 255.30906644325256], "oculusY": [0.0, 11.298906058073044, 1.8984302878379822, 1.1484287679195404, 1.1126846075057983, 1.1096708476543427, 0.31162798404693604, -1.1527612805366516, -1.1460892856121063], "oculusZ": [-8.5687, -8.960183306884765, -4.442151232910156, -3.8599330627441404, -3.7954408370971677, -3.8098651611328123, -1.2075263702392576, -0.5226690017700193, -0.47522370452880836], "dobotX": [259.11981201171875, 259.11981201171875, 257.8793640136719, 257.8229064941406, 257.1548767089844, 257.13568115234375, 257.1303405761719, 256.3614501953125, 255.3310546875], "dobotY": [0.0, 0.0, 11.298905372619629, 1.8984308242797852, 1.1484286785125732, 1.1126848459243774, 1.1096709966659546, 0.3116280138492584, -1.1527612209320068], "dobotZ": [-8.568687438964844, -8.568687438964844, -8.960189819335938, -4.442161560058594, -3.85992431640625, -3.7954330444335938, -3.8098678588867188, -1.20751953125, -0.5226669311523438], "diffX": [-1.2011718752091838e-05, -1.2404442741394064, -0.056471677017214006, -0.6680332138061544, -0.019225926589967912, -0.005394787979128068, -0.7688945247650167, -1.0303896381378195, -0.021988244247438615], "diffY": [0.0, 11.298906058073044, -9.400475084781647, -0.7500020563602448, -0.0357440710067749, -0.00301399827003479, -0.7980430126190186, -1.46438929438591, 0.006671935319900513], "diffZ": [-1.2561035156011258e-05, -0.39149586791992164, 4.5180385864257815, 0.5822284973144534, 0.06448347930908227, -0.014432116699218511, 2.602341488647461, 0.6848505294799807, 0.047443226623535395], "predictionX": [259.1198, 257.87936773757934, 257.82289233665466, 257.15487328033447, 257.1356507823944, 257.1302863643646, 256.36144605140686, 255.33106055717468, 255.30906644325256], "predictionY": [0.0, 11.298906058073044, 1.8984302878379822, 1.1484287679195404, 1.1126846075057983, 1.1096708476543427, 0.31162798404693604, -1.1527612805366516, -1.1460892856121063], "predictionZ": [-8.5687, -8.960183306884765, -4.442151232910156, -3.8599330627441404, -3.7954408370971677, -3.8098651611328123, -1.2075263702392576, -0.5226690017700193, -0.47522370452880836], "timestamp": [1589636321.9718595, 1589636323.8261464, 1589636325.3370867, 1589636326.886569, 1589636328.447656, 1589636330.010354, 1589636331.5116756, 1589636333.0241477, 1589636334.5231676]}