{"oculusX": [259.21215739707947, 261.8887039707184, 261.9656833694458, 269.29681625823974, 236.22464266281128, 200.69941010932922, 188.6520299003601, 184.5428558872223, 187.61920061569214, 187.68738832931518, 188.47506371002197, 220.29261913757324, 219.47424736480713, 219.49412551383972, 219.48891010742187, 219.49376788597107, 222.44571772079468, 220.5281468914032, 219.85830989341736, 222.23972406845093, 216.637870936203, 214.13259830932617, 215.0984021709442, 215.1081177280426, 216.23887744407654, 214.63083353500366], "oculusY": [-0.47736242413520813, 5.7968683540821075, -15.516240149736404, -57.586777955293655, -117.3282153904438, -129.6677328646183, -98.66093471646309, -57.650621980428696, -43.497491627931595, -43.464887887239456, -50.0294603407383, -57.73123726248741, -56.31877854466438, -56.35129287838936, -56.35906383395195, -56.352805346250534, -43.07211562991142, -24.440642446279526, -21.33369818329811, -29.265213757753372, -62.82975152134895, -65.94790890812874, -66.42309203743935, -68.1951679289341, -68.60162690281868, -68.37751343846321], "oculusZ": [-8.383091136169433, -14.247592135620117, -12.94952218170166, 0.7826727188110354, -53.00420109863281, -98.04015938873292, -125.10495965118409, -124.77087561721802, -119.52113692398072, -119.52441517944337, -118.1495744430542, -126.82902400131226, -127.74174992675782, -127.73620669479371, -127.74246518249512, -127.78919522399903, -53.60239331359863, 15.829507664489746, 24.590794400024414, 53.765718296813965, 52.73396189575195, 43.81293471221924, 42.10991080169678, 42.95820410614014, 46.57823260192871, 45.175139263916016], "dobotX": [252.56211853027344, 259.11981201171875, 259.1304931640625, 259.7943115234375, 260.22601318359375, 265.7228088378906, 253.792236328125, 236.43687438964844, 187.1420440673828, 148.00941467285156, 129.66021728515625, 153.860595703125, 181.44493103027344, 206.00473022460938, 237.81394958496094, 245.33656311035156, 237.8489227294922, 219.02114868164062, 222.4686737060547, 222.39076232910156, 222.1049346923828, 221.28309631347656, 220.20562744140625, 215.5081024169922, 211.39317321777344, 210.30987548828125], "dobotY": [-95.36042022705078, 0.0, -0.05519714951515198, 1.1265255212783813, -2.2363553047180176, -41.94129943847656, -101.40899658203125, -152.8757781982422, -209.73326110839844, -176.12423706054688, -90.5225601196289, -33.451416015625, 8.767425537109375, -34.59276580810547, -64.97473907470703, -65.72981262207031, -59.850704193115234, -55.5456657409668, -43.03924560546875, -28.212430953979492, -13.296428680419922, -1.411421298980713, -21.116924285888672, -61.720176696777344, -95.42253112792969, -91.13029479980469], "dobotZ": [-29.528785705566406, -8.568687438964844, -8.547218322753906, -9.792404174804688, -10.479621887207031, -2.2698135375976562, -17.58586883544922, -29.99999237060547, -29.999984741210938, -30.00000762939453, -29.99999237060547, -30.0, -30.0, -29.99999237060547, -29.99999237060547, -30.0, -30.00000762939453, -29.999984741210938, -29.99999237060547, 20.668243408203125, 72.74253845214844, 128.900146484375, 141.6561279296875, 107.38860321044922, 63.920326232910156, 34.12706756591797], "diffX": [6.650038866806028, 2.7688919589996317, 2.8351902053832987, 9.502504734802244, -24.001370520782473, -65.0233987285614, -65.1402064277649, -51.89401850242615, 0.4771565483093241, 39.67797365646362, 58.81484642486572, 66.43202343444824, 38.02931633453369, 13.489395289230345, -18.325039477539065, -25.842795224380495, -15.403205008697512, 1.5069982097625712, -2.610363812637331, -0.15103826065063686, -5.467063756179812, -7.150498004150393, -5.107225270462038, -0.39998468894958705, 4.8457042263030985, 4.32095804672241], "diffY": [94.88305780291557, 5.7968683540821075, -15.461043000221252, -58.71330347657204, -115.09186008572578, -87.72643342614174, 2.748061865568161, 95.22515621781349, 166.23576948046684, 132.65934917330742, 40.49309977889061, -24.27982124686241, -65.08620408177376, -21.75852707028389, 8.615675240755081, 9.377007275819778, 16.77858856320381, 31.10502329468727, 21.70554742217064, -1.05278280377388, -49.53332284092903, -64.53648760914803, -45.306167751550674, -6.4749912321567535, 26.820904225111008, 22.752781361341476], "diffZ": [21.145694569396973, -5.678904696655273, -4.402303858947754, 10.575076893615723, -42.52457921142578, -95.77034585113526, -107.51909081573487, -94.77088324661256, -89.52115218276978, -89.52440755004883, -88.14958207244874, -96.82902400131226, -97.74174992675782, -97.73621432418824, -97.74247281188966, -97.78919522399903, -23.6023856842041, 45.829492405700684, 54.59078677062988, 33.09747488861084, -20.008576556396484, -85.08721177215577, -99.54621712799073, -64.43039910430909, -17.342093630981445, 11.048071697998047], "predictionX": [259.21215739707947, 259.1304792240262, 259.7943143546581, 260.225998878479, 266.3126611709595, 244.19601440429688, 187.78314685821533, 148.13516235351562, 128.3533115386963, 153.45171642303467, 179.009428024292, 188.50528237223625, 222.03945779800415, 239.53614616394043, 245.33655261993408, 237.8489260673523, 219.0211675465107, 222.4686723947525, 222.32712751626968, 221.07666021585464, 222.0378656089306, 216.45843529701233, 212.13161826133728, 210.4623943567276, 210.30987751483917, 215.50742790661752], "predictionY": [-0.47736242413520813, -0.05519714951515198, 1.126525565981865, -2.236355185508728, -46.2022271156311, -143.72174835205078, -210.27600860595703, -176.71088981628418, -84.42570662498474, 0.4097938537597656, 16.806596755981445, -14.537360191345215, -52.96948975324631, -66.2854356765747, -65.72981548309326, -59.85070502758026, -55.545665234327316, -43.039243936538696, -16.098308563232422, -0.33006763458251953, -5.364292144775391, -53.33270835876465, -91.51931571960449, -100.34259605407715, -91.1300916671753, -71.92650187015533], "predictionZ": [-8.383091136169433, -8.547238141298294, -9.792398869991302, -10.479618966579437, -1.388763427734375, -30, -30, -30, -30, -30, -30, -30, -30, -30, -30, -30, -30, -30, 62.06630325317383, 122.1493148803711, 153.5776710510254, 117.27532958984375, 72.26283168792725, 53.404505252838135, 34.12660479545593, 40.359232902526855], "timestamp": [1589135344.2023664, 1589135346.0055475, 1589135347.4574387, 1589135349.0358818, 1589135350.499387, 1589135351.9729614, 1589135353.459879, 1589135354.9433436, 1589135356.4808743, 1589135357.954287, 1589135359.4306116, 1589135360.9098108, 1589135362.4041266, 1589135363.9098296, 1589135365.375524, 1589135366.8546944, 1589135368.3608785, 1589135369.8433797, 1589135371.27398, 1589135372.7049322, 1589135374.1309824, 1589135375.6197693, 1589135377.0486536, 1589135378.511975, 1589135379.986576, 1589135381.4312277]}