{"oculusX": [259.22449555854797, 259.27301373939514, 259.2038127468109, 259.26887121658325, 259.57908359031677, 259.5511886165619, 259.43525758247375, 259.02452197532654, 258.87112942199707, 258.87166586380005, 258.9999648616791, 259.13926091651916, 259.3140217350006, 259.58733883361816, 259.5019849822998, 259.30955138664245, 259.05745354156494, 258.9287373111725, 258.95091023902893, 258.8405820415497, 258.6678477809906, 258.5593673274994, 258.3866330669403, 258.298209576416, 258.14332690696716, 257.9983684108734, 257.82292213897705, 257.61847820739746, 257.74400558929443, 257.8204187438965, 258.1141206310272, 258.46376147727966, 258.70569673042297, 259.2982563064575, 259.23620787124634, 259.61881008605957, 260.46293106536865, 261.7055090950012, 262.95669999580383, 264.5857843444824, 265.72047796707153, 267.00483885269165, 268.18238821487427, 269.2899617240906, 270.6799420402527, 271.7298778579712, 272.238514094162, 273.34260073165893, 274.99123540382385, 275.7196637676239, 276.37835469703674, 276.5914114997864, 276.49681892852783, 276.30200114707947, 275.9834441230774, 275.81690874557495, 275.64563479881286, 275.3664764450073, 275.2725097225189, 275.09876218299866, 275.03817406158447, 275.0523897693634, 275.16778436164856, 275.1558634326935, 275.15592303733825, 275.08880820732116, 275.1071962402344, 275.3200742290497, 275.52237239341736, 275.6161901042938, 275.5860003517151, 275.4743608520508, 275.50183859329223, 275.56621160964966, 275.5850466773987, 275.44801559906006, 275.1455816314697, 274.8177560852051, 274.6226998851776, 274.4512471244812, 274.3018480823517, 274.2054375694275, 274.227461485672, 274.15754523735046, 273.8934966609955, 273.9036294506073, 273.83442845802307, 273.9667805717468, 273.9099773452759, 273.8397034690857, 273.7142356918335, 273.688754706192, 273.72785535316467, 273.7965795085907, 273.6829432533264, 273.60200014572143, 273.52272596817016, 273.6377033279419, 273.6347528980255, 273.5185834453583, 273.56081333618164, 273.5839101360321, 273.63898482780456, 273.7784298942566, 273.6623498485565, 273.6101361797333, 273.59618869285583, 273.73542514305115, 274.32661381225586, 274.21202388267517, 274.54586949806213, 274.31645122032165, 274.01151385765075, 273.86452880363464, 272.71982160072326, 270.476720003891, 266.8272468135834, 263.8202222869873, 261.5972670600891], "oculusY": [0.31566619873046875, 0.32395124435424805, 0.4195868968963623, 0.35199522972106934, 0.5520135164260864, 0.6331205368041992, 0.47910213470458984, 0.5175769329071045, 0.25047361850738525, 0.36072731018066406, 0.5479305982589722, 0.48029422760009766, 0.43004751205444336, 0.22520124912261963, 0.14100968837738037, 0.3437250852584839, 0.39361417293548584, 0.31504034996032715, 0.34205615520477295, 0.20541250705718994, -0.042438507080078125, -0.2498030662536621, -0.33396482467651367, -0.4188120365142822, -0.41535496711730957, -0.6553083658218384, -0.8183121681213379, -1.044631004333496, -1.1327415704727173, -0.8110553026199341, -0.3820955753326416, 0.6997287273406982, 2.336859703063965, 5.340367555618286, 9.190350770950317, 11.622235178947449, 15.944480895996094, 19.38408613204956, 22.5093811750412, 26.41664445400238, 29.44408357143402, 32.60810673236847, 35.68585216999054, 37.67283260822296, 40.86366295814514, 43.27504336833954, 45.09909451007843, 46.80605232715607, 48.22474718093872, 48.753976821899414, 49.8184859752655, 50.237491726875305, 50.40976405143738, 50.265759229660034, 50.23045837879181, 50.39532482624054, 50.66770315170288, 51.05322599411011, 51.46731436252594, 51.909610629081726, 52.64955759048462, 53.01289260387421, 53.19550633430481, 53.56001853942871, 53.66933345794678, 53.966522216796875, 53.98043990135193, 54.13226783275604, 54.16284501552582, 54.16564643383026, 54.20534312725067, 54.077208042144775, 54.01521921157837, 53.80329489707947, 53.810134530067444, 54.024770855903625, 54.626986384391785, 55.46224117279053, 55.91140687465668, 56.183114647865295, 56.284815073013306, 56.243836879730225, 56.094348430633545, 56.20454251766205, 55.94418942928314, 55.000707507133484, 54.184526205062866, 53.480327129364014, 53.69299650192261, 54.007500410079956, 54.08942699432373, 54.09248173236847, 54.1207492351532, 54.27420139312744, 54.526567459106445, 54.530069231987, 54.51211333274841, 54.32048439979553, 54.28530275821686, 54.56806719303131, 54.41497266292572, 54.19369041919708, 54.214149713516235, 54.50277030467987, 54.671645164489746, 54.52120304107666, 54.392844438552856, 54.597437381744385, 54.42561209201813, 54.36347424983978, 54.094478487968445, 53.721025586128235, 53.637102246284485, 52.66353487968445, 49.21971261501312, 43.41435432434082, 32.8357070684433, 21.1784690618515, 10.92955470085144], "oculusZ": [-8.959110423278808, -8.970673724365234, -8.773024722290039, -9.039874716949463, -9.26297490234375, -9.356136962127685, -9.004231139373779, -8.50909535522461, -8.32610909576416, -8.313413306427002, -8.52757279510498, -8.646066828918457, -8.82887427444458, -9.027298136901855, -9.046550437164306, -8.848066970062256, -8.74197070236206, -8.695717498016357, -8.626039668273926, -8.614774390411377, -8.420999690246582, -8.267875357818603, -8.204873248291015, -8.081491633605957, -7.934744998168945, -7.574077292633056, -7.347758456420898, -7.021661444854736, -7.1230489456176755, -7.342513247680664, -7.535572692108154, -7.547493621063232, -7.417257472229004, -7.056708975982666, -5.746420069885254, -5.004938288879394, -4.384990378570556, -4.795368357849121, -5.279358073425293, -5.586739226531982, -5.231376334381103, -4.00489155883789, -2.0803171836853025, -0.7302719795227048, 0.9042065895080569, 2.5620501792907717, 3.3555072105407717, 2.620999172973633, 0.9412806785583498, 0.14526064758300805, -0.3339606964111326, 0.09185488586425805, 0.8516948974609377, 2.176348522949219, 3.1778257644653323, 3.666345433044434, 3.9274137771606448, 4.382972077178955, 4.416291073608399, 4.474942044067383, 4.501644924926758, 4.5079630172729495, 4.468266323852539, 4.477803067016602, 4.512373760986328, 4.8000257766723635, 4.870180443572998, 4.8697632110595706, 4.657630280303955, 4.501346901702881, 4.520062760162354, 4.67360432510376, 4.6907704627990725, 4.441086605834961, 4.290763691711426, 4.179481819915772, 4.0006678855896, 3.8982075012207034, 3.69781668548584, 3.5721700942993166, 3.562633351135254, 3.4629147804260256, 3.4433644569396975, 3.7358444488525393, 4.264954880523682, 4.562322453308106, 4.787449196624756, 4.711572483825684, 4.7240298545837405, 4.637841538238526, 4.435901001739502, 4.339162663269043, 4.230920628356934, 3.9616864479064944, 3.8846772468566897, 3.969137028503418, 3.9560836112976077, 4.052404717254639, 4.244331673431397, 4.440550164031983, 4.3624084747314456, 4.39972098236084, 4.270378903198242, 4.086021736907959, 4.190449074554444, 4.260961369323731, 4.4147413528442385, 4.480068043518067, 3.36742813949585, 3.53837426071167, 3.5391491210937502, 3.8945716178894045, 4.040126160430908, 3.9557259834289553, 5.7852905548095706, 8.148316696929932, 10.216717079925537, 9.168330982971192, 6.653611019897461], "dobotX": [259.11981201171875, 258.11932373046875, 257.7095642089844, 258.3555603027344, 258.4884338378906, 259.66162109375, 267.528564453125, 273.3426208496094, 275.474365234375, 273.7596435546875], "dobotY": [0.0, 1.1245776414871216, 1.7991869449615479, -0.35750943422317505, 1.3153995275497437, 11.731822967529297, 31.900545120239258, 46.80605697631836, 54.077205657958984, 54.797542572021484], "dobotZ": [-8.568687438964844, -7.581596374511719, -7.202171325683594, -8.119972229003906, -7.6383514404296875, -4.981178283691406, -0.609710693359375, 2.621002197265625, 4.6735992431640625, 3.8606338500976562], "diffX": [0.019448904800412947, 0.17888584594726353, 1.9092458770751932, 14.987040428924558, 16.61032834510803, 15.81273975830078, 6.628980784225462, 0.3403224037170389, -1.8781765415191671, -12.16237649459839],