{"oculusX": [259.037009148407, 257.0625307844162, 256.6696914718628, 256.65571418266296, 256.2419685409546, 255.7756963060379, 255.24777796726227, 254.08326712112427, 253.66301712255478, 253.60017892580032, 253.11491516094208, 252.58845713596344, 251.4853018210411, 251.09192606668472, 250.9171056435585, 250.17830607156753], "oculusY": [0.9888112545013428, 2.060532569885254, 2.673603594303131, 2.7946308255195618, 2.495836466550827, 2.3281648755073547, 2.09871307015419, 2.2415556013584137, 1.7054155468940735, 1.3281181454658508, -0.48436596989631653, -1.1658333241939545, 0.20253285765647888, 0.02259761095046997, 0.12354552745819092, 1.6726776957511902], "oculusZ": [-12.877519770812988, -12.107546969604492, -12.963767691802978, -13.256426497650146, -14.582153006744385, -15.707309886169433, -16.751642867279052, -16.576107188415527, -17.760213061523437, -18.906589194488525, -23.17833487625122, -24.477477713775635, -22.77022187347412, -23.319121047210693, -23.368533297729492, -20.637388869476318], "dobotX": [259.11981201171875], "dobotY": [0.0], "dobotZ": [-8.568687438964844], "diffX": [-8.941505940151217], "diffY": [1.6726776957511902], "diffZ": [-12.068701430511474], "diffXYZ": [15.11297235392339], "predictionX": [134], "predictionY": [9], "predictionZ": [-13], "oculusXSynchronized": [250.17830607156753], "oculusYSynchronized": [1.6726776957511902], "oculusZSynchronized": [-20.637388869476318], "timestamp": [1590321333.5505328], "oculusTimeStamp": [1590321333.2778313, 1590321333.3283823, 1590321333.3790767, 1590321333.430285, 1590321333.4806576, 1590321333.531041, 1590321333.5818317, 1590321333.632315, 1590321333.6828938, 1590321333.733664, 1590321333.784024, 1590321333.834515, 1590321333.8848598, 1590321333.935326, 1590321333.9859612, 1590321334.0363002]}