{"oculusX": [259.72320762138366, 259.63701930503845, 259.84626141052246, 260.1595136211395, 260.59683289985657, 261.04520884017944, 261.638155846405, 262.3616966293335, 262.9434081600189, 263.5211559818268, 263.7294444129944, 262.94913020591736, 261.5024062679291, 260.7641729400635, 260.5241152332306, 259.77047410469055, 259.9936934993744, 260.3107306049347, 261.4286753223419, 262.13609304885864, 263.0050393627167, 263.7456866786957, 264.4649955318451, 265.4691847846985, 266.3539561317444, 267.74965849380493, 268.71766772727966, 269.7198602245331, 271.1272152946472, 272.74384227256775, 275.03018703918457, 277.3755702064514, 279.22933426361084, 281.7275437400818, 284.1255280063629, 285.3700133846283, 286.4196809814453, 286.63613524894714, 286.3477977798462, 285.6238099620819, 285.46675172309875, 285.55729117851257, 286.0024186656952, 286.5242871330261, 287.96609368782043, 290.89521494369507, 292.66162839393616, 294.31515064697265, 295.5783816860199, 297.2749682949066, 299.05386891822815, 299.7685286090851, 300.63953128318786, 301.446756987381, 301.89176526527405, 302.9607745693207, 304.9590798900604, 306.347480683136, 307.4228080795288, 308.28084674339294, 309.21476212005615, 310.8112427280426, 311.3261076496124, 312.0273562953949, 312.9479500339508, 314.23374143104553, 315.6720015094757, 317.07235303382873, 318.0703732059479, 320.52077975730896, 322.22395267944336, 325.1675578639984, 328, 328, 328, 328, 328, 328, 328, 328, 328, 328, 328, 328, 328, 327.9604825065613, 327.0517202899933, 326.420745520401, 326.5862080142975, 327.13051763038635, 327.653518585968, 326.7680915878296, 325.9794625328064, 326.16313424568176, 326.3170632408142, 327.2909435317993, 328, 328, 328, 328, 328, 328, 328, 328, 328, 328, 328, 328, 328, 328, 328, 328, 328, 328, 328, 328, 328, 328, 328, 328, 328, 328, 328, 328, 328, 328, 328, 328, 328, 328, 328, 328, 328, 328, 328, 328, 328, 328, 328, 328, 328, 328, 328, 328, 328, 328, 328, 328, 328, 328, 328, 328, 328, 328, 328, 328, 328, 328, 328, 328, 328, 328, 328, 328, 328, 328, 328, 328, 328, 328, 328, 328, 328, 328, 328, 327.38139358024597, 324.81946673851013, 323.6715110824585, 323.6792000816345, 324.87680640678406, 326.203277973938, 328, 328, 328, 328, 328, 328, 328, 328, 328, 328, 328, 328, 328, 328, 328, 328, 328, 328, 328, 328, 328, 328, 328, 328, 328, 328, 328, 328, 328, 328, 328, 328, 328, 328, 328, 328, 328, 328, 328, 328, 328, 328, 328, 328, 328, 328, 328, 328, 328, 328, 328, 328, 328, 328], "oculusY": [-17.038708552718163, -22.978125140070915, -26.85118280351162, -32.00789727270603, -37.775272503495216, -41.04028083384037, -44.036807492375374, -46.10759951174259, -47.35011048614979, -50.2136517316103, -54.44406159222126, -58.84377099573612, -61.19008548557758, -62.951477244496346, -66.83778949081898, -67.8963903337717, -68.03742237389088, -66.06886722147465, -62.54170276224613, -58.54681320488453, -52.875133231282234, -48.74310828745365, -44.87602598965168, -40.80248065292835, -38.66528905928135, -34.71632860600948, -33.284636214375496, -32.38261304795742, -30.644593760371208, -28.562573716044426, -25.54316632449627, -22.971367463469505, -20.241519436240196, -16.78401790559292, -13.925937935709953, -11.488189920783043, -9.257985278964043, -8.150266483426094, -8.934883400797844, -10.773735120892525, -12.249873951077461, -15.150783583521843, -17.990263178944588, -20.14790289103985, -23.88361655175686, -27.792977169156075, -30.498260632157326, -35.06126068532467, -38.36381994187832, -42.91192628443241, -46.58925719559193, -48.05864579975605, -48.933120444417, -50.782548263669014, -52.358584478497505, -52.35125310719013, -51.36439390480518, -50.335461273789406, -47.21868224442005, -44.50054652988911, -39.83552195131779, -32.48714841902256, -27.23502553999424, -23.247310891747475, -18.020769581198692, -13.317978009581566, -5.892053246498108, 2.697708085179329, 8.324910886585712, 13.121682219207287, 17.504252027720213, 23.942369604810665, 32.795571722090244, 37.7017380669713, 45.22993788123131, 52.67162434756756, 62.5250656157732, 73.87175597250462, 81.80068992078304, 90.98047576844692, 101.09453462064266, 109.15513895452023, 118.35679970681667, 126.14728324115276, 129.75662015378475, 133.0329980701208, 132.32352398335934, 130.24274073541164, 128.74901853501797, 128.15008871257305, 132.04376958310604, 136.3790463656187, 140.710836276412, 147.31214754283428, 152.02020667493343, 153.35923992097378, 153.48284505307674, 153.57991121709347, 152.59762667119503, 150.42087994515896, 147.89686165750027, 144.1259291023016, 138.43409530818462, 134.02480445802212, 128.84443812072277, 124.08781610429287, 120.94554863870144, 117.87480674684048, 115.52097462117672, 112.72542737424374, 110.02839915454388, 108.07586275041103, 104.6659778803587, 99.53962825238705, 94.74391303956509, 90.13226442039013, 86.1347820609808, 82.34410174190998, 79.96931113302708, 77.565873041749, 75.89969225227833, 75.75957290828228, 78.96949164569378, 82.65680260956287, 87.71883510053158, 92.90164522826672, 96.38097696006298, 102.0412053912878, 107.02168010175228, 114.24354277551174, 120.11070363223553, 125.2859067171812, 131.4335372298956, 136.24092750251293, 139.2012070864439, 140.4093410819769, 139.13956098258495, 137.1577139943838, 131.87329284846783, 127.79730372130871, 120.64207904040813, 112.12894879281521, 104.1510310024023, 93.9005147665739, 84.09295044839382, 76.65395922958851, 68.70010308921337, 61.11809425055981, 57.57069028913975, 53.128257393836975, 50.012797117233276, 46.14446870982647, 41.821761056780815, 39.80744257569313, 36.52810584753752, 34.35377683490515, 33.58753863722086, 33.94129313528538, 35.45499686151743, 36.42516676336527, 38.57016656547785, 39.54236302524805, 37.75611612945795, 33.186377957463264, 29.79615144431591, 25.572427199222147, 20.272883353754878, 16.680950298905373, 12.770693749189377, 10.247092694044113, 7.374279201030731, 5.3196679800748825, 2.7707908302545547, 1.4679543673992157, -0.28105825185775757, -3.379080444574356, -5.307259038090706, -6.885280832648277, -7.664473727345467, -6.577380001544952, -5.890140309929848, -5.155786871910095, -4.06244769692421, -3.2708439975976944, -1.7267782241106033, -0.5032215267419815, 1.358306035399437, 2.909790724515915, 3.781840205192566, 4.320137202739716, 5.05586713552475, 6.188847124576569, 6.967458873987198, 7.5450558215379715, 8.38095135986805, 9.683986194431782, 11.140716262161732, 11.947210878133774, 14.12393432110548, 16.588516999036074, 21.314013982191682, 27.440868550911546, 30.2426740527153, 31.82534407824278, 31.76986426115036, 31.59320866689086, 28.372834902256727, 22.627538302913308, 17.401347868144512, 10.992961935698986, 6.633494049310684, 1.8500294536352158, -1.0719168931245804, -0.8494965732097626, 2.4256836622953415, 10.892248712480068, 17.049176152795553, 27.29188627563417, 34.51516292989254, 46.0243746638298, 55.469656363129616, 64.63917531073093, 76.21017284691334, 86.94501779973507, 96.16911225020885, 107.29516856372356, 113.66633139550686, 120.36375515162945, 123.60459379851818, 124.76151995360851, 128.1654741615057, 133.52550379931927, 137.73699663579464, 142.92090199887753, 146.23880945146084],