{"oculusX": [257.4895235584259, 255.67754235725403, 255.56369748573303, 254.6760800168991, 254.20834746818542, 252.9201122806549, 254.04187169532776, 253.5212996290207, 253.15051403503418, 252.19226506214142, 251.38563540439606, 250.57233002643585, 248.49589791755676, 247.56117787818908, 247.92212870578766, 248.7792136953354, 248.7045588777542, 247.95041110973358, 248.1601151512146, 247.46817973117828, 246.62812676887512, 246.64758768539429, 247.1930148885727, 248.05711832504272, 249.10778429965973], "oculusY": [0.1600012183189392, -1.6558319330215454, -2.6049241423606873, -3.9959773421287537, -3.99114191532135, -3.1717419624328613, -5.058407783508301, -7.895633578300476, -10.077737271785736, -8.96107405424118, -6.454475224018097, -8.721597492694855, -8.684612810611725, -6.451614201068878, -4.97785210609436, -2.8274506330490112, -1.8739700317382812, -1.5315786004066467, -0.008165836334228516, 0.6136670708656311, 1.325860619544983, 2.1412521600723267, 2.9507577419281006, 3.9690807461738586, 4.090949892997742], "oculusZ": [-6.135280772399902, -5.563731833648681, -4.5380551063537595, -3.9679962837219236, -2.8130370819091794, -1.0641771995544431, 1.0194819725036623, 4.500750855255127, 5.393568829345703, 6.4746778762817385, 8.803252533721924, 11.072878197479248, 12.558881596374512, 14.006738022613526, 15.665118054199219, 16.50095398788452, 16.21169264678955, 14.907304600524903, 13.824705437469483, 11.516336754608155, 9.326462105560303, 8.019987896728516, 6.530289009857178, 5.106751278686524, 4.204277352142334], "dobotX": [259.11981201171875], "dobotY": [0.0], "dobotZ": [-8.568679809570312], "diffX": [-10.012027712059023], "diffY": [4.090949892997742], "diffZ": [12.772957161712647], "diffXYZ": [16.736935340408124], "predictionX": [0.008684612810611725], "predictionY": [0.010623902082443237], "predictionZ": [0.02112758159637451], "oculusXSynchronized": [249.10778429965973], "oculusYSynchronized": [4.090949892997742], "oculusZSynchronized": [4.204277352142334], "timestamp": [1590011171.097055], "oculusTimeStamp": [1590011170.285701, 1590011170.3513858, 1590011170.4172122, 1590011170.483121, 1590011170.5486248, 1590011170.614275, 1590011170.674989, 1590011170.7252505, 1590011170.7755585, 1590011170.8260155, 1590011170.876346, 1590011170.9267323, 1590011170.977188, 1590011171.0279872, 1590011171.078764, 1590011171.129287, 1590011171.1796722, 1590011171.2305293, 1590011171.281315, 1590011171.3320584, 1590011171.382594, 1590011171.433288, 1590011171.4835832, 1590011171.5342045, 1590011171.5849192]}