{"oculusX": [258.80991545181274, 258.1967028663635, 257.6733144805908, 257.310501007843, 255.77293959121704, 254.78546944122314, 253.9717468307495, 252.91942682724, 252.33002629737854, 252.4875613735199, 253.47589579086304, 253.70602932434082, 253.03774204711914, 252.00494256477356, 251.66251388053894, 252.56752100448608, 252.95346107940674, 253.5648855255127, 254.3210300491333, 254.39255562286377, 254.84787550430298, 255.1156791732788, 254.66792908172607, 254.37729683380127, 254.67758503417969, 254.87159815292358, 255.11937466125488, 255.40571537475586, 256.1515482948303, 256.60436478118896, 256.8433198020935, 256.7495616958618, 256.4821752593994, 256.24274340133667, 255.98751631240845, 256.0176762626648, 256.2521609352112, 256.4088615463257, 256.5805229232788, 256.82335224609375, 256.87181082229614, 257.23194208602905, 257.50803080062866, 257.57270184020996, 257.21906748275757, 256.7104014442444, 256.4628633544922, 256.6568764732361, 256.8566712425232, 256.78729143600464, 256.66200247268677, 256.0871156738281, 256.1942848251343, 256.77680101852417, 257.08614912490845, 257.37219181518554, 257.43900862197876, 257.3998483703613, 257.411352066803, 257.529428868103, 257.5220378921509, 257.17454281311035, 257.2165044830322, 257.2172793434143, 257.19898071746826, 257.14307156066894, 257.15660181503296, 257.18956318359375, 257.2017225311279, 257.1700128601074, 257.08686438064575, 257.1281107948303, 257.1886691139221, 257.14181986312866, 257.10307684402466, 257.18008604507446, 257.23992910842895, 257.2265180633545, 257.42446508865356, 256.65383663635254, 255.15185919265747, 253.92221537094116, 253.22573509674072, 253.16905107955932, 253.4202846572876, 253.5980257080078, 253.4803661392212, 253.22132435302734, 253.20433702926636, 253.44728556137085, 253.55308380584717, 253.73517599563598, 253.5501035736084, 253.51946678619385, 253.51219501953125, 253.68808832626343, 253.62818565826416, 253.65435209732055, 254.0395769165039, 254.54103079299927, 254.48071089248657, 254.3786677406311, 255.37329044799804, 255.59835758666992, 253.64547100524902, 251.80657830696106, 250.19504752616882, 250.37517276268005, 250.71164098243713, 245.38286653022766, 226.3872834728241, 203.31006374816894, 178.42643585662842, 158.43181934814453, 123.9070507572174, 94.87043943862915, 83.92327156524658, 74.83663287620544, 72.83060875396728, 71.45421829681396, 67.06582632522583], "oculusY": [-2.9488392174243927, -2.4169795215129852, -1.7842426896095276, -1.7233975231647491, -0.5117133259773254, 0.2763308584690094, 0.6328783929347992, 0.638224184513092, -0.4208981990814209, -1.6702115535736084, -3.2574348151683807, -4.155635833740234, -4.010748118162155, -3.9629265666007996, -3.42758372426033, -4.029907286167145, -4.327058792114258, -4.320785403251648, -4.809118807315826, -4.846543073654175, -5.521457642316818, -5.767822265625, -5.265086889266968, -5.3047314286231995, -5.874019116163254, -6.381820887327194, -6.74852728843689, -7.153399288654327, -8.213706314563751, -9.183045476675034, -9.590916335582733, -9.780921041965485, -9.77979600429535, -9.616751223802567, -9.459752589464188, -9.35235247015953, -9.356766939163208, -9.52470675110817, -9.635057300329208, -9.712174534797668, -9.676415473222733, -9.621676057577133, -9.367827326059341, -8.879348635673523, -8.31177830696106, -7.9226382076740265, -7.774997502565384, -7.916022092103958, -7.707457989454269, -7.676132023334503, -7.578443735837936, -7.1410685777664185, -7.170401513576508, -7.407959550619125, -7.416326552629471, -7.519129663705826, -7.706116884946823, -7.859848439693451, -8.075296878814697, -8.475638926029205, -8.735492825508118, -8.123669773340225, -8.122161030769348, -8.128441870212555, -8.103780448436737, -8.031714707612991, -8.168093860149384, -8.166536688804626, -8.163996040821075, -8.188482373952866, -8.129868656396866, -8.210264146327972, -8.150961250066757, -8.202418684959412, -8.185584098100662, -8.083079010248184, -8.141092956066132, -8.215375244617462, -10.054972022771835, -9.645972400903702, -9.66159999370575, -8.923429995775223, -8.25813040137291, -8.196268230676651, -8.314337581396103, -8.366994559764862, -8.297909051179886, -8.255839347839355, -8.28050822019577, -8.288614451885223, -8.293814957141876, -8.28855112195015, -8.041612803936005, -7.834453135728836, -7.812894880771637, -7.972158491611481, -7.780224084854126, -7.413126528263092, -6.783109158277512, -6.565511226654053, -7.3838308453559875, -9.380754083395004, -10.79351082444191, -11.032119393348694, -9.672421962022781, -9.557962417602539, -9.207915514707565, -7.8269727528095245, -5.586408078670502, -0.6177611649036407, 15.77438972890377, 41.23833496123552, 65.73515571653843, 73.90409894287586, 61.510887928307056, 25.9097870439291, 2.376370131969452, -17.944172024726868, -28.87687087059021, -34.11334007978439, -39.09391164779663], "oculusZ": [-8.368666812133789, -7.922943278503418, -7.655914469909668, -7.412489100646972, -5.965765162658691, -4.876669093322754, -3.9613801681518552, -3.0865031921386716, -2.6346999847412107, -2.478178187561035, -2.6444751464843748, -2.4374086105346677, -1.9201595031738279, -0.9641010009765623, -0.45495812530517554, -1.103218241882324, -1.3617831909179685, -1.8927413665771482, -2.387698336791992, -2.3638564788818357, -2.6157457077026365, -2.70479504699707, -2.471621676635742, -2.1143514358520505, -2.1921951019287107, -2.297814532470703, -2.5235969268798826, -2.6360112869262693, -2.9558498107910154, -3.068860217285156, -3.2485086166381834, -2.9839832031249998, -2.574618502807617, -2.3345309936523435, -2.0222026550292966, -2.0942050659179685, -2.4152356826782224, -2.5319415771484373, -2.6244479858398435, -2.9525119506835935, -3.114159747314453, -3.5640556060791013, -4.005726023864746, -4.257257624816894, -4.2942125045776365, -3.942902728271484, -3.7769633972167966, -4.023965045166015, -4.178341075134277, -4.071171923828125, -3.8309652053833005, -3.178413554382324, -2.9759961807250974, -3.317411585998535, -3.5787183486938474, -3.8327533447265623, -3.774579211425781, -3.769214793395996, -3.730948611450195, -3.61114327545166, -3.519471331787109, -3.4696418487548826, -3.4341174804687498, -3.447707339477539, -3.4444886886596677, -3.4142095291137693, -3.4249383651733396, -3.4359056198120115, -3.516371890258789, -3.432925387573242, -3.3715326034545896, -3.406222506713867, -3.5023051940917966, -3.4413892471313474, -3.4035999023437498, -3.5169679367065427, -3.4728604995727537, -3.458436175537109, -3.086860820007324, -2.8294879638671873, -1.8493491851806638, -1.0501701080322263, -0.6145793640136716, -0.40334050292968726, -0.5174237930297849, -0.4729587280273435, -0.3523189270019529, -0.1792270385742185, -0.03701035614013648, -0.052865191650390386, -0.0254470550537107, -0.24014298553466773, -0.28711144561767554, -0.3002244674682615, -0.1850682937622068, -0.09876076812744117, -0.17851178283691382, -0.22333447570800757, -0.9294110977172849, -1.6793567382812498, -1.2317258560180662, -0.22798363800048804, -0.5306560241699216, -1.0593492233276365, -0.5468684875488279, 0.7129352844238284, 1.4873188293457034, 1.3408106124877932, 1.7121475494384768, 2.9500168121337893, 1.4397543228149416, -15.74962918395996, -60.139592333984375, -108.61652676696778, -180.4953176223755, -232.22928826446534, -253.60685174102784, -268.8499051773071, -279.7894436561584, -285.3699285232544, -295.6322390281677], "dobotX": [259.11981201171875, 258.9929504394531, 256.6043701171875, 257.3721923828125, 253.22572326660156], "dobotY": [0.0, -2.824589967727661, -9.183045387268066, -7.519130229949951, -8.258129119873047], "dobotZ": [-8.568687438964844, -8.388214111328125, -3.0688705444335938, -3.832763671875, -0.6145858764648438], "diffX": [-5.413782687377932, -2.1211396171569845, 0.5851930664062479, -3.8527255966186544, -186.15989694137573], "diffY": [-4.155635833740234, -6.851825505495071, 1.01650869846344, -0.3153229057788849, -30.835782527923584], "diffZ": [6.131278828430176, 5.274054364013672, -0.36703507537841773, 3.5325392044067385, -295.01765315170286],