{"oculusX": [259.10951819877624, 259.5583709762573, 246.19033065299988, 242.42650595169067, 239.34065428237915, 214.82270088653564, 216.42287698249817, 280.03775206069946, 284.5532211349487, 290.22698727111816, 284.4961794898987, 285.87829199295044, 292.79585805397033, 291.5308686779022, 291.187009482193, 291.29683104019165, 291.73641529541015, 291.8128284500122, 291.91588488082886, 292.1649726913452, 291.25778999786377, 288.95278897743225], "oculusY": [0.5544498562812805, 8.8563933968544, 26.430688798427582, 55.700963363051414, 154.71789240837097, 150.32599866390228, 152.91984379291534, 127.60254740715027, 154.03401851654053, 166.06131196022034, 205.40507324039936, 186.6718828678131, 121.59352004528046, 114.37653750181198, 112.7132922410965, 112.66974359750748, 110.24035513401031, 110.20955443382263, 105.38510978221893, 110.80728471279144, 107.08880424499512, 104.78241741657257], "oculusZ": [-8.689697428894043, -11.084254428100586, 53.95001585845947, 113.10869868164062, 108.19811041717529, 2.1887462890625002, 2.8763454711914065, 113.19095309143066, 93.54073222045898, 82.93205912475585, 101.27610381011962, 133.88938124542236, 118.20084269409179, 115.39572890167236, 116.01478274230956, 115.9517210281372, 113.52044756774902, 113.4412925994873, 113.77102549438476, 113.93875296478271, 116.20885546569824, 113.1739061630249], "dobotX": [259.11981201171875, 259.1095275878906, 259.11981201171875, 259.1167297363281, 259.1180419921875, 259.1220397949219, 259.1175231933594, 259.1282653808594, 259.1031188964844, 259.0266418457031, 259.0464782714844, 259.24237060546875, 259.0327453613281, 259.20135498046875, 259.11114501953125, 259.2635498046875, 259.16595458984375, 259.21258544921875, 259.3082275390625, 259.2133483886719, 259.3838806152344, 259.2470397949219], "dobotY": [0.0, 0.5544498562812805, 0.0, 0.165945366024971, 0.09393090009689331, -0.12181740999221802, 0.12464302778244019, -0.4568408727645874, 0.9224370718002319, 5.000864505767822, 4.124417304992676, -6.607501029968262, 4.794975757598877, -4.27924919128418, 0.5703253746032715, -7.582212448120117, -2.3988118171691895, -4.787210464477539, -10.031452178955078, -4.852061748504639, -14.0487060546875, -6.672462463378906], "dobotZ": [-8.568687438964844, -8.689697265625, -8.568679809570312, -8.604888916015625, -8.589179992675781, -8.542098999023438, -8.595870971679688, -8.468955993652344, -8.769828796386719, -9.660385131835938, -9.467514038085938, -7.126472473144531, -9.614471435546875, -7.6337127685546875, -8.692337036132812, -6.9123992919921875, -8.044380187988281, -7.522064208984375, -6.378120422363281, -7.508094787597656, -5.50079345703125, -7.1107635498046875], "diffX": [-0.010293812942506975, 0.4488433883666971, -12.929481358718874, -16.690223784637453, -19.77738770980835, -44.29933890838623, -42.69464621086121, 20.909486679840086, 25.450102238464353, 31.200345425415037, 25.449701218414305, 26.635921387481687, 33.76311269264221, 32.32951369743347, 32.07586446266174, 32.03328123550415, 32.570460705566404, 32.600243000793455, 32.607657341766355, 32.95162430267334, 31.873909382629392, 29.705749182510374], "diffY": [0.5544498562812805, 8.30194354057312, 26.430688798427582, 55.53501799702644, 154.62396150827408, 150.4478160738945, 152.7952007651329, 128.05938827991486, 153.1115814447403, 161.06044745445251, 201.28065593540668, 193.27938389778137, 116.79854428768158, 118.65578669309616, 112.14296686649323, 120.2519560456276, 112.6391669511795, 114.99676489830017, 115.41656196117401, 115.65934646129608, 121.13751029968262, 111.45487987995148], "diffZ": [-0.12100998992919898, -2.3945571624755857, 62.518695668029785, 121.71358759765624, 116.78729040985107, 10.730845288085938, 11.472216442871094, 121.659909085083, 102.3105610168457, 92.59244425659179, 110.74361784820556, 141.0158537185669, 127.81531412963867, 123.02944167022704, 124.70711977844238, 122.86412032012939, 121.5648277557373, 120.96335680847167, 120.14914591674804, 121.44684775238036, 121.70964892272949, 120.28466971282958], "predictionX": [259.10951819877624, 259.11980161938754, 259.11673590750434, 259.11806369174155, 259.12204694133834, 259.11747992798337, 259.1282300730236, 259.1031070816716, 259.026634579197, 259.0464703248799, 259.2423818582902, 259.03274396341294, 259.20131685584784, 259.11113987024873, 259.2635536035523, 259.1659549539909, 259.2125878902152, 259.3082350892946, 259.21335191256367, 259.38385721761733, 259.24704770802055, 259.41951869241893], "predictionY": [0.5544498562812805, 0.0, 0.16594537813216448, 0.09393090195953846, -0.12181740161031485, 0.12464301194995642, -0.4568408317863941, 0.9224370166193694, 5.000864507630467, 4.124417235609144, -6.607500445097685, 4.794975101947784, -4.279249042272568, 0.570325180888176, -7.58221310377121, -2.3988118767738342, -4.787210375070572, -10.031452238559723, -4.8520618081092834, -14.048703253269196, -6.672462709248066, -15.931330382823944], "predictionZ": [-8.689697428894043, -8.568698306555234, -8.604903272585943, -8.589192709419876, -8.54210352548398, -8.595876930397935, -8.468972493894398, -8.769872636650689, -9.660392107325606, -9.467513218289241, -7.126468367874622, -9.614443883299828, -7.633734829723835, -8.692345563322306, -6.912391752004623, -8.044398590922356, -7.522074334323406, -6.378115311264992, -7.508101552724838, -5.500795319676399, -7.110782232135534, -5.089564815163612], "timestamp": [1589135101.7499146, 1589135103.6205556, 1589135105.19066, 1589135106.7801514, 1589135108.3156948, 1589135109.876369, 1589135130.294154, 1589135131.890275, 1589135133.403915, 1589135135.005858, 1589135136.5109663, 1589135138.0507193, 1589135139.5217218, 1589135140.9754424, 1589135142.477375, 1589135143.9749212, 1589135145.5262003, 1589135147.0134773, 1589135148.532071, 1589135150.05426, 1589135151.5387702, 1589135153.1985059]}