{"oculusX": [117.5388691774356, 117.45630020141607, 117.40954295480608, 117.3753610771107, 117.42224421209997, 117.46899208383665, 117.25013324737664, 117.26290009358904, 117.40565824410007, 117.41747944180253, 117.4118250063999, 117.38942882066041, 117.39532022947591, 117.3659332704662, 117.3049671082739, 117.14915292751127, 117.11000902355931, 117.11652484463539, 117.14210121721814, 117.08399810668044, 116.90152271658312, 116.50975486652536, 116.07876796173358, 115.29047198285382, 114.59919807920477, 114.35541561723225, 114.40684901360754, 114.34197069295809, 114.00334489594833, 113.22034270753271, 112.65651180401257, 112.20730631401592, 111.91904640650058, 111.86586892647715, 111.6940045789416, 111.54507847288771, 111.30219835088438, 111.19486061056486, 111.09906635884482, 111.0691071045005, 111.01190991494725, 110.84706330921003, 110.3978590291164, 109.97526145398353, 109.1624733796419, 108.38255760811826, 107.18246548632082, 104.77725233166505, 102.19540937968789, 100.49740756888346, 98.37572011899756, 96.97693149824009, 95.63044464930752, 94.27488886561406, 93.1430745666497, 92.38864734812707, 92.13429707841382, 91.57762884812463, 90.84318481349368, 90.1136135153488, 89.31414228049387, 89.2321578341422, 89.56168939522577, 90.04301798478342, 90.4477891691317, 90.95859720359216, 91.13820647829532, 90.91415673234339, 90.4204865679928, 89.88249978466457, 89.9452171947252, 90.06386817515654, 90.22783591470669, 90.25748342721904, 90.25787161199182, 90.24656660321129, 90.20804263973183, 90.20550054130085, 90.30496053194462, 90.36538960089491, 90.45707627379889, 90.67101070546704, 90.90772803049758, 91.29339733978885, 91.65107121773387, 91.88397462894184, 92.06162354928621, 92.20129793620019, 92.38827876012687, 92.59533634450787, 92.83851159907269, 93.21043559373878, 93.49338222398154, 94.07352244052298, 94.80470595962652, 95.2091621125865, 95.98315796959777, 96.98569157063858, 97.94103965220731, 99.25081668305867, 100.75495575896471, 102.70288286206726, 105.88132221217833, 110.03768352621577, 114.10412570015379, 120.57238216516326, 124.51152170957037, 128.23312222913438, 132.1210348512705, 134.35028842544403, 134.35028842544403, 134.35028842544403, 134.35028842544403, 134.35028842544403, 134.35028842544403, 134.35028842544403, 134.35028842544403, 134.35028842544403, 134.35028842544403, 134.35028842544403, 134.35028842544403, 134.35028842544403, 134.35028842544403, 134.35028842544403], "oculusY": [-149.28032098200245, -149.34529635376813, -149.38205790235835, -149.40891744476932, -149.3720742447997, -149.3353136361508, -149.50721137614875, -149.49719817321312, -149.38511107961725, -149.37581973510265, -149.38026425423985, -149.3978647811243, -149.39323541653016, -149.4163234307165, -149.46419200506446, -149.58634953887528, -149.61699698397192, -149.61189661359123, -149.5918718460833, -149.63735291482155, -149.77995188457035, -150.08489937679332, -150.41848167192094, -151.0235315107245, -151.54875057090769, -151.73278788386537, -151.69401075447115, -151.74291989430915, -151.997491270532, -152.58163060207758, -152.99839982219547, -153.32814617594713, -153.53868258995703, -153.57743118480735, -153.7024701854833, -153.81058308347096, -153.98643005882172, -154.06395741313756, -154.1330511415154, -154.15464134111886, -154.1958360560869, -154.3143822063387, -154.6360653980414, -154.93689640665957, -155.51062473554333, -156.0551864127653, -156.8818634905694, -158.49835139151003, -160.17521125854026, -161.24599552216398, -162.5491239320245, -163.38749877877945, -164.17922540984208, -164.96134495504128, -165.60304242456274, -166.02511208002062, -166.166396427998, -166.47383546538217, -166.87574950525743, -167.27084820495875, -167.69908762035556, -167.74272564931908, -167.56701284164825, -167.30886082987945, -167.0903870197693, -166.81286999136094, -166.71480834022995, -166.83709451332126, -167.10516332180595, -167.39514996695624, -167.36145883623777, -167.29763790719826, -167.20926297950354, -167.19326148318683, -167.19305192523166, -167.19915435292177, -167.21994212147163, -167.2213134504492, -167.16762277224595, -167.1349645115542, -167.08535947831015, -166.96936191304405, -166.84059753049644, -166.62987607916966, -166.43341354620435, -166.30494642790384, -166.2066709535737, -166.12922879156469, -166.0253171890995, -165.90992642770794, -165.77397492992935, -165.56513732191775, -165.4055243343477, -165.07626230210212, -164.65742536523751, -164.4238895350041, -163.97327034057486, -163.3822990123623, -162.81140240119782, -162.01628124279944, -161.08519140507318, -159.85029825377396, -157.76294116997462, -154.89256988049613, -151.92184996965872, -146.84107279306363, -143.51613484750484, -140.20080728500778, -136.54315123736296, -134.35028842544403, -134.35028842544403, -134.35028842544403, -134.35028842544403, -134.35028842544403, -134.35028842544403, -134.35028842544403, -134.35028842544403, -134.35028842544403, -134.35028842544403, -134.35028842544403, -134.35028842544403, -134.35028842544403, -134.35028842544403, -134.35028842544403], "oculusZ": [-115, -115, -115, -115, -115, -115, -115, -115, -115, -115, -115, -115, -115, -115, -115, -115, -115, -115, -115, -115, -115, -115, -115, -115, -115, -115, -115, -115, -115, -115, -115, -115, -115, -115, -115, -115, -115, -115, -115, -115, -115, -115, -115, -115, -115, -115, -115, -115, -115, -115, -115, -115, -115, -115, -115, -115, -115, -115, -115, -115, -115, -115, -115, -115, -115, -115, -115, -115, -115, -115, -115, -115, -115, -115, -115, -115, -115, -115, -115, -115, -115, -115, -115, -115, -115, -115, -115, -115, -115, -115, -115, -115, -115, -115, -115, -115, -115, -115, -115, -115, -115, -115, -115, -115, -115, -115, -115, -115, -115, -115, -115, -115, -115, -115, -115, -115, -115, -115, -115, -115, -115, -115, -115, -115], "dobotX": [259.11981201171875, 254.9220428466797, 206.1481170654297, 126.19082641601562, 109.95991516113281, 109.95991516113281, 109.95991516113281, 109.95991516113281, 109.95991516113281], "dobotY": [0.0, 0.0, 0.0, 0.0, -0.008592500351369381, -0.008592500351369381, -0.008592500351369381, -0.008592500351369381, -0.008592500351369381], "dobotZ": [-8.568687438964844, -8.431465148925781, -6.837043762207031, -4.2232513427734375, -3.68658447265625, -3.68658447265625, -3.68658447265625, -3.68658447265625, -3.68658447265625], "diffX": [-141.72449178224284, -140.51519383307215, -95.13620715048243, -33.80217906788856, -20.077415376468238, -19.052187130635232, -14.750753048546315, 24.390373264311222, 24.390373264311222], "diffY": [-149.39323541653016, -151.69401075447115, -154.1958360560869, -166.02511208002062, -167.38655746660487, -166.83200503014507, -164.41529703465272, -134.34169592509267, -134.34169592509267], "diffZ": [-106.43131256103516, -106.56853485107422, -108.16295623779297, -110.77674865722656, -111.31341552734375, -111.31341552734375, -111.31341552734375, -111.31341552734375, -111.31341552734375], "diffXYZ": [231.8011964003175, 232.62081853743888, 211.01298270512612, 202.4312554769825, 202.01989680495174, 201.4611134020712, 199.09960093092948, 176.16258980943024, 176.16258980943024], "predictionX": [-3, -135, -57, -81, -87, -42, 3, 0, -6], "predictionY": [0, 0, -6, -48, -54, -60, -57, 30, 180], "predictionZ": [0, 6, 6, 30, 93, 160, 160, 160, 160], "oculusXSynchronized": [117.39532022947591, 114.40684901360754, 111.01190991494725, 92.38864734812707, 89.88249978466457, 90.90772803049758, 95.2091621125865, 134.35028842544403, 134.35028842544403], "oculusYSynchronized": [-149.39323541653016, -151.69401075447115, -154.1958360560869, -166.02511208002062, -167.39514996695624, -166.84059753049644, -164.4238895350041, -134.35028842544403, -134.35028842544403], "oculusZSynchronized": [-115, -115, -115, -115, -115, -115, -115, -115, -115], "timestamp": [1590332530.93715, 1590332531.6490815, 1590332532.3883772, 1590332533.1861467, 1590332533.9174604, 1590332534.5607429, 1590332535.288924, 1590332536.0547624, 1590332536.7799296],