{"oculusX": [259.24124446372986, 259.27563634376526, 257.3216172740936, 264.70415916900635, 203.29996076087951, 112.89300647239685], "oculusY": [0.016219913959503174, 2.6523880660533905, 46.13889008760452, -111.15673184394836, 49.7501939535141, -13.021815568208694], "oculusZ": [-8.516128703308105, -9.67496220703125, 34.28286726837158, 9.1390054977417, -64.90212266082764, -82.47595612640382], "dobotX": [259.11981201171875, 259.2412414550781, 259.11981201171875, 259.13232421875, 259.1405334472656, 259.1563720703125], "dobotY": [0.0, 0.016219913959503174, 0.0, 0.001673477585427463, 0.0027697421610355377, 0.004882408306002617], "dobotZ": [-8.568687438964844, -8.516136169433594, -8.568687438964844, -8.563255310058594, -8.559730529785156, -8.552864074707031], "diffX": [0.1214324520111063, 0.0343948886871317, -1.7981947376251242, 5.571834950256346, -55.84057268638611, -146.26336559791565], "diffY": [0.016219913959503174, 2.6361681520938873, 46.13889008760452, -111.15840532153379, 49.747424211353064, -13.026697976514697], "diffZ": [0.05255873565673852, -1.158826037597656, 42.851554707336426, 17.702260807800293, -56.34239213104249, -73.92309205169678], "predictionX": [259.24124446372986, 259.11980038455306, 259.13232918502763, 259.1405417723581, 259.15636235661805, 259.13576209475286], "predictionY": [0.016219913959503174, 0.0, 0.0016734776145312935, 0.0027697422774508595, 0.004882408306002617, 0.0021317907085176557], "predictionZ": [-8.516128703308105, -8.568699597860359, -8.563277233857661, -8.559719703625888, -8.55286836414598, -8.561787387821823], "timestamp": [1589134940.6385322, 1589134942.4363358, 1589134943.9598765, 1589134945.465831, 1589134946.9743242, 1589134948.5138135]}