{"oculusX": [265.46757545928955, 266.04615774612427, 265.97180095176697, 265.83789911727905, 265.6728836582184, 265.81998792152405, 266.1709996746063, 266.72436919670105, 268.1561621711731, 269.04421177368164, 268.4678348587036, 268.2559701488495, 267.9062398956299, 267.91363087158203, 268.0060180709839, 268.53992667655945, 269.1200586841583, 268.9241978214264, 268.67049065093994, 268.2409199760437, 268.0893155620575, 267.86538091163635, 267.5731989429474, 267.5661655948639, 267.53692951660156, 267.46328797798157, 267.3290583179474, 267.0768412635803, 266.557327179718, 266.3596781776428, 266.11687865715027], "oculusY": [10.829709470272064, 11.654749512672424, 12.016594409942627, 12.92438805103302, 14.105618000030518, 14.827720820903778, 14.842770993709564, 14.336355030536652, 14.923125505447388, 15.40771871805191, 17.216354608535767, 16.799934208393097, 16.07920229434967, 15.059232711791992, 13.210482895374298, 12.869387865066528, 11.748366057872772, 10.057821869850159, 9.006917476654053, 7.460862398147583, 7.47758150100708, 7.412135601043701, 6.594114005565643, 5.879975855350494, 4.954524338245392, 3.682553768157959, 3.1574666500091553, 2.448074519634247, 1.9800066947937012, 1.7528682947158813, 1.8766596913337708], "oculusZ": [-2.637799426269531, -1.9001323425292966, -0.8717138015747068, 0.5587976730346682, 1.591626957702637, 1.6552847183227541, 1.2571256912231448, 0.7172268188476565, 0.020806149291992426, -1.138623400878906, -0.4016715728759763, 0.07826502685546899, 0.36079104309082055, 0.47392065887451196, 0.261370495605469, -0.3547031127929685, -1.0064202987670896, 0.40454085235595727, 1.5873354232788088, 2.9254596984863284, 3.490750149536133, 3.734890774536133, 4.299942807006836, 4.519049481201172, 5.05894835357666, 5.703870610046387, 6.081644848632813, 6.57099898223877, 7.167045429992676, 7.5362365997314456, 7.872168377685547], "dobotX": [259.11981201171875, 260.0357666015625], "dobotY": [0.0, 7.535165786743164], "dobotZ": [-8.568687438964844, -8.945976257324219], "diffX": [8.886206059265135, 6.0811120555877665], "diffY": [13.210482895374298, -5.658506095409393], "diffZ": [8.830057934570313, 16.818144635009766], "diffXYZ": [18.205807853115594, 18.757627889168393], "predictionX": [298.98798340559006, 278.99099308252335], "predictionY": [327.99314799904823, 327.99044930934906], "predictionZ": [-24.992303013801575, -27.98984396457672], "oculusXSynchronized": [268.0060180709839, 266.11687865715027], "oculusYSynchronized": [13.210482895374298, 1.8766596913337708], "oculusZSynchronized": [0.261370495605469, 7.872168377685547], "timestamp": [1590320466.3913212, 1590320467.1856313], "oculusTimeStamp": [1590320466.1502268, 1590320466.2013617, 1590320466.2526226, 1590320466.3028343, 1590320466.3531826, 1590320466.4036033, 1590320466.4540281, 1590320466.5045629, 1590320466.5549314, 1590320466.6053772, 1590320466.6557548, 1590320466.7063649, 1590320466.7568462, 1590320466.807182, 1590320466.857542, 1590320466.9078367, 1590320466.9584758, 1590320467.009209, 1590320467.0598612, 1590320467.1106603, 1590320467.1609745, 1590320467.211655, 1590320467.2621014, 1590320467.3126345, 1590320467.3629122, 1590320467.4134426, 1590320467.463913, 1590320467.5143337, 1590320467.5647902, 1590320467.6151032, 1590320467.6655138]}