{"oculusX": [259.100428490448, 259.2498573348999, 259.54883423309326, 259.65591397743225, 259.4567152545929, 259.29691520195007, 259.2009815261841, 259.36772551994324, 259.2498573348999, 258.8133725212097, 258.34294286231994, 258.3641323135376, 258.4499033973694, 258.13852873306274, 257.88321223716736, 257.9027923629761, 258.6641820953369, 259.38808050613403, 260.0566062019348, 260.3354665325165, 260.7648881958008, 261.7866310165405, 263.11533775787353, 263.55969038467407, 263.889691500473, 264.64747515182495, 266.2906559989929, 269.5321651981354, 272.9658397720337, 275.6547543094635, 278.6902996585846, 281.5071555660248, 283.9650425003052, 285.59734549980163, 286.1756297634125, 286.6788717792511, 287.1323141143799, 287.6343044326782, 287.68344846229553, 288.0247744606018, 288.23950019340515, 288.8874622867584, 289.39243283729553, 289.5281824157715, 289.40715518455505, 289.69853249053955, 290.1278349445343, 290.5139240310669, 290.4363485858917, 290.2988406703949, 290.3152617500305, 290.6207653568268, 290.5879529998779, 290.40454950790405, 290.34521308403015, 290.33668961982727, 290.83304729919433, 291.2191661880493, 291.38841357688904, 291.1065134094238, 290.9223052547455, 290.8619853542328, 290.8905359790802, 290.78452911834717, 290.3954896018982, 289.94872298698425, 289.826712279129, 289.8757072971344, 289.7364112422943, 289.46991887550354, 289.1786309764862, 288.9577361629486, 288.65828242759704, 288.2265659854889, 287.937543062973, 287.8465565727234, 287.9021677062988, 287.77979937057495, 287.81106200675964, 287.92395320396423, 288.2403644607544, 288.922867445755, 289.4254538105011, 288.769355683136, 288.39134302597046, 288.7959095523834, 289.1074034259796, 289.2830583141327, 289.0327784107208, 288.92152634124756, 289.1483518169403, 289.16086879234314, 289.03954353790283, 288.84213295440674, 288.86850800971985], "oculusY": [-0.12262165546417236, -0.47235190868377686, -0.4629790782928467, -0.28398633003234863, -0.2870112657546997, -0.22907555103302002, -0.1407414674758911, 0.3360658884048462, 1.2872368097305298, 1.937270164489746, 2.36298143863678, 3.0784904956817627, 4.151597619056702, 5.083456635475159, 5.514577031135559, 6.099432706832886, 6.9510191679000854, 8.131936192512512, 10.638624429702759, 14.063715934753418, 17.21234619617462, 22.439956665039062, 30.07003664970398, 37.803828716278076, 49.15192723274231, 59.04431641101837, 73.20652157068253, 84.46234464645386, 94.08366680145264, 100.31475499272346, 107.02929273247719, 111.40119284391403, 115.86067080497742, 118.82372945547104, 120.56514620780945, 122.08570167422295, 123.44770133495331, 124.37481433153152, 125.81317871809006, 127.02639400959015, 127.79433280229568, 128.61640378832817, 129.653824493289, 130.37828542292118, 131.48009404540062, 132.0778951048851, 132.82929547131062, 133.23240540921688, 133.4853209555149, 133.518373593688, 133.6848083883524, 133.45621898770332, 133.18411260843277, 132.8232567757368, 132.36390054225922, 131.91605545580387, 131.66191801428795, 131.86599500477314, 132.291654124856, 132.46485590934753, 132.50529021024704, 132.57227092981339, 132.73143954575062, 132.51866027712822, 132.63124600052834, 132.34218023717403, 132.4285212904215, 132.2522647678852, 132.05774314701557, 131.7378766834736, 131.43140636384487, 131.33334927260876, 131.3376147300005, 131.5635461360216, 131.61559775471687, 131.6982563585043, 131.99042342603207, 132.1354229003191, 132.01848417520523, 131.84128515422344, 132.16724805533886, 131.71191327273846, 129.8752762377262, 128.85642424225807, 129.0062628686428, 128.60658206045628, 128.83677892386913, 129.1771773248911, 129.01414185762405, 128.7353429943323, 128.95583361387253, 129.27966751158237, 129.44505363702774, 129.0955413132906, 129.09395806491375], "oculusZ": [-8.255537196350097, -8.27735249633789, -8.526499911499023, -8.705790682983398, -8.57191865081787, -8.335765048217773, -8.291299983215332, -8.476789637756347, -8.491690798950195, -8.184607669067383, -7.890875979614258, -7.920678302001953, -8.045609637451172, -8.044894381713867, -8.028801127624511, -8.159454508972168, -8.827980204772949, -9.448226138305664, -9.961183711242676, -9.741004153442383, -9.167726679992676, -7.793243571472168, -5.341942950439453, -2.7214843475341794, 1.0936897552490237, 3.0807894027709963, 3.5268705642700198, 2.5522154129028323, 1.585666493225098, 1.1252802169799807, 0.012342289733886957, -1.2723762237548826, -2.6348191940307615, -3.7496644699096677, -4.2647678100585935, -4.624541445922851, -4.825051470947265, -5.063350840759277, -5.169685527038574, -5.356248065185547, -5.665953799438476, -6.2075216018676755, -6.690200015258789, -6.747658892822265, -6.82156865234375, -7.4184495651245115, -8.08661763305664, -8.545334979248047, -8.572872325134277, -8.374031230163574, -8.459385081481933, -8.578117533874511, -8.645232363891601, -8.564766093444824, -8.40228383178711, -8.578832789611816, -9.1257650100708, -9.583051844787597, -9.699042483520508, -9.58185975189209, -9.578164263916015, -9.726222201538086, -10.019119425964355, -10.19686047668457, -10.08241955871582, -9.991224452209472, -10.212476893615722, -10.31440083618164, -9.912069483947754, -9.584363146972656, -9.331520243835449, -9.275491877746582, -9.393747492980957, -9.436424418640136, -9.51772515411377, -9.643610163879394, -10.010297938537597, -10.163601084899902, -10.23333851928711, -10.249312564086914, -10.357435389709472, -10.427530451965332, -9.81849019165039, -8.969004794311523, -8.677657290649414, -8.979852839660644, -9.223039790344238, -9.536441012573242, -9.312923594665527, -9.330685778808594, -9.641583605957031, -10.032947703552246, -10.148342295837402, -9.8656970703125, -9.86271683807373], "dobotX": [258.1228942871094, 258.5928955078125, 258.2181091308594, 258.6472473144531, 262.4861755371094, 263.5727844238281, 271.0448303222656, 284.7122802734375], "dobotY": [4.722526550292969, -1.7208821773529053, -1.3532146215438843, 4.12961483001709, 26.417430877685547, 31.8103084564209, 60.234825134277344, 112.22769165039062], "dobotZ": [-8.6485595703125, -8.539161682128906, -8.312164306640625, -7.728370666503906, -5.677970886230469, -5.388427734375, -6.1476593017578125, -7.536369323730469], "diffX": [0.2200485752105692, 4.522442250061033, 27.9575206325531, 31.480587630081175, 28.90223803977966, 25.60584655265808, 18.38062348823547, 4.1562277362823465], "diffY": [-2.359545111656189, 31.790918827056885, 121.91836082935333, 128.69968064129353, 105.87422324717045, 99.62109790742397, 69.64045110344887, 16.866266414523125], "diffZ": [0.7576835906982424, 3.1972187316894534, 4.0473964965820315, -0.35824696655273414, -4.021071597290039, -3.943092509460449, -3.670830889892578, -2.3263475143432615], "predictionX": [258.1580492542267, 258.34294286231994, 263.11533775787353, 286.1756297634125, 290.1278349445343, 291.38841357688904, 289.1786309764862, 289.4254538105011], "predictionY": [-3.140762448310852, 2.36298143863678, 30.07003664970398, 120.56514620780945, 132.82929547131062, 132.291654124856, 131.43140636384487, 129.8752762377262], "predictionZ": [-8.514817401123047, -7.890875979614258, -5.341942950439453, -4.2647678100585935, -8.08661763305664, -9.699042483520508, -9.331520243835449, -9.81849019165039], "oculusXSynchronized": [258.34294286231994, 263.11533775787353, 286.1756297634125, 290.1278349445343, 291.38841357688904, 289.1786309764862, 289.4254538105011, 288.86850800971985], "oculusYSynchronized": [2.36298143863678, 30.07003664970398, 120.56514620780945, 132.82929547131062, 132.291654124856, 131.43140636384487, 129.8752762377262, 129.09395806491375], "oculusZSynchronized": [-7.890875979614258, -5.341942950439453, -4.2647678100585935, -8.08661763305664, -9.699042483520508, -9.331520243835449, -9.81849019165039, -9.86271683807373], "timestamp": [1589832304.4815292, 1589832305.0863352, 1589832305.6897173, 1589832306.293292, 1589832306.897054, 1589832307.5002947, 1589832308.1051145, 1589832308.7073205],