{"oculusX": [259.10001125793457, 262.8923567817688, 262.0834025428772, 260.85840788345337, 262.4416264579773, 261.4580306098938, 262.01813545684814, 261.7183836982727, 330.070784954834, 349.99763098220825, 272.59390678863525, 267.21816387634277, 269.5417913482666, 268.0430921600342, 267.8349527404785, 268.07104673843384, 267.51690235595703, 266.8378862426758, 266.8836626098633, 267.49937859039306, 261.76261034469604], "oculusY": [-0.106029212474823, 6.88847154378891, 4.048451781272888, 0.43807923793792725, -0.5469545722007751, -0.28105080127716064, -1.5479251742362976, -0.10912120342254639, -4.220917820930481, 4.562877118587494, -5.261823534965515, 0.4180818796157837, -4.934743046760559, -3.8022398948669434, -9.318836033344269, -9.684249758720398, -9.772643446922302, -10.589532554149628, -10.54372638463974, -11.286549270153046, -8.276857435703278], "oculusZ": [-8.375700160217285, -19.568141146850586, -15.41381661529541, -12.765105410766601, -13.817961856079101, -14.199789210510254, -13.34315125579834, -13.478692218017578, 152.11719687347411, 129.6672266281128, 11.659685925292969, -12.385543032836914, -14.36549012298584, -12.156899615478515, -10.947879000854492, -11.23445813293457, -10.566766902160644, -10.37221734161377, -10.345633670043945, -9.199078723144531, -5.987222834777832], "dobotX": [259.11981201171875, 259.0999755859375, 262.89239501953125, 262.08343505859375, 260.8584289550781, 262.4416198730469, 261.4580383300781, 262.01812744140625, 261.7183837890625, 281.93475341796875, 309.1190490722656, 287.6686706542969, 269.6235046386719, 269.5417785644531, 268.0430908203125, 267.8349914550781, 268.071044921875, 267.5169372558594, 266.8379211425781, 266.8836669921875, 267.4993591308594], "dobotY": [0.0, -0.1060292050242424, 6.888471603393555, 4.048452377319336, 0.4380793571472168, -0.5469545722007751, -0.28105080127716064, -1.5479251146316528, -0.10912121087312698, -1.3252533674240112, -2.8438868522644043, -4.26388692855835, -2.1233623027801514, -4.9347429275512695, -3.8022398948669434, -9.31883716583252, -9.684249877929688, -9.77264404296875, -10.589534759521484, -10.543725967407227, -11.286547660827637], "dobotZ": [-8.568687438964844, -8.375701904296875, -19.568138122558594, -15.413825988769531, -12.765121459960938, -13.817955017089844, -14.199790954589844, -13.343132019042969, -13.478675842285156, 35.49907684326172, 100.53117370605469, 48.338932037353516, -1.6266250610351562, -14.365478515625, -12.156906127929688, -10.9478759765625, -11.234451293945312, -10.5667724609375, -10.372222900390625, -10.345634460449219, -9.199081420898438], "diffX": [-0.01980075378418178, 3.7923811958312967, -0.8089924766540548, -1.225027175140383, 1.5831975028991678, -0.9835892631530783, 0.5600971267700174, -0.299743743133547, 68.35240116577148, 68.0628775642395, -36.52514228363037, -20.450506777954104, -0.08171329040527553, -1.4986864044189474, -0.20813807983398647, 0.2360552833557108, -0.5541425659179708, -0.6790510131835958, 0.04574146728515416, 0.6157115982055643, -5.736748786163332], "diffY": [-0.106029212474823, 6.994500748813152, -2.8400198221206665, -3.6103731393814087, -0.9850339293479919, 0.2659037709236145, -1.266874372959137, 1.4388039112091064, -4.111796610057354, 5.888130486011505, -2.417936682701111, 4.681968808174133, -2.8113807439804077, 1.1325030326843262, -5.516596138477325, -0.3654125928878784, -0.08839356899261475, -0.8168885111808777, 0.045808374881744385, -0.7428233027458191, 3.009690225124359], "diffZ": [0.19298727874755883, -11.19243924255371, 4.154321507263184, 2.64872057800293, -1.0528403961181638, -0.3818341934204099, 0.8566396987915041, -0.13556019897460914, 165.59587271575927, 94.16814978485107, -88.87148778076173, -60.72447507019043, -12.738865061950683, 2.2085789001464846, 1.2090271270751956, -0.2865821563720701, 0.6676843917846682, 0.1945551193237307, 0.026589230346679926, 1.1465557373046877, 3.2118585861206057], "predictionX": [259.10001125793457, 262.8923567817688, 262.0834025428772, 260.85840788345337, 262.4416264579773, 261.4580306098938, 262.01813545684814, 261.7183836982727, 330.070784954834, 349.99763098220825, 272.59390678863525, 267.21816387634277, 269.5417913482666, 268.0430921600342, 267.8349527404785, 268.07104673843384, 267.51690235595703, 266.8378862426758, 266.8836626098633, 267.49937859039306, 261.76261034469604], "predictionY": [-0.106029212474823, 6.88847154378891, 4.048451781272888, 0.43807923793792725, -0.5469545722007751, -0.28105080127716064, -1.5479251742362976, -0.10912120342254639, -4.220917820930481, 4.562877118587494, -5.261823534965515, 0.4180818796157837, -4.934743046760559, -3.8022398948669434, -9.318836033344269, -9.684249758720398, -9.772643446922302, -10.589532554149628, -10.54372638463974, -11.286549270153046, -8.276857435703278], "predictionZ": [-8.375700160217285, -19.568141146850586, -15.41381661529541, -12.765105410766601, -13.817961856079101, -14.199789210510254, -13.34315125579834, -13.478692218017578, 152.11719687347411, 129.6672266281128, 11.659685925292969, -12.385543032836914, -14.36549012298584, -12.156899615478515, -10.947879000854492, -11.23445813293457, -10.566766902160644, -10.37221734161377, -10.345633670043945, -9.199078723144531, -5.987222834777832], "timestamp": [1589631846.4336636, 1589631848.256, 1589631849.6769247, 1589631851.1743307, 1589631852.6361434, 1589631854.0683455, 1589631855.553687, 1589631856.9907756, 1589631858.4836228, 1589631859.939432, 1589631861.391574, 1589631862.875154, 1589631864.3315713, 1589631865.7870245, 1589631867.1928577, 1589631868.6317077, 1589631870.0895386, 1589631871.534037, 1589631873.044435, 1589631874.441462, 1589631875.7149162]}