{"oculusX": [247.93005612354278, 258.4992187903404, 270.7597824619293, 287.94856992225647, 324.68833652000427, 364.1007157848358, 384.3305620239258, 402.48981740932464, 412.3400214002609, 417.2335329339981, 423.3886065767288, 427.2035422609329, 429.5005860612869, 431.5833809659958, 433.5291745946884, 435.768074064064, 437.71148350696564, 437.15441849689483, 437.72698071460724, 436.55807402591705, 434.93724492053985, 434.32176735858917, 434.8564806268692, 436.0885086343765, 437.12890770893097, 437.4320569322586, 436.9617762849808, 436.78016093235016, 436.34346750240326, 435.7027473733902, 435.3992405221939, 435.13534095745086, 434.8862531469345, 434.64103963832855, 434.3173566148758, 433.79983928661346, 433.5572781847, 433.35763242702484, 433.18832543354034, 433.0329063222885, 432.62711790065765, 432.18798068027496, 431.7994478033066, 431.1843874738693, 430.96268799762726, 431.32693198184967, 432.2028818414688, 433.11757472019195, 434.17937186222076, 434.78227284412384, 435.73067214946747, 436.320311097908, 437.62306001644134, 438.76505520801544, 439.4857051656723, 439.9108054922104, 440.1563170240402, 440.50476577739715, 441.08197715740204, 441.41638901691437, 441.6098656938553, 441.6931035802841, 442.0229854867935, 442.42403533916473, 442.76741769771576, 442.7626791284561, 442.8164723203659, 442.8864183710098, 442.9433706090927, 443.3357181833267, 443.879521159935, 444.4554212377548, 444.9973168657303, 445.3559282110214, 445.4634847925186, 445.7364442632675, 446.43411663036346, 447.5616874979019, 448.90297081928253, 453.2316687391281, 455.0724091814041, 456.69410255413055, 458.7039711759567, 460.51288273792267, 462.3883726881027, 463.8426068113327, 466.56844642620086, 469.61713459949493, 471.4700641916275, 473.45457103710174, 474.70307972888946, 475.88337090473175, 476.6227367208481, 476.92120697956085, 476.8917324827194, 476.8739106939316, 476.83689620952606, 477.0024481103897, 477.3529532239914, 477.65511897068023, 477.63306525211334, 477.63348248462677, 477.790779142189, 477.8240683362961, 477.92032983760834, 478.05321839313507, 478.10438898067474, 478.1303468034744, 478.2239260957718, 478.1223597810745, 478.05667546253204, 477.96703007678985, 478.01548865299225, 477.3693445013046, 476.6767087266922, 476.6832652376175, 476.7300250814438, 476.6309025571823, 475.94339278202057, 473.4067383096695, 469.0819146917343], "oculusY": [7.499590516090393, 23.864492774009705, 47.50046133995056, 63.49394842982292, 73.49333167076111, 52.496641874313354, 16.933396458625793, -30.292145907878876, -58.53601545095444, -72.53240793943405, -73.34262877702713, -85.96522361040115, -80.64999431371689, -81.64786547422409, -78.06620746850967, -77.89567857980728, -77.47527211904526, -77.50958949327469, -75.55199414491653, -74.21991974115372, -75.08940249681473, -74.81501251459122, -75.76077431440353, -76.6686424612999, -77.9193863272667, -78.93180102109909, -79.50646430253983, -80.44997602701187, -80.45736700296402, -80.52974194288254, -82.1625217795372, -82.83086866140366, -83.67568999528885, -84.59126204252243, -85.68543940782547, -87.48773485422134, -88.68566900491714, -90.56145697832108, -92.7749052643776, -94.61457282304764, -97.07704931497574, -99.18714314699173, -100.81476718187332, -103.22847217321396, -103.95032912492752, -103.71094197034836, -102.0568534731865, -100.40000826120377, -98.38927537202835, -97.40941971540451, -95.85953503847122, -94.80536729097366, -94.37506645917892, -94.02758628129959, -93.98248046636581, -93.91067177057266, -93.83199363946915, -93.64920109510422, -93.38631480932236, -92.98703819513321, -92.3929288983345, -91.71094745397568, -91.09879285097122, -90.90275317430496, -90.63249081373215, -90.25400131940842, -89.96865898370743, -89.77174013853073, -89.47097510099411, -88.89631181955338, -87.97850459814072, -87.1196761727333, -86.11197024583817, -85.44062823057175, -85.39190143346786, -85.05193144083023, -84.36078578233719, -83.18915218114853, -82.56808668375015, -81.20442181825638, -79.75573092699051, -78.60640436410904, -77.93072611093521, -77.21471041440964, -75.87861269712448, -74.42111521959305, -71.16862386465073, -68.57278198003769, -67.17950850725174, -65.7176598906517, -65.08470326662064, -64.62527066469193, -63.85163217782974, -63.19526582956314, -62.47047334909439, -62.12110072374344, -61.89633160829544, -61.82575970888138, -61.71678751707077, -61.6656169295311, -61.67047470808029, -61.480991542339325, -61.702512204647064, -61.881400644779205, -62.093086540699005, -61.901263892650604, -61.58476322889328, -61.48146837949753, -61.56403571367264, -61.57975643873215, -61.6917684674263, -61.697788536548615, -61.28164380788803, -61.960406601428986, -62.790803611278534, -62.95736879110336, -62.168411910533905, -61.345212161540985, -59.462301433086395, -55.49738556146622, -48.46549779176712], "oculusZ": [10.76043064956665, 37.764672592926026, 71.16115506057739, 106.94450552825927, 172.40238602523803, 256.27655203704836, 299.9483388221741, 331.44212181930544, 338.549379662323, 344.3349641120911, 344.8646109855652, 338.267568901825, 336.8561309135437, 332.82220776443484, 329.46670468215945, 325.1035254753113, 322.0304291999817, 321.89739163284304, 319.78631432418825, 319.6772378242493, 321.1250346458435, 321.29109318618777, 320.9073584831238, 319.6748536384583, 318.7323849952698, 318.76445229415896, 319.4924634254456, 319.7275441444397, 320.27340348129275, 321.0728209770203, 321.02060730819704, 321.2207597053528, 321.5225976264954, 321.8982260978699, 322.53969128494265, 323.24791367416384, 323.5963624275208, 324.0393441474915, 324.42140992050173, 324.81611187820437, 325.5702298439026, 326.3099234855652, 326.8374245918274, 327.7066987312317, 327.89862568740847, 326.9606869972229, 325.0960152900696, 323.56393750076296, 321.72036583786013, 320.6038516319275, 318.86494572525027, 317.6072877204895, 315.84644730453493, 314.78679592971804, 314.1059916770935, 313.8146441734314, 313.49707062606814, 313.0376380241394, 312.39235813980105, 311.7610257423401, 311.08737404708864, 310.4553263938904, 310.1004403388977, 309.53658039932253, 308.88915474777224, 308.77435620193484, 308.39550907974245, 308.01940377120974, 307.596330002594, 306.9181483543396, 306.09274323349, 305.12726719741823, 304.1118424690247, 303.4545224464417, 303.337935761261, 302.9109280860901, 301.7571013725281, 300.2737801826477, 298.16151078109743, 290.39204533462527, 287.35387738113405, 284.5923941886902, 281.4596932685852, 278.40114052658083, 275.1833241737366, 271.8948763168335, 266.0866421020508, 260.0175183570862, 256.19030411605837, 251.7592948234558, 248.89564926986694, 245.9777038848877, 244.1427748954773, 243.3611791885376, 242.7968424118042, 242.48272593383788, 241.88280518417358, 241.18608649139404, 240.28629477386474, 239.55262120132446, 239.2175238883972, 239.05152495269775, 239.16018422012328, 239.3897813117981, 239.40897400741576, 239.36558182601928, 239.21305354003906, 239.264551953125, 239.30615599517822, 239.403073147583, 239.5278256690979, 239.79282791976928, 240.34649546508788, 241.79691489105224, 243.0048626220703, 243.44385083084106, 243.3965247428894, 243.47585852508544, 244.46255381469726, 248.07817156677245, 254.0198009765625], "dobotX": [259.11981201171875, 241.0585174560547, 275.823974609375, 306.3499755859375, 306.3499755859375], "dobotY": [0.0, -7.048435688018799, -19.367694854736328, -30.235822677612305, -30.235822677612305], "dobotZ": [-8.568687438964844, -5.747642517089844, 52.567012786865234, 103.77400970458984, 103.77400970458984], "diffX": [164.26879456501007, 191.12946322422027, 167.06244376163482, 170.57123139362335, 162.7319391057968], "diffY": [-73.34262877702713, -92.13870745897293, -70.4040452837944, -32.959443151950836, -18.229675114154816], "diffZ": [353.43329842453005, 332.05756600265505, 255.4523909843445, 139.58716948394775, 150.24579127197265], "predictionX": [241.05851974945068, 435.4691367149353, 434.7861328125, 447.93717765808105, 477.9420862495899],