{"oculusX": [251.5521856830597, 250.04570808868408, 250.03316131095886, 249.02271357040405, 247.8513034866333, 247.70443764190674, 247.1769961402893, 246.89175811271667, 246.51493754844665, 246.25890579681396, 246.07943621139526, 245.7688066051483, 245.7913371608734, 245.2735516117096, 245.3345569656372, 245.49858894805908], "oculusY": [-10.311640799045563, -17.092082649469376, -22.628076374530792, -26.34083479642868, -28.763756155967712, -29.844745993614197, -31.174756586551666, -31.69713169336319, -31.780540943145752, -32.76196867227554, -33.681564033031464, -34.81390327215195, -35.2860689163208, -35.25210916996002, -35.65845638513565, -35.61458736658096], "oculusZ": [3.8426559722900393, 6.826464489746094, 8.667413548278809, 10.539476231384278, 12.089435414123535, 12.862388447570801, 13.624374226379395, 14.39124758605957, 15.029970959472656, 15.835706547546387, 16.552750424194336, 17.064873532104492, 17.188374356079102, 17.369095639038086, 17.159644917297364, 16.6235607421875], "dobotX": [259.11981201171875], "dobotY": [0.0], "dobotZ": [-8.568687438964844], "diffX": [-13.62122306365967], "diffY": [-35.61458736658096], "diffZ": [25.192248181152344], "diffXYZ": [45.70104943502475], "predictionX": [328.02634083479643], "predictionY": [-311.9899029135704], "predictionZ": [138.01910817623138], "oculusXSynchronized": [245.49858894805908], "oculusYSynchronized": [-35.61458736658096], "oculusZSynchronized": [16.6235607421875], "timestamp": [1590319825.284051], "oculusTimeStamp": [1590319825.0271204, 1590319825.0778167, 1590319825.128521, 1590319825.179226, 1590319825.2300684, 1590319825.2804184, 1590319825.3307025, 1590319825.3812277, 1590319825.431666, 1590319825.482093, 1590319825.5324218, 1590319825.583181, 1590319825.6335526, 1590319825.684128, 1590319825.7346253, 1590319825.785065]}