{"oculusX": [299.7033211277008, 299.5902213142395, 299.4211825416565, 299.57967129211426, 299.56614103775024, 299.4706245944977, 299.527994065094, 299.7173878238678, 299.68603578071594, 299.3853601501465, 299.30087056617737, 299.0721675441742, 299.16363087158203, 299.29026093940735, 299.4630250022888, 299.80905976753235, 299.9811383769989, 300.09197321395874, 299.86547556381225, 299.77007832984924, 299.94492855529785, 300.3712805793762, 300.61771598320007, 300.4800590560913, 300.51752057533264, 300.7326933429718, 300.58406916122436, 300.52839842300415, 300.5777212665558, 300.7029506252289, 300.68387713890075, 300.9184810207367, 300.87207880477905, 300.7230075881958, 300.72840180854797, 300.4603895233154, 300.451746849823, 300.72554078559875, 300.87640014152527, 300.7958742664337], "oculusY": [247.30580300092697, 247.36764281988144, 247.33775109052658, 247.15062230825424, 247.17091768980026, 247.07069247961044, 246.89143151044846, 246.58114463090897, 246.4665099978447, 246.5854212641716, 246.66213244199753, 246.92144244909286, 247.07791954278946, 246.90764397382736, 246.55073136091232, 246.1792156100273, 246.02779000997543, 245.93158811330795, 246.2460622191429, 246.26872688531876, 246.04133516550064, 245.83300203084946, 245.4175129532814, 245.34565955400467, 245.5863431096077, 245.6611916422844, 245.77733129262924, 245.60926109552383, 245.38914114236832, 245.19691616296768, 245.039202272892, 244.78956311941147, 244.58634108304977, 244.31393295526505, 244.235597550869, 244.38146501779556, 244.11804229021072, 244.03295665979385, 243.79142373800278, 243.56528371572495], "oculusZ": [-59.79579274291992, -59.56941430206299, -59.552009745788574, -59.755261584472656, -59.75013558502197, -59.810097857666015, -60.0751001083374, -60.15771214599609, -60.02705876464844, -59.801037951660156, -59.74322144622803, -59.69017331237793, -59.819038554382324, -59.947307749938965, -60.20706479187012, -60.282881900024414, -60.08046452636719, -60.023482485961914, -60.009773417663574, -59.910710498046875, -60.08070294494629, -60.16903702850342, -60.01728360290527, -59.761102839660644, -59.91166417236328, -59.98831574554443, -59.95386426086426, -59.80199162597656, -59.71604172821045, -59.76670567626953, -59.79400460357666, -59.87757031555176, -59.75180451507568, -59.410150691223144, -59.3346912109375, -59.07207314605713, -59.07719914550781, -59.28128544921875, -59.454615756225586, -59.52816788787842], "dobotX": [259.11981201171875, 270.7256774902344], "dobotY": [0.0, 70.56844329833984], "dobotZ": [-8.568687438964844, -23.21099853515625], "diffX": [39.95235553245544, 30.07019677619934], "diffY": [246.92144244909286, 172.9968404173851], "diffZ": [-51.121485873413086, -36.31716935272217], "diffXYZ": [255.30334069815456, 179.30716750412364], "predictionX": [299.73979917030334, 300.52839842300415], "predictionY": [246.98656052350998, 245.60926109552383], "predictionZ": [-59.816177531433105, -59.80199162597656], "oculusXSynchronized": [299.0721675441742, 300.7958742664337], "oculusYSynchronized": [246.92144244909286, 243.56528371572495], "oculusZSynchronized": [-59.69017331237793, -59.52816788787842], "timestamp": [1590320671.7561975, 1590320673.408551], "oculusTimeStamp": [1590320671.6610398, 1590320671.7114987, 1590320671.7618654, 1590320671.8122723, 1590320671.8627563, 1590320671.913134, 1590320671.9635322, 1590320672.0138154, 1590320672.0641916, 1590320672.1145625, 1590320672.164872, 1590320672.2153504, 1590320672.2833703, 1590320672.350903, 1590320672.422668, 1590320672.4837365, 1590320672.5389385, 1590320672.6449943, 1590320672.7091308, 1590320672.7608044, 1590320672.8192384, 1590320672.883347, 1590320672.9554327, 1590320673.026649, 1590320673.090723, 1590320673.1526232, 1590320673.2080286, 1590320673.2670102, 1590320673.3179338, 1590320673.3684413, 1590320673.4187617, 1590320673.4692533, 1590320673.5197628, 1590320673.5704188, 1590320673.6208222, 1590320673.6714525, 1590320673.722034, 1590320673.7724462, 1590320673.822787, 1590320673.8731525]}