{"oculusX": [317.8116890476227, 316.8643328235626, 315.93202677230835, 315.5002507255554, 315.80942001800537, 315.4262217567444, 314.6842631385803, 313.8043197677612, 312.0758446739197, 310.958019165802, 310.5428728149414, 310.25745597343445, 307.5671407268524, 307.7507826374054, 306.3129993961334, 305.7363840625763, 306.55225244026184, 309.76357188682556, 312.2534963176727, 314.9737032936096, 317.68246617774963, 319.95715823631286, 321.9283136413574, 323.5235127494812, 328, 328, 328, 328, 328, 328, 328, 328, 328, 328, 328, 328, 328, 328, 328, 328, 328, 328, 328, 328, 328, 328, 328, 328, 328, 328, 328, 328, 328, 328, 328, 328, 328, 328, 328, 328, 328, 328, 328, 328, 328, 328, 328, 328, 328, 328, 328, 328, 328, 328, 328, 328, 328, 328, 328, 328, 328, 328, 328, 328, 328, 328, 328, 328, 328, 328, 328, 328, 328, 328, 328, 328, 328, 328, 328, 328, 328, 328, 328, 328, 328, 328, 328, 328, 328, 328, 328, 328, 328, 328, 328, 328, 328, 328, 328, 328, 328, 328, 328, 328, 328, 328, 328, 328, 328, 328, 328, 328, 328, 328, 328, 328, 328, 328, 328, 328, 328, 328, 328, 328, 328, 328, 328, 328, 328, 328, 328, 328, 328, 328, 328, 328, 328, 328, 328, 328, 328, 328, 328, 328, 328, 328, 328, 328, 328, 328, 328, 328, 328, 328, 328, 328, 328, 328, 328, 328, 328, 328, 328, 328, 328, 328, 328, 328, 328, 328, 328, 328, 328, 328, 328, 328, 328, 328, 328, 328, 328, 328, 328, 328, 328, 328, 328, 328, 328, 328, 328, 328, 328, 328, 328, 328, 328, 328, 328, 328, 328, 328, 328, 328, 328, 328, 328, 328, 328, 328, 328, 328, 328, 328], "oculusY": [21.32127434015274, 24.62122216820717, 26.405587792396545, 30.11627122759819, 30.6832417845726, 33.26863795518875, 35.82107648253441, 37.62129694223404, 41.41434282064438, 46.4007593691349, 48.86877350509167, 52.32042260468006, 59.28085558116436, 63.32305632531643, 67.8789634257555, 72.5431190803647, 78.61491944640875, 82.7859714627266, 85.22030990570784, 88.1814630702138, 90.35650826990604, 92.17800665646791, 92.90585573762655, 92.26475469768047, 87.7566677518189, 82.13757001794875, 75.29860129579902, 68.28374788165092, 60.89557893574238, 55.47139793634415, 49.733664840459824, 46.05848342180252, 42.60975122451782, 41.305284947156906, 40.9981831908226, 38.214147090911865, 35.10928899049759, 33.7204784154892, 33.01382064819336, 33.2779698073864, 31.935062259435654, 29.010802507400513, 22.731222212314606, 18.54134351015091, 12.9147469997406, 7.4020251631736755, 0.06476789712905884, -5.765601992607117, -8.57735425233841, -11.871173977851868, -15.490792691707611, -17.53956824541092, -18.70615780353546, -17.651744186878204, -15.184350311756134, -11.872373521327972, -8.6020827293396, -1.0481253266334534, 6.89474493265152, 13.180278241634369, 23.25994148850441, 28.602320700883865, 36.90728917717934, 43.070875108242035, 48.06172102689743, 52.38250643014908, 55.197129026055336, 57.12428316473961, 62.29612976312637, 67.04344041645527, 71.81817386299372, 77.24037626758218, 79.61817338946275, 81.12816256470978, 81.39111218042672, 81.92904316820204, 82.53970323130488, 82.77155086398125, 80.38710721302778, 77.62731169350445, 72.80705031007528, 66.01132918149233, 58.25692042708397, 51.21427960693836, 42.19789430499077, 34.492041915655136, 29.430177062749863, 22.45458960533142, 16.220882534980774, 11.766567826271057, 6.405048072338104, 0.8194074034690857, -6.6288188099861145, -12.78698444366455, -17.131000757217407, -21.021388471126556, -21.367736160755157, -19.35659348964691, -16.27577841281891, -11.813737452030182, -7.043607532978058, 0.813215970993042, 8.875615894794464, 15.508614480495453, 24.0943506360054, 32.04970806837082, 44.18148845434189, 53.439753130078316, 59.893691912293434, 67.2123460099101, 73.09200474992394, 79.95816229231423, 86.66303707286716, 88.93780782818794, 89.51991517096758, 89.97356053441763, 88.29537220299244, 85.4851109907031, 78.15088657662272, 71.05993945151567, 59.54320542514324, 51.340220496058464, 42.68397390842438, 36.86771169304848, 33.16865861415863, 27.31754630804062, 22.964101284742355, 19.672580063343048, 18.78393068909645, 18.819838762283325, 19.979771226644516, 24.143405258655548, 28.58831360936165, 31.827881932258606, 35.947639495134354, 40.239620953798294, 47.402068972587585, 56.52742087841034, 63.04681673645973, 69.91773564368486, 78.22520553600043, 84.43299401551485, 95.84858268499374, 105.24938441812992, 122.05055728554726, 139.20345902442932, 150.877445936203, 160.29532253742218, 165.0453358888626, 168.90723258256912, 174.46798831224442, 182.66430497169495, 187.46020644903183, 193.71845573186874, 200.06981492042542, 207.6493352651596, 214.6189659833908, 220.33578157424927, 230.1992028951645, 241.5585070848465, 252.96127796173096, 263.82727921009064, 274.66773986816406, 284.13818776607513, 296.2126284837723, 306.0651123523712, 320.1483488082886, 328, 328, 328, 328, 328, 328, 328, 328, 328, 328, 328, 328, 328, 328, 328, 328, 328, 328, 328, 328, 328, 328, 328, 328, 328, 328, 328, 328, 328, 328, 328, 328, 328, 328, 328, 328, 328, 328, 328, 328, 328, 328, 328, 328, 328, 328, 328, 328, 328, 328, 324.75410401821136, 313.72731924057007, 298.3783632516861, 285.9998345375061, 272.7036625146866, 266.8784409761429, 262.320339679718, 260.34078001976013, 259.9175274372101, 256.90819323062897, 250.86595118045807, 247.36258387565613, 247.01900780200958, 250.86025893688202, 259.057492017746, 271.41180634498596, 279.24856543540955],