{"oculusX": [258.31892219047546, 258.28675058345794, 258.59569635849, 259.0091737792969, 259.1503771827698, 259.29403927783966, 259.45197668533325, 259.5502349422455, 259.35850170116424, 259.01355472068786, 258.5880967662811, 258.36161401729584, 258.4307256029129, 258.89152911167145, 259.4603958414078, 259.8887595222473, 260.36967959861755, 260.30454662303924, 259.73974791030884, 258.8647219226837, 258.4581288383484, 258.9089038656235, 259.63822629909515, 260.1476970003128, 260.4349466846466, 259.8046871707916, 258.59289494018554, 258.79467156391144, 259.51110449295044, 259.91479185085296, 260.20037260513305, 260.0716414735794, 259.3396666334152, 257.91443016986847, 257.82435265045166, 258.6705746934891, 259.5553311393738, 259.99640551071167, 259.6027913377762, 258.39523103694916, 257.11012509326935, 256.4509275243759, 256.06932368736267, 256.5107556865692, 257.206878332901, 258.0192896411896, 258.4353300617218, 258.7177517698288, 258.502221374321, 258.0538752363205, 257.3669168041229, 257.0028814361572, 257.1719351099014, 257.53640261154175, 257.6154979751587, 257.65313830833435, 257.7586385295868, 257.26605084400177, 256.1212840364456, 250.5485030696869, 240.33491936187744, 225.72957602005005, 193.12443461875915, 154.82563403110504, 131.9346713707924, 110.22921156744957, 97.84569841485023], "oculusY": [-1.0057538747787476, -1.189500093460083, -1.4822781085968018, -1.6807317733764648, -1.6310065984725952, -1.5296339988708496, -1.36585533618927, -1.5293806791305542, -1.8804371356964111, -2.1942555904388428, -2.5791972875595093, -2.682119607925415, -2.7499645948410034, -2.573832869529724, -1.8445104360580444, -1.56480073928833, -1.2007206678390503, -1.3580173254013062, -1.774519681930542, -2.449437975883484, -3.162875771522522, -3.375619649887085, -2.6603639125823975, -1.7807632684707642, -1.495257019996643, -2.144455909729004, -3.194764256477356, -3.4534484148025513, -3.319159150123596, -2.988383173942566, -2.65425443649292, -2.7920305728912354, -3.2741129398345947, -3.9524883031845093, -3.909692168235779, -3.226757049560547, -2.6257336139678955, -2.104625105857849, -3.437444567680359, -5.136504769325256, -6.67966902256012, -7.15203583240509, -7.340878248214722, -6.7968666553497314, -6.177380681037903, -5.3933411836624146, -4.983723163604736, -4.755884408950806, -4.935815930366516, -4.965826869010925, -5.3683072328567505, -5.4740309715271, -5.488291382789612, -5.6810081005096436, -5.674391984939575, -5.548566579818726, -5.834683775901794, -5.594491958618164, -5.332291126251221, 14.89172875881195, 45.385584235191345, 92.47574210166931, 137.70170509815216, 157.16954320669174, 154.13670986890793, 141.10461622476578, 126.24336034059525], "oculusZ": [-7.31592957611084, -7.115300341796875, -7.417734309387207, -7.7704745971679685, -7.988866015625, -8.047874613952636, -8.03321187133789, -7.998521968078613, -7.849867984008789, -7.6168138229370115, -7.353838130187988, -7.212575122070312, -7.355149432373047, -7.965262576293945, -8.511956378173828, -8.911069079589844, -9.286816760253906, -9.30434052581787, -8.811767741394043, -8.060391589355469, -7.451470538330078, -7.498677416992187, -7.90649239654541, -8.262212916564941, -8.539136096191406, -8.099134608459472, -7.160719081115722, -7.295544787597656, -7.819350405883789, -8.125122233581543, -8.21941678161621, -8.15361325378418, -7.805998965454101, -6.896670504760742, -6.9225389205932615, -7.5721103393554685, -7.987197085571289, -8.102234049987793, -7.434065982055664, -6.340797587585449, -5.170043154907226, -4.638250514221191, -4.338439151000976, -4.854257746887207, -5.548651858520508, -6.3083726608276365, -6.647999926757812, -6.660159274291992, -6.432707949829101, -6.053383990478515, -5.426581546020508, -5.096729441833496, -5.050237818908691, -5.373056575012207, -5.483205958557129, -5.849774523925781, -5.854542895507812, -5.459483309936523, -4.330809756469726, 0.2626817977905276, -6.438310786437988, -45.73577229614258, -115, -115, -115, -115, -115], "dobotX": [259.11981201171875, 154.17718505859375], "dobotY": [0.0, -0.00017432565800845623], "dobotZ": [-8.568687438964844, -5.0981292724609375], "diffX": [-0.25509008903503627, 103.18973174552917], "diffY": [-2.449437975883484, -5.368132907198742], "diffZ": [0.5082958496093752, -0.3284522735595701], "diffXYZ": [2.5145938085412918, 103.32978984552145], "predictionX": [0.0015293806791305542, 1.0051365047693253], "predictionY": [-0.0004304349422454834, 1.0007245689630508], "predictionZ": [0.0005701780319213867, 1.0022279024124146], "oculusXSynchronized": [258.8647219226837, 257.3669168041229], "oculusYSynchronized": [-2.449437975883484, -5.3683072328567505], "oculusZSynchronized": [-8.060391589355469, -5.426581546020508], "timestamp": [1590234385.2644956, 1590234387.2404585], "oculusTimeStamp": [1590234384.794243, 1590234384.8449485, 1590234384.8956344, 1590234384.9462423, 1590234384.9969847, 1590234385.047649, 1590234385.0983047, 1590234385.1490774, 1590234385.1998744, 1590234385.2504983, 1590234385.3013995, 1590234385.3519464, 1590234385.4022672, 1590234385.452981, 1590234385.5033193, 1590234385.5538642, 1590234385.604584, 1590234385.655067, 1590234385.7055094, 1590234385.7558272, 1590234385.8257318, 1590234385.8912082, 1590234385.959907, 1590234386.073159, 1590234386.142554, 1590234386.2405412, 1590234386.3002143, 1590234386.358566, 1590234386.4256983, 1590234386.4781642, 1590234386.5337844, 1590234386.6213927, 1590234386.69606, 1590234386.7751749, 1590234386.853698, 1590234386.9044423, 1590234386.9597135, 1590234387.027458, 1590234387.089013, 1590234387.1391654, 1590234387.1895785, 1590234387.2399814, 1590234387.2903452, 1590234387.340718, 1590234387.3910165, 1590234387.4418209, 1590234387.492569, 1590234387.5430727, 1590234387.5938165, 1590234387.6443245, 1590234387.6951048, 1590234387.7477162, 1590234387.7999842, 1590234387.8704908, 1590234387.9395473, 1590234388.0450017, 1590234388.1198754, 1590234388.172783, 1590234388.2269971, 1590234388.3380892, 1590234388.4086, 1590234388.4742765, 1590234388.5460744, 1590234388.6037207, 1590234388.6575007, 1590234388.7117832, 1590234388.7712092]}