{"oculusX": [262.9628690765381, 262.58509483795166, 262.6310202167511, 262.8978702114105, 263.09855905036926, 262.72167888145447, 262.4019297645569, 261.86235871772766, 261.35521259765625, 261.12171140174866, 261.09938946228027, 260.98608103256225, 260.949394373703, 261.10481348495483, 261.1627790019989, 260.8885380313873, 260.4085716293335, 260.38806763153076, 260.64558949928283, 260.80953207473755, 260.78166690330505, 260.83641376953125, 260.84297028045654, 261.11813512306213, 261.5059229419708, 261.93525519828796, 261.67952146987915, 261.6183671043396, 261.5564080760956, 261.6273376033783, 261.62143674354553, 261.6113635585785, 261.58990588645935, 261.6186651275635, 261.6089197681427, 261.60689321022033, 261.6259070919037, 261.5928861186981, 261.6404506252289, 261.6179200695038, 261.7064627693176, 261.62891712646484, 261.60462823371887, 261.6359802768707, 261.64927211265564, 261.63425174217224, 261.6210195110321, 261.60298910598755, 261.63377490501404, 261.64709654312134, 261.62385073165893, 261.6699251220703, 261.6098436401367, 261.6151782558441, 261.5778955505371, 261.6526993797302, 261.67511072616577, 261.6980287120819, 261.60683360557556, 261.6220625923157, 261.615476279068, 261.6391989276886, 261.6398843811035, 261.65019598464966, 261.628082661438, 261.6876277015686, 261.6523119495392, 261.65040460090637, 261.61872473220825, 261.60927739601135, 261.66596141319275, 261.69013109664917, 261.67147484283447, 261.66688528518677, 261.60009828071594, 261.61094632606506, 261.6223010108948, 261.6609546230316, 261.6394969509125, 261.66986551742554, 261.68217387657165, 261.6094562099457, 261.6112741516113, 261.63320866088867, 261.6764816329956, 261.6564544723511, 261.61851611595154, 261.61169138412475, 261.64250698547363, 261.63180795173645, 261.62069168548584, 262.1855947063446, 262.17263069610595, 262.31970515708923, 262.0555075691223, 262.1156486557007, 262.0816740081787, 262.05640163879394, 262.0884689376831, 262.10843649368286, 262.0828959033966, 262.0681139514923, 262.1486100242615, 262.0894226119995, 262.0957705066681, 262.1334704444885, 262.0921644256592, 262.07434263687134, 262.0446297214508, 262.08733644943237, 262.17945542793274, 260.07898774604797, 251.15962949256897, 226.8288048789978, 212.0142194316864, 197.88544502716064, 182.2859856174469, 159.83142581443786, 141.32427301864624, 113.75116434555054, 94.37542286376953, 84.2477592514038, 74.23525181274414, 68.07487335662842, 63.08420625190735, 55.71105208854675], "oculusY": [11.72231137752533, 13.223759829998016, 14.874130487442017, 15.297219157218933, 15.314161777496338, 14.740943908691406, 14.298677444458008, 13.081595301628113, 12.379251420497894, 12.215837836265564, 12.191452085971832, 12.921176850795746, 13.16642016172409, 13.877391815185547, 14.119759202003479, 14.137238264083862, 14.168165624141693, 14.341264963150024, 14.347150921821594, 14.268264174461365, 14.27595317363739, 14.215663075447083, 14.14857804775238, 14.224544167518616, 13.878747820854187, 13.746820390224457, 13.68691772222519, 13.650983572006226, 13.630963861942291, 13.62530142068863, 13.671286404132843, 13.778917491436005, 13.734646141529083, 13.703487813472748, 13.68548721075058, 13.658322393894196, 13.656452298164368, 13.73889297246933, 13.788215816020966, 13.765037059783936, 13.661026954650879, 13.69708776473999, 13.691902160644531, 13.69592547416687, 13.670064508914948, 13.718731701374054, 13.707362115383148, 13.68093490600586, 13.733766973018646, 13.72578740119934, 13.706140220165253, 13.730078935623169, 13.653397560119629, 13.685613870620728, 13.712696731090546, 13.736076653003693, 13.70498538017273, 13.682536780834198, 13.730429112911224, 13.708502054214478, 13.739988207817078, 13.735190033912659, 13.747543096542358, 13.747408986091614, 13.71312141418457, 13.741917908191681, 13.707786798477173, 13.72268795967102, 13.687506318092346, 13.723202049732208, 13.688988983631134, 13.753347098827362, 13.78224790096283, 13.75453919172287, 13.760663568973541, 13.615548610687256, 13.715028762817383, 13.730399310588837, 13.723105192184448, 13.782501220703125, 13.813219964504242, 13.694114983081818, 13.751044869422913, 13.661690056324005, 13.74642550945282, 13.737969100475311, 13.769902288913727, 13.800591230392456, 13.726957142353058, 13.793736696243286, 13.722360134124756, 12.656733393669128, 10.53350418806076, 10.829299688339233, 10.227799415588379, 10.130055248737335, 10.118454694747925, 10.180056095123291, 10.17724722623825, 10.205775499343872, 10.128013789653778, 10.205909609794617, 10.206624865531921, 10.125339031219482, 10.167241096496582, 10.18630713224411, 10.17366349697113, 10.123677551746368, 10.205104947090149, 10.2386474609375, 10.013394057750702, 7.967732846736908, 13.570643961429596, 28.11535820364952, 47.39514738321304, 67.5459848716855, 73.87633109465241, 76.06255123391747, 66.39796774834394, 48.65029454231262, 32.359134405851364, 23.04326370358467, 9.3236044049263, -0.807441771030426, -7.095769047737122, -15.223875641822815], "oculusZ": [-13.36758916015625, -12.63683621520996, -12.770350619506836, -13.25612847442627, -13.670023127746582, -13.235386058044433, -12.67021481628418, -12.042697116088867, -11.468346759033203, -11.174734278869629, -10.828073664855957, -10.634239360046386, -10.775740786743164, -11.19631116027832, -11.331375285339355, -11.25889603729248, -10.942156954956054, -10.881598635864258, -11.155541583251953, -11.145528002929687, -11.137064143371582, -11.102135821533203, -11.013444110107422, -11.007602854919433, -11.295970126342773, -11.567886515808105, -11.491592570495605, -11.450942202758789, -11.452372714233398, -11.470492526245117, -11.540110751342773, -11.474188014221191, -11.481340571594238, -11.500890895080566, -11.433895274353027, -11.465366526794433, -11.528189822387695, -11.480863734436035, -11.458452388000488, -11.46333996887207, -11.520083590698242, -11.512692614746094, -11.439855738830566, -11.462267085266113, -11.500771685791015, -11.502679034423828, -11.445816203308105, -11.479314013671875, -11.47692982788086, -11.509950801086426, -11.492546244812011, -11.532600566101074, -11.510427638244629, -11.43735234375, -11.43878285522461, -11.468704386901855, -11.508877917480469, -11.558826609802246, -11.47096936340332, -11.476810618591308, -11.40826527709961, -11.507805033874511, -11.494811221313476, -11.450465365600586, -11.492069407653808, -11.514123126220703, -11.469658061218261, -11.45869080657959, -11.485632106018066, -11.475976153564453, -11.47239987487793, -11.52580563659668, -11.533077403259277, -11.517103358459472, -11.45869080657959, -11.412199183654785, -11.48610894317627, -11.463816806030273, -11.453922434997558, -11.526640101623535, -11.464532061767578, -11.465247317504883, -11.487062617492676, -11.44820038909912, -11.50911633605957, -11.511500521850586, -11.528905078125, -11.474307223510742, -11.471684619140625, -11.44498173828125, -11.503990336608886, -10.691579028320312, -8.969720050048828, -8.821066065979004, -8.761342211914062, -8.767898722839355, -8.768017932128906, -8.756097003173828, -8.835013552856445, -8.772786303710937, -8.791025325012207, -8.78697220916748, -8.82345025177002, -8.791859790039062, -8.836682482910156, -8.818205043029785, -8.758838816833496, -8.735235377502441, -8.782799884033203, -8.82511918182373, -8.74882523651123, -7.356460734558105, -2.378996058654785, -1.7983276092529294, -26.829417391967773, -72.80784432525635, -111.55694310302735, -176.44673173065186, -225.0078279220581, -278.3883172714233, -310.4709941589355, -325.5963880264282, -339.13200680847166, -347.180064364624, -353.4473735534668, -360.43357436294554], "dobotX": [259.11981201171875, 263.11456298828125, 261.6113586425781, 261.6068420410156, 261.656494140625], "dobotY": [0.0, 11.704855918884277, 13.77891731262207, 13.730428695678711, 13.737972259521484], "dobotZ": [-8.568687438964844, -13.778129577636719, -11.474189758300781, -11.470954895019531, -11.511505126953125], "diffX": [1.8662690208435038, -1.4785827114105246, 0.05460277061462193, 0.4495595977783182, -205.94544205207825],