{"oculusX": [259.56150022010803, 258.6498769805908, 257.83597555618286, 257.527968554306, 257.1240278766632, 256.93934288482666, 256.926915316391, 256.5492602870941, 256.1501773880005, 255.8844300792694, 255.48278418045044, 255.40422525863647, 255.29258575897217, 255.18023100357055, 255.5421802089691, 255.5463525341034, 255.18604245643616, 254.99614205818176, 254.83538833122253, 254.7487231777191, 254.7274443195343, 254.85744204978943, 254.94404759864807, 255.0600084350586, 255.11100020866394, 255.01992431144714, 255.05231943588257, 254.88831725578308, 254.76177659492492, 254.76702180366516, 254.2350503490448, 254.10055246810913, 254.08624735336304, 253.5016747997284, 253.4052642868042, 253.363123802948, 253.39393940429687, 253.46549478034973, 253.46659746627807, 253.4936281726837, 253.43035784225464, 253.49645939331054, 253.4020754383087, 253.3960851715088, 253.46430268745422, 253.1836244152069, 253.27562418441772, 253.1807335899353, 253.21521487693786, 253.13549366455078, 253.1998964832306, 253.43000021438598, 253.54706373672485, 253.66090860824585, 253.6459776447296, 253.5903069065094, 253.65819659690857, 253.41411557655334, 253.36005416374206, 253.467282919693, 253.52301326255798, 253.48754849891662, 253.5602661655426, 253.5983237312317, 253.6515506790161, 253.59796610336304, 253.530702261734, 253.4331294582367, 253.42263904075622, 253.41408577423095, 253.34819283943176, 253.42240062217712, 253.54008999328613], "oculusY": [5.963608622550964, 7.228270173072815, 8.660271763801575, 9.105667471885681, 9.254544973373413, 8.806750178337097, 8.01181048154831, 7.312946021556854, 6.724946200847626, 6.457366049289703, 6.316967308521271, 6.42770528793335, 6.274335086345673, 6.201043725013733, 5.788989365100861, 5.605414509773254, 5.564339458942413, 5.484767258167267, 5.79795241355896, 5.7869553565979, 5.685478448867798, 5.539201200008392, 5.46322762966156, 5.243964493274689, 5.136266350746155, 5.098395049571991, 5.029961466789246, 5.072496831417084, 4.895485937595367, 5.062855780124664, 5.23173063993454, 5.223087966442108, 5.246564745903015, 5.338050425052643, 5.360201001167297, 5.474187433719635, 5.730055272579193, 5.670130252838135, 5.597755312919617, 5.5771395564079285, 5.510561168193817, 5.563095211982727, 5.467355251312256, 5.529917776584625, 5.647696554660797, 5.072683095932007, 4.914715886116028, 4.81744110584259, 4.797615110874176, 4.787176847457886, 4.453033208847046, 4.380837082862854, 4.268340766429901, 4.283405840396881, 4.215948283672333, 4.188239574432373, 4.24058735370636, 4.2344555258750916, 3.9699599146842957, 3.7880390882492065, 3.853529691696167, 3.9014145731925964, 3.7675127387046814, 3.4947767853736877, 3.3269375562667847, 3.179997205734253, 3.2436177134513855, 3.2890960574150085, 3.2078921794891357, 3.3068880438804626, 3.37953120470047, 3.500722348690033, 3.802075982093811], "oculusZ": [-15.485401793670654, -14.803167029571533, -14.096613570404052, -13.948615237426758, -13.829465552520752, -13.361211463165283, -13.364668532562256, -12.608941241455078, -11.83110062713623, -11.172588511657715, -10.62398736114502, -10.44773642654419, -10.345097228240967, -9.934182807159424, -9.998317404937744, -9.936924620819092, -9.379442378234863, -9.087916060638427, -8.925374194335937, -8.852954550933838, -8.74495093460083, -8.702989264678955, -8.71300284500122, -8.723135634613037, -8.714254542541504, -8.55964009399414, -8.518572493743896, -8.069093867492676, -7.790203734588623, -7.707472487640381, -6.85673539276123, -6.680246039581299, -6.764527007293701, -6.073470755767822, -6.054516478729248, -5.918021842193603, -5.926426097106933, -6.005700274658203, -6.072993918609619, -6.106610938262939, -6.0552317344665525, -6.201441928100586, -6.136651679229736, -6.177898093414306, -6.201799555969238, -6.679411574554443, -6.866212531280517, -6.909127875518799, -6.952520056915283, -6.922777339172363, -6.876047297668457, -7.161970778656006, -7.226284190368652, -7.327671691131592, -7.330890341949463, -7.448251887512207, -7.584567710113525, -7.489021464538574, -7.487769766998291, -7.620092078399658, -7.712419673156738, -7.601912661743164, -7.560725852203369, -7.532234832000732, -7.4056345664978025, -7.285769625854492, -7.135327502441406, -6.962652846527099, -7.110353156280517, -7.116313620758056, -7.085855647277832, -7.144506617736816, -7.278855487060547], "dobotX": [259.11981201171875, 259.6646423339844, 253.5016632080078], "dobotY": [0.0, 5.5357513427734375, 5.338050365447998], "dobotZ": [-8.568687438964844, -15.581527709960938, -6.073463439941406], "diffX": [-3.7155867530822775, -6.2003396465301535, 0.03842678527831822], "diffY": [6.42770528793335, 0.11194521188735962, -1.535974383354187], "diffZ": [-1.8790489875793455, 9.3797281539917, -1.2053920471191404], "predictionX": [255.40422525863647, 253.46430268745422, 253.54008999328613], "predictionY": [6.42770528793335, 5.647696554660797, 3.802075982093811], "predictionZ": [-10.44773642654419, -6.201799555969238, -7.278855487060547], "oculusXSynchronized": [255.40422525863647, 253.46430268745422, 253.54008999328613], "oculusYSynchronized": [6.42770528793335, 5.647696554660797, 3.802075982093811], "oculusZSynchronized": [-10.44773642654419, -6.201799555969238, -7.278855487060547], "timestamp": [1589637880.2122846, 1589637882.1077456, 1589637883.6948147], "oculusTimeStamp": [1589637879.914919, 1589637879.9662194, 1589637880.016619, 1589637880.0672657, 1589637880.118176, 1589637880.168642, 1589637880.219558, 1589637880.2705839, 1589637880.3211403, 1589637880.3717027, 1589637880.4222224, 1589637880.473094, 1589637880.5290833, 1589637880.5898461, 1589637880.6485174, 1589637880.7118561, 1589637880.778304, 1589637880.8546145, 1589637880.931526, 1589637880.9924784, 1589637881.0530524, 1589637881.1233573, 1589637881.174192, 1589637881.227003, 1589637881.2792244, 1589637881.3372793, 1589637881.3976545, 1589637881.4521396, 1589637881.519594, 1589637881.5862117, 1589637881.6372218, 1589637881.694459, 1589637881.7471733, 1589637881.8042858, 1589637881.8551838, 1589637881.9061446, 1589637881.957241, 1589637882.0083065, 1589637882.059041, 1589637882.1094754, 1589637882.1603894, 1589637882.2111442, 1589637882.2614565, 1589637882.3122747, 1589637882.3630056, 1589637882.4269893, 1589637882.5049164, 1589637882.568434, 1589637882.631791, 1589637882.688127, 1589637882.7719746, 1589637882.8284085, 1589637882.8882923, 1589637882.9579363, 1589637883.021586, 1589637883.0878146, 1589637883.1640775, 1589637883.218732, 1589637883.2740405, 1589637883.3269978, 1589637883.3848398, 1589637883.435165, 1589637883.4864132, 1589637883.5374622, 1589637883.5879254, 1589637883.6384027, 1589637883.6892462, 1589637883.739706, 1589637883.7902317, 1589637883.8409743, 1589637883.8926437, 1589637883.9433045, 1589637883.993661]}