{"oculusX": [260.3920760438919, 260.14832284908294, 260.5468395040512, 260.08797314624786, 259.7922148988724, 259.9909665868759, 260.35971072177887, 260.8229878232956, 260.9004142568588, 260.7054474637985, 260.33428934078216, 259.98291995983124, 259.77269437770843, 259.64618351917267, 259.4949963376999, 259.43452742557525, 259.44686558704376, 259.478783874321], "oculusY": [1.6922205686569214, 1.6979575157165527, 1.508176326751709, 0.7860660552978516, 1.1262893676757812, 2.1221935749053955, 2.1111369132995605, 2.2088736295700073, 2.0482242107391357, 2.007797360420227, 1.9586831331253052, 1.5371739864349365, 1.2586861848831177, 1.1884421110153198, 1.3006478548049927, 1.6783922910690308, 2.185136079788208, 2.510249614715576], "oculusZ": [-9.791310473632812, -9.801085635375976, -9.835060282897949, -9.266670390319824, -9.000237628173828, -9.353693171691894, -9.680445834350586, -9.94211022491455, -9.84435860748291, -9.616549655151367, -8.978183909606933, -8.385356112670898, -7.998641177368164, -7.808263941955566, -7.7312547409057615, -7.672484561157226, -7.805045291137695, -7.854040309143066], "dobotX": [259.11981201171875], "dobotY": [0.0], "dobotZ": [-8.568687438964844], "diffX": [0.3589718626022318], "diffY": [2.510249614715576], "diffZ": [0.7146471298217776], "diffXYZ": [2.634565324011215], "predictionX": [-0.0021221935749053955], "predictionY": [-0.0008711665868759155], "predictionZ": [-0.0007849931716918945], "oculusXSynchronized": [259.478783874321], "oculusYSynchronized": [2.510249614715576], "oculusZSynchronized": [-7.854040309143066], "timestamp": [1590011316.2289906], "oculusTimeStamp": [1590011315.8338323, 1590011315.884665, 1590011315.9350677, 1590011315.9858332, 1590011316.0362077, 1590011316.086568, 1590011316.1370232, 1590011316.1879506, 1590011316.2383757, 1590011316.289123, 1590011316.339677, 1590011316.3904793, 1590011316.4410694, 1590011316.491898, 1590011316.5425663, 1590011316.5932257, 1590011316.643854, 1590011316.6945806]}