{"oculusX": [259.5027002380371, 259.9438044116974, 260.5085286186218, 260.84851351242065, 260.9636398838043, 260.772130160141, 260.631612210083, 260.66466298561096, 261.0548051879883, 261.49036612968445, 261.80039968948364, 262.15784874420166, 262.2825416610718, 262.15153065185547, 262.13311281661987, 262.31213536720276, 262.9124733493805, 263.07221379737854, 262.61298981170654, 262.51175132255554, 262.43492093544006, 262.10530724983215, 261.88465085487366, 261.9295629547119, 261.9745942638397, 262.02031102638244, 262.1311458633423, 261.91761222343445, 261.6365465209961, 261.54004660110473, 261.5599843547821, 261.5297051952362, 261.6014393852234, 261.7719384716034, 261.72407594184875, 261.772445111084, 261.7973896549225, 261.802962689209], "oculusY": [0.7962584495544434, 1.6953349113464355, 2.3155808448791504, 3.2883286476135254, 3.271132707595825, 3.0811429023742676, 2.608388662338257, 3.0516088008880615, 3.737509250640869, 4.3732523918151855, 4.399329423904419, 4.489630460739136, 4.669100046157837, 4.451513290405273, 4.107564687728882, 3.8971006870269775, 3.7484169006347656, 5.134016275405884, 4.299908876419067, 3.377765417098999, 2.981245517730713, 2.4171769618988037, 2.4258792400360107, 2.7513206005096436, 3.140866756439209, 3.1863749027252197, 3.2257139682769775, 3.0597448348999023, 3.1995177268981934, 3.357797861099243, 3.369539976119995, 3.4037232398986816, 3.2691359519958496, 3.4036636352539062, 3.493189811706543, 3.447890281677246, 3.382056951522827, 3.5143494606018066], "oculusZ": [-9.25379578704834, -9.698684855651855, -10.160978480529785, -10.158951922607422, -10.434563800048828, -10.344203158569336, -10.230000659179687, -10.004933520507812, -10.226901217651367, -10.51562611694336, -10.855730220031738, -11.132772608947754, -11.355693980407715, -11.352475329589844, -11.531646891784668, -11.64787594909668, -12.031968280029297, -12.455518885803222, -12.0934802734375, -11.912758990478515, -11.97307889099121, -11.69818226928711, -11.54428307647705, -11.5976888381958, -11.521037265014648, -11.575754328918457, -11.485632106018066, -11.356290026855469, -11.113699122619629, -10.987456484985351, -10.895188494873047, -10.845835848999023, -10.95228974456787, -11.029775782775879, -10.984476252746582, -11.109884425354004, -11.173065348815918, -11.258180781555176], "dobotX": [259.11981201171875], "dobotY": [2.3283064365386963e-10], "dobotZ": [-8.568687438964844], "diffX": [2.6831506774902323], "diffY": [3.514349460368976], "diffZ": [-2.689493342590332], "diffXYZ": [5.175260778699921], "predictionX": [1.9968136250972748], "predictionY": [1.9970994889736176], "predictionZ": [1.9969929456710815], "oculusXSynchronized": [261.802962689209], "oculusYSynchronized": [3.5143494606018066], "oculusZSynchronized": [-11.258180781555176], "timestamp": [1590245375.8955073], "oculusTimeStamp": [1590245374.2466998, 1590245374.3125248, 1590245374.3783214, 1590245374.4441776, 1590245374.5046926, 1590245374.5702283, 1590245374.6361227, 1590245374.7016509, 1590245374.7674124, 1590245374.8277888, 1590245374.8883736, 1590245374.954139, 1590245375.0197346, 1590245375.0854945, 1590245375.1512518, 1590245375.217024, 1590245375.2777777, 1590245375.3436172, 1590245375.4094982, 1590245375.459643, 1590245375.510335, 1590245375.5610437, 1590245375.6117535, 1590245375.662532, 1590245375.7133358, 1590245375.763974, 1590245375.8143678, 1590245375.8647296, 1590245375.9152207, 1590245375.9658217, 1590245376.0162456, 1590245376.066733, 1590245376.1173568, 1590245376.1679003, 1590245376.2183998, 1590245376.2689881, 1590245376.3193076, 1590245376.3695986]}