{"oculusX": [257.8487309501648, 258.3215149925232, 258.266231684494, 258.2844707057953, 258.15253582458496, 257.87859287719726, 257.38238420944214, 256.46244612197876, 255.0645681903839, 253.69208183746338, 252.8770181224823, 251.74596038322449, 250.20231929283142, 249.04083338241577, 247.92259064178467, 246.80345383148193, 246.04605761032104, 244.118681816864, 244.08229318122864, 245.2301892326355, 246.05455127220154, 246.66120734672546, 246.9401272819519, 246.83006730537414, 246.23235192756653, 245.807370810318, 245.50201621513366, 245.1279374645233, 245.01093354682922, 245.01090374450683, 244.9177714870453, 244.75490179519653, 245.11697020988464, 245.48005190353393, 246.05842557411194, 246.81501713256836, 247.19437089424133, 247.7563234851837, 248.19894757728576, 248.85492649536133, 249.6121439025879, 250.40598836402893, 251.06110301475525, 251.35513272743225, 251.1949452445984, 251.1779877231598, 251.32387009124756, 251.50822725753784, 251.55704346160888, 251.61810842018127, 251.41175713996887, 251.31448235969543, 251.23109546165466, 251.12875428657532, 251.03222456436157, 250.99079933624267, 251.24563899497986, 251.65783491592407, 251.77296128730774, 251.95195403556824, 252.1930548236847, 252.44384136657715, 252.95471277694702, 253.41268506507873, 253.70740023117065, 254.11220517616272, 254.59825125198364, 255.08149590950012, 256.1012717769623, 257.15105858306885, 258.63434997062683, 259.6780571029663, 260.0178333805084, 259.990743069458, 259.1098758266449, 258.8943156288147, 258.9783283756256, 258.95740714530945, 258.6704703853607, 258.4052595184326, 258.3771857307434, 258.4307703063965, 258.3495291755676, 257.5629564807892, 256.9293293045044, 256.2095436141968, 255.34003105621338, 254.7823998020172, 254.54341497879028, 254.1899892375946, 253.8852902935028, 253.58044233779907, 253.1177910850525, 252.5972935245514, 252.31321778755188, 251.8963429019928, 251.63059559326172, 251.4136048839569, 251.37369957427978, 251.47058692436218, 251.5122207687378, 251.68939557533264, 251.95988145332336, 251.77197781066894, 251.67839851837158, 251.43381085853576, 251.31522741775512, 250.65051641921997, 249.76121511917114, 248.49551048736572, 247.8963645980835, 247.0268520401001, 245.9473225162506, 237.13376250724792, 224.76648416976929, 215.59464064102173, 199.31217160682678, 183.0881449268341, 161.9067701385498, 141.38211932640075, 125.56140747528076, 112.47186985473633, 107.52811160545349, 102.41048660736084, 100.69735970954895, 98.37322559814453], "oculusY": [14.899618923664093, 13.67824524641037, 11.769697070121765, 9.29117202758789, 6.920747458934784, 3.945648670196533, 0.3742128610610962, -2.122648060321808, -5.188420414924622, -7.9882219433784485, -10.018564760684967, -12.449339032173157, -14.611177146434784, -15.966899693012238, -17.144620418548584, -18.71711015701294, -20.31676471233368, -23.25855940580368, -23.797109723091125, -22.570982575416565, -21.033398807048798, -19.71728354692459, -18.794409930706024, -18.12759041786194, -17.535902559757233, -16.860991716384888, -16.39469712972641, -16.10492169857025, -15.654362738132477, -15.09229838848114, -14.010071754455566, -12.927711009979248, -12.81045377254486, -13.295851647853851, -13.617739081382751, -13.482734560966492, -13.04684579372406, -12.176357209682465, -10.668732225894928, -9.277582168579102, -7.919296622276306, -7.054127752780914, -6.6478922963142395, -6.0415491461753845, -4.840321838855743, -3.397896885871887, -1.6849786043167114, -0.7224380970001221, -0.02232193946838379, 0.6731823086738586, 1.4594048261642456, 2.5196373462677, 3.255516290664673, 3.956034779548645, 4.55649197101593, 5.631789565086365, 5.952805280685425, 7.416591048240662, 8.724041283130646, 10.22665947675705, 11.720843613147736, 12.63263076543808, 12.975908815860748, 13.343743979930878, 13.277105987071991, 13.232983648777008, 13.876073062419891, 14.557726681232452, 16.30432903766632, 17.677083611488342, 18.902741372585297, 19.88796889781952, 20.31579613685608, 19.9228897690773, 18.336303532123566, 17.10701733827591, 16.31346344947815, 16.024522483348846, 15.479318797588348, 14.694549143314362, 13.315357267856598, 11.678218841552734, 9.832598268985748, 5.9660449624061584, 3.7710145115852356, 1.3292953372001648, -1.31148099899292, -3.02867591381073, -4.193335771560669, -5.6886225938797, -7.197827100753784, -7.953576743602753, -9.26537811756134, -10.287724435329437, -11.063359677791595, -12.301355600357056, -12.927442789077759, -13.601802289485931, -14.005586504936218, -14.128811657428741, -14.077343046665192, -14.213815331459045, -14.173850417137146, -13.857036828994751, -13.006381690502167, -12.349985539913177, -11.121951043605804, -8.079484105110168, -3.9739683270454407, 2.18132883310318, 7.433660328388214, 12.469939887523651, 19.02434229850769, 31.432174146175385, 57.2618767619133, 76.50173921138048, 96.06143366545439, 105.28006963431835, 98.25040586292744, 80.42102726176381, 62.62465752661228, 42.493145912885666, 31.23517706990242, 24.516597390174866, 17.50677078962326, 12.059971690177917], "oculusZ": [-11.766727610778808, -11.745150729370117, -11.06816117401123, -10.431345149230957, -9.705241366577148, -8.645589991760254, -7.378872080993652, -6.073411151123047, -4.1857320510864255, -2.466614886474609, -1.3115960800170896, 0.14716799621582055, 1.8507879531860354, 2.9296320236206057, 3.9078634536743166, 4.953448132324219, 5.905095890808106, 7.815663174438477, 8.12286551361084, 7.469598606872559, 6.700341061401367, 5.958382443237305, 5.50288374786377, 5.158249691772461, 5.3597133911132815, 5.247537449645996, 5.2480142868041995, 5.221788243103028, 5.118672207641602, 5.176727131652832, 5.167786434936524, 5.126897648620606, 4.901234463500977, 4.618470028686524, 4.14950068359375, 3.3275526321411135, 2.875630215454102, 2.1848123825073245, 1.4268797195434573, 0.7602613723754885, -0.0006515228271481988, -0.8636075698852537, -1.420910998535156, -1.8740255081176755, -2.02577893371582, -2.4985629760742185, -3.112490817260742, -3.4217197143554685, -3.564890071105957, -3.877099200439453, -4.076417132568359, -4.256184741210937, -4.400666400146484, -4.501994296264648, -4.566009684753418, -4.996951266479492, -5.303199931335449, -6.075080081176758, -6.645496531677246, -7.379944964599609, -8.014257594299316, -8.580024882507324, -9.048159762573242, -9.657200022888183, -9.854491397094726, -10.096486254882812, -10.831769152832031, -11.557157679748535, -13.079460307312011, -14.2679769241333, -15.6565267288208, -16.630824252319336, -17.04829518432617, -17.058070346069336, -16.32183377380371, -15.652354403686523, -15.360768481445312, -15.205915614318847, -14.817531748962402, -14.450724765014648, -13.905342265319824, -13.388212367248535, -12.609418078613281, -10.767157717895508, -9.633238955688476, -8.334811373901367, -6.982858821105957, -6.127770587158203, -5.609925433349609, -4.90361039276123, -4.2244750701904294, -3.7329751693725584, -3.1258422576904294, -2.462323352050781, -1.9701081954956052, -1.3714391433715818, -1.0709125244140623, -0.715192004394531, -0.4989463531494138, -0.379498645019531, -0.3043967926025388, -0.5127746307373044, -0.616009875488281, -0.6260234558105466, -0.5044299804687498, -0.5161124908447263, -0.5474645339965818, -0.863965197753906, -1.174028559875488, -2.0795423233032224, -3.2810527526855466, -4.1339952194213865, -5.428608103942871, -8.664544268798828, -26.159938021850586, -54.9779493057251, -105.26579205627442, -161.47881333465577, -228.00927941436768, -286.3125163757324, -322.1626836502075, -352.3572046005249, -369.3486410820007, -379.187162562561, -389.07140080566404, -399.3381816589355], "dobotX": [259.11981201171875, 257.38958740234375, 245.11695861816406, 252.1930389404297, 255.34005737304688], "dobotY": [0.0, 15.994029998779297, -12.810453414916992, 11.720841407775879, -1.3114806413650513], "dobotZ": [-8.568687438964844, -11.811676025390625, 4.9012298583984375, -8.014244079589844, -6.9828643798828125],