{"oculusX": [259.0839180038452, 259.158543019104, 259.29473963241577, 259.227803616333, 258.9957925365448, 258.9192601726532, 258.6898418949127, 258.68155684928894, 258.33054509620666, 257.6406511352539, 257.4437769935608, 258.01863399009704, 258.8851663158417, 259.0926500843048, 259.154698519516, 258.92691936950683, 259.0844544456482, 259.4313236759186, 260.3543612049103, 259.80659451942444, 259.4521554992676, 259.35094681243896, 259.45459928970337, 259.4324859664917, 259.51640930633545, 259.7591492221832, 260.3625866458893, 260.5553778694153, 260.3449138687134, 260.29290881614685, 260.4443940208435, 260.5476292655945, 260.3710505054474, 259.8594638393402, 259.5371219203949, 259.90631309013366, 260.56858029823303, 260.5149361179352, 260.12121763687134, 259.8972233818054, 259.8603877113342, 259.6269759223938, 259.15064540367126, 258.35072126846313, 257.58676853637695, 256.0014041946411, 253.5636636302948, 252.31837358932495, 252.24929180603027, 252.60942306976318, 253.1540903137207, 253.52292385559082, 253.61200299720764, 253.6387356803894, 253.80354252319336, 253.9211722896576, 254.11426153640747, 254.29402914505005, 254.4801744506836, 254.7908934638977, 255.3637239025116, 256.27597299079895, 256.7106696651459], "oculusY": [0.29634684324264526, 0.2834536135196686, 0.3623887896537781, 0.9581185877323151, 1.3679563999176025, 1.379258930683136, 1.024443656206131, 0.9587369859218597, 1.0899975895881653, 1.298520714044571, 1.0711811482906342, 1.4147721230983734, 1.5756525099277496, 1.4100819826126099, 0.8481033146381378, -1.1453591287136078, -2.2387132048606873, -6.418269127607346, -6.193853914737701, -6.403278559446335, -5.928248167037964, -4.969805479049683, -4.46522980928421, -3.836408257484436, -2.9337406158447266, -1.3726204633712769, 1.0348260402679443, 2.4728216230869293, 2.576615661382675, 2.6056207716464996, 2.795189619064331, 3.6672651767730713, 5.651913583278656, 8.892245590686798, 11.354215443134308, 13.958059251308441, 16.773659735918045, 21.428320556879044, 24.23272654414177, 27.261238545179367, 30.438577756285667, 32.69154392182827, 34.07453000545502, 34.68252159655094, 34.73168425261974, 34.806448966264725, 34.30045209825039, 31.728195026516914, 28.47025915980339, 24.706358090043068, 21.396880969405174, 17.44401454925537, 15.821639448404312, 13.771042227745056, 11.769209057092667, 10.534103959798813, 8.719619363546371, 7.146969437599182, 6.077539175748825, 5.350358784198761, 4.681047052145004, 3.7643946707248688, 2.6184730231761932], "oculusZ": [-8.735354586791992, -8.788045092773437, -9.003456278991699, -9.013231440734863, -9.407337351989746, -9.44608037109375, -9.180839701843261, -9.099419757080078, -8.968051119995117, -8.789833232116699, -8.772547885131836, -9.420331164550781, -10.162289782714844, -10.109003230285644, -9.882028742980957, -9.636457606506347, -9.370263262939453, -9.74672619934082, -9.72073857421875, -9.219940348815918, -9.097035571289062, -9.240682765197754, -9.472664042663574, -9.799416705322265, -10.488923236083984, -11.773522540283203, -13.804610415649414, -14.943416758728027, -14.793928309631347, -14.41901509399414, -14.29384533996582, -14.491732760620117, -14.726336642456054, -14.87522904510498, -15.053327723693847, -14.573748751831054, -13.84371106262207, -11.871035739135742, -10.544593974304199, -8.055265589904785, -4.961307688903808, -2.729471369934082, -0.48344914550781226, 1.6011637008666995, 3.6653917587280276, 5.978409603881836, 8.937422589111328, 11.610571697998047, 13.288323239135742, 14.823381260681153, 16.03895838623047, 16.9820230758667, 17.332259968566895, 17.59535487060547, 17.701451138305664, 17.841522053527832, 17.90064986114502, 17.726008251953125, 17.239038304138184, 15.78110869293213, 14.142815426635742, 12.418691471862793, 11.086646870422364], "dobotX": [259.11981201171875, 259.43133544921875], "dobotY": [0.0, -6.418269157409668], "dobotZ": [-8.568687438964844, -9.746734619140625], "diffX": [1.2251018569946268, -2.720665784072878], "diffY": [2.576615661382675, 9.036742180585861], "diffZ": [-6.225240870666504, 20.83338148956299], "predictionX": [260.3449138687134, 256.7106696651459], "predictionY": [2.576615661382675, 2.6184730231761932], "predictionZ": [-14.793928309631347, 11.086646870422364], "timestamp": [1589637061.087418, 1589637063.0422735], "oculusTimeStamp": [1589637059.6664147, 1589637059.7348511, 1589637059.802288, 1589637059.8692002, 1589637059.9362123, 1589637060.0041466, 1589637060.0717657, 1589637060.1325223, 1589637060.2000005, 1589637060.2671437, 1589637060.3345263, 1589637060.4001684, 1589637060.4666638, 1589637060.5335987, 1589637060.5947683, 1589637060.6573884, 1589637060.7187302, 1589637060.7862406, 1589637060.8367162, 1589637060.887648, 1589637060.938664, 1589637060.989657, 1589637061.04085, 1589637061.0920472, 1589637061.1433313, 1589637061.1937106, 1589637061.2447414, 1589637061.295688, 1589637061.3460894, 1589637061.4072316, 1589637061.465025, 1589637061.519556, 1589637061.5938218, 1589637061.6478708, 1589637061.7175791, 1589637061.768771, 1589637061.8366385, 1589637061.8923502, 1589637061.9467936, 1589637062.0098643, 1589637062.0629535, 1589637062.1183283, 1589637062.174157, 1589637062.2353294, 1589637062.2958746, 1589637062.4046502, 1589637062.4675756, 1589637062.51933, 1589637062.5803328, 1589637062.643355, 1589637062.7043498, 1589637062.7557297, 1589637062.8063507, 1589637062.8567748, 1589637062.9075003, 1589637062.958788, 1589637063.0095003, 1589637063.0611181, 1589637063.1116903, 1589637063.162793, 1589637063.2132757, 1589637063.263756, 1589637063.3147352]}