{"oculusX": [259.5124157951355, 259.70505800704956, 259.882203011322, 260.00904169540405, 259.92160168151855, 259.68646135787964, 259.56725206832886, 259.08138480644226, 258.9855703399658, 258.9602383659363, 259.0002032802582, 259.13374748687744, 259.05164208869934, 259.0464266822815, 259.0292009399414, 258.81620374183655, 258.6813482330322, 258.5939678237915, 258.65008559684753, 258.77474871139526, 259.0084287212372, 258.99638858299255, 258.95013537864685, 258.63846269111633, 258.4955903575897, 258.36589065055847, 258.57420888404846, 258.9626523540497, 259.20691218833923, 259.31029644470215, 259.3397411392212, 259.20786586265564, 259.12456837158203, 258.944919972229, 258.97850718955993, 259.0314063117981, 259.26019874076843, 259.30442538719177, 259.2401417778015, 258.00963368873596, 257.3241206691742, 256.80564966659546, 256.44840922813415, 256.35512795906067, 256.28932443122864, 255.75428333740234, 253.84796288471222, 251.20855000476837, 247.21325066547394, 244.15715661506653, 243.08443692188263, 243.79590776424408, 244.99104049663543, 245.6927659795761, 245.9057035730362, 245.9519269750595, 245.86922553043365, 246.01628509025574, 246.3186594532013, 245.83988514404297, 245.0400653169632, 243.0927368686676, 243.19849040966034, 243.32927790145874, 226.5953185842514, 198.14308610420227, 167.0685919807434, 130.33363845806122], "oculusY": [1.7799735069274902, 1.838400959968567, 1.714363694190979, 1.239001750946045, 1.096084713935852, 1.3243407011032104, 1.5368610620498657, 2.042338252067566, 2.3556947708129883, 2.4101287126541138, 2.2340118885040283, 1.8828511238098145, 1.9527673721313477, 2.1242648363113403, 2.4842768907546997, 2.7803033590316772, 2.630189061164856, 2.4717599153518677, 1.9325166940689087, 1.2164115905761719, 0.5961358547210693, -0.6069391965866089, -0.7216334342956543, -0.6366521120071411, -0.2342909574508667, 0.3253817558288574, 0.4942864179611206, 0.22223591804504395, 0.1214444637298584, -0.024050474166870117, -0.08270144462585449, -0.08256733417510986, -0.26454031467437744, -0.45308470726013184, -0.610053539276123, -0.4451870918273926, -0.26459991931915283, 0.2234429121017456, 1.088470220565796, 0.7702112197875977, 0.21539628505706787, -1.5061348676681519, -2.800196409225464, -3.185778856277466, -3.6099404096603394, -5.2167922258377075, -6.266236305236816, -6.096199154853821, -4.997655749320984, -4.246324300765991, -3.379732370376587, -3.731846809387207, -4.3380409479141235, -4.24136221408844, -3.6699622869491577, -2.091631293296814, -1.0129958391189575, 0.8179843425750732, 1.8614083528518677, 2.984851598739624, 4.4401586055755615, 2.723321318626404, 5.1054805517196655, 11.424295604228973, 40.7598614692688, 80.95002174377441, 113.90808038413525, 130.64741529524326], "oculusZ": [-9.689148112487793, -10.024126216125488, -10.238702937316894, -10.286625071716308, -10.079796954345703, -10.29306237335205, -10.296638652038574, -9.936149760437011, -9.877021952819824, -9.644206210327148, -9.474929019165039, -9.45525948638916, -9.26917378540039, -9.374554797363281, -9.359534426879883, -9.19752900238037, -9.33485810394287, -9.457047625732422, -9.49328724975586, -9.333666011047363, -9.171183749389648, -8.96232907409668, -8.85408703918457, -8.526738330078125, -8.348401232910156, -8.370574160766601, -8.58538930053711, -8.844669505310058, -9.094055339050293, -8.965786143493652, -8.685286685180664, -8.395727320861816, -8.105452700805664, -7.6511460983276365, -7.565434619140625, -7.507022067260742, -8.00567452545166, -8.588011904907226, -9.093340083312988, -8.270915194702148, -6.561573191833496, -4.992898150634765, -3.693278475952148, -2.684052630615234, -1.3219672882080076, 0.817243412780762, 4.035178974914551, 6.956521824645996, 10.325018719482422, 13.016526058959961, 14.675919369506836, 15.095178440856934, 14.518920735168457, 13.378326252746582, 12.377802685546875, 12.046639279174805, 11.639062718200684, 10.45591051940918, 9.484474018859864, 9.026352719116211, 9.101692990112305, 10.216538265991211, 9.497348622131348, 8.494679287719727, 16.872708157348633, -1.385982676696777, -55.27418439025879, -115], "dobotX": [259.11981201171875, 172.1673126220703], "dobotY": [0.0, -4.6803047553112265e-06], "dobotZ": [-8.568687438964844, -5.693603515625], "diffX": [-0.4813493206024191, 73.5254533575058], "diffY": [-0.6366521120071411, -4.241357533783685], "diffZ": [0.04194910888671899, 19.071929768371582], "diffXYZ": [0.799238892887448, 76.0770655996], "predictionX": [-0.0018828511238098145, 2.0028001964092255], "predictionY": [-1.3947486877441406e-05, 2.002671390771866], "predictionZ": [-0.0008865594863891602, 2.004875421524048], "oculusXSynchronized": [258.63846269111633, 245.6927659795761], "oculusYSynchronized": [-0.6366521120071411, -4.24136221408844], "oculusZSynchronized": [-8.526738330078125, 13.378326252746582], "timestamp": [1590011841.9844303, 1590011843.7586305], "oculusTimeStamp": [1590011841.2485464, 1590011841.3141947, 1590011841.3797276, 1590011841.4401655, 1590011841.5057943, 1590011841.5714357, 1590011841.621634, 1590011841.6719801, 1590011841.7223132, 1590011841.7726905, 1590011841.8231242, 1590011841.8739564, 1590011841.9248033, 1590011841.975322, 1590011842.026089, 1590011842.0768375, 1590011842.1275036, 1590011842.1781833, 1590011842.2285755, 1590011842.278898, 1590011842.3297112, 1590011842.3801966, 1590011842.4309225, 1590011842.481411, 1590011842.535687, 1590011842.6054013, 1590011842.6660292, 1590011842.7388892, 1590011842.8131776, 1590011842.8707478, 1590011842.928178, 1590011842.9804492, 1590011843.0409784, 1590011843.0918174, 1590011843.1482708, 1590011843.2235892, 1590011843.3002107, 1590011843.3694177, 1590011843.4361014, 1590011843.4868498, 1590011843.5474975, 1590011843.6064832, 1590011843.6574006, 1590011843.7080915, 1590011843.758631, 1590011843.8091328, 1590011843.8598645, 1590011843.9105268, 1590011843.9611611, 1590011844.0116777, 1590011844.0623057, 1590011844.1128829, 1590011844.1635292, 1590011844.214293, 1590011844.26883, 1590011844.3313074, 1590011844.3861105, 1590011844.4507275, 1590011844.5104623, 1590011844.5833745, 1590011844.643939, 1590011844.7049797, 1590011844.7890546, 1590011844.88033, 1590011844.9434106, 1590011845.0019262, 1590011845.061024, 1590011845.1165016]}