{"oculusX": [263.0252751396179, 262.9580411003113, 262.85593834381103, 262.6660975502014, 262.85009708862304, 262.8585013435364, 262.91014876823425, 263.0546006248474, 263.2670613811493, 263.364663986969, 263.46357789497375, 263.50863900642395, 263.7095662639618, 263.9475676105499, 264.08772793273926, 264.24323645095825, 264.2430874393463, 264.3559488342285, 264.71456017951965, 264.9810525463104, 264.98537388305664, 265.21345105628967, 265.3034838722229, 265.2182492301941, 265.19896712760925, 265.2530881450653, 265.20769920806885, 265.0607737586975, 264.7858771369934, 264.35314741592407, 263.84555426101684, 263.77432671051025, 263.7098344848633, 263.7140962169647, 263.7287291572571, 263.79101601104736, 263.8744923160553, 263.5809096382141, 263.2699522064209, 263.0993637130737, 263.1372424648285, 263.1585213230133, 263.25427618484497, 263.37348547439575, 263.41848698120117, 263.4358915374756, 263.41267552833557, 263.47689953308105, 263.52920260887146, 263.6462661312103, 263.89398303489685, 264.12751403312683, 264.03569307785034, 263.9524253890991, 263.8102683113098, 263.6613163040161, 263.5255071208954, 263.4612533138275, 263.4667965457916, 263.35923996429443, 263.31048336486816, 263.2680448577881, 263.09593644599914, 262.83069577674866, 262.37266388397217, 261.5483316467285, 260.7043000743866, 260.11442270736694, 259.43814840774536, 258.6571487472534, 258.3992096469879, 258.0618473575592, 257.7380451248169, 257.5457605407715, 257.1499558971405, 256.7325743721008, 256.5417501018524, 255.89980807762146, 255.229077009964, 254.84075274925232, 254.34606399993896, 253.7242087409973, 253.4558984325409, 253.10724106292724, 252.86649790267944, 252.8825613544464, 252.77789559822082, 252.71727767448425, 252.8006943748474, 252.95253720741272, 252.77080264549255, 252.28609767417908, 251.61456194381714, 251.1360558555603, 250.6230386779785, 250.24842348556518, 250.18139806251526, 250.07005658607483, 249.9540957496643, 249.8918386981964, 249.7828516052246, 250.04669156532287, 250.83993998031616, 250.76334801177978, 250.44815865020752, 250.45799341659546, 250.63934054832458], "oculusY": [-11.01793348789215, -11.11990213394165, -11.322855949401855, -11.560127139091492, -11.620089411735535, -11.618942022323608, -11.434495449066162, -11.608555912971497, -11.156409978866577, -10.53762435913086, -9.444475173950195, -8.669599890708923, -7.908627390861511, -7.0528388023376465, -6.48382306098938, -6.063491106033325, -5.324959754943848, -4.715055227279663, -3.993779420852661, -3.3992379903793335, -2.9223263263702393, -2.8525590896606445, -2.79197096824646, -2.8367042541503906, -2.7380138635635376, -3.0720382928848267, -3.984302282333374, -5.0925761461257935, -6.015151739120483, -7.2584450244903564, -8.098557591438293, -8.853942155838013, -9.472653269767761, -9.608298540115356, -9.722679853439331, -9.936511516571045, -9.930729866027832, -9.790539741516113, -9.906232357025146, -9.775221347808838, -9.343624114990234, -8.501395583152771, -7.677003741264343, -6.4627379179000854, -5.518272519111633, -5.17486035823822, -4.916667938232422, -5.068272352218628, -5.187302827835083, -5.48940896987915, -5.395606160163879, -5.170583724975586, -5.009368062019348, -5.034744739532471, -4.9946606159210205, -4.8812925815582275, -4.837304353713989, -4.735782742500305, -4.9228668212890625, -4.814863204956055, -4.842311143875122, -4.885658621788025, -4.558175802230835, -4.520714282989502, -4.530981183052063, -4.3906718492507935, -4.272699356079102, -4.145920276641846, -3.6018937826156616, -2.8869062662124634, -2.6263445615768433, -2.334192395210266, -1.83810293674469, -1.771688461303711, -1.7976164817810059, -1.7085373401641846, -1.6974657773971558, -1.5262067317962646, -1.5168935060501099, -1.656949520111084, -1.9012093544006348, -1.735985279083252, -1.7193853855133057, -1.7210841178894043, -1.6535520553588867, -1.5976577997207642, -1.7383843660354614, -1.8435865640640259, -2.2786855697631836, -2.658560872077942, -3.039032220840454, -3.429025411605835, -4.062563180923462, -4.049956798553467, -3.5335421562194824, -2.399548888206482, -1.9328445196151733, -1.7404705286026, -1.8277168273925781, -1.8611550331115723, -1.9841194152832031, -1.9807815551757812, -2.1419376134872437, -3.124922513961792, -2.7956217527389526, -2.879589796066284, -3.0524134635925293], "oculusZ": [-12.8489095413208, -12.829716845703125, -12.694175883483886, -12.651618167114258, -12.560184642028808, -12.44002167816162, -12.41558377380371, -12.445386096191406, -12.597497149658203, -12.722666903686523, -13.069565936279297, -13.291056796264648, -13.629015132141113, -14.065917178344726, -14.294918223571777, -14.550502940368652, -14.679010554504394, -14.877017184448242, -15.298183604431152, -15.580351992797851, -15.63804928894043, -15.723164721679687, -15.701826258850097, -15.61063115234375, -15.469248934936523, -15.29341523284912, -15.054400607299804, -14.755900546264648, -14.445241137695312, -13.906415148925781, -13.550337001037597, -13.529833003234863, -13.412054225158691, -13.280804797363281, -13.313468142700195, -13.381059809875488, -13.41801468963623, -13.356383486938476, -13.248141452026367, -13.174470111083984, -13.23633973236084, -13.447817012023926, -13.749535723876953, -14.015491648864746, -14.433558627319336, -14.590199633789062, -14.635141535949707, -14.71346203918457, -14.688547297668457, -14.684732600402832, -14.786060496520996, -14.889772578430176, -14.760549708557129, -14.685805484008789, -14.55944363708496, -14.524515315246582, -14.487202807617187, -14.513786479187011, -14.609869166564941, -14.543469592285156, -14.456208392333984, -14.425452395629883, -14.3212634765625, -14.036591693115234, -13.80103413696289, -13.43315426940918, -12.972052737426758, -12.673910304260254, -12.364442988586426, -11.999185725402832, -11.884864016723633, -11.914427920532226, -11.747654124450683, -11.654670878601074, -11.440690203857422, -11.048849269104004, -10.889347239685058, -10.526950999450683, -10.19697968597412, -9.89180390472412, -9.552653475952148, -9.243662997436523, -9.136732264709472, -8.916433497619629, -8.827980204772949, -8.857901736450195, -8.905108615112304, -8.970912142944336, -9.029801531982422, -8.933122798156738, -8.734043284606933, -8.255656405639648, -7.66998116607666, -7.3307115280151365, -7.049377604675293, -6.917889758300781, -6.913955851745605, -6.803806468200683, -6.846364184570312, -6.6603976928710935, -6.506975337219238, -6.759341403198242, -7.073577090454101, -6.733592196655273, -6.6233236038208005, -6.820972605895996, -6.780083819580078], "dobotX": [251.08749389648438, 259.03594970703125, 255.679931640625, 257.5163879394531, 262.8448486328125, 264.2459716796875, 263.55926513671875, 262.1581115722656, 258.63397216796875], "dobotY": [12.703852653503418, 0.13268186151981354, 9.604583740234375, 4.148801803588867, -11.484652519226074, -6.839305400848389, -5.745296001434326, -4.4062724113464355, -3.131525754928589], "dobotZ": [-2.5969009399414062, -8.506317138671875, -4.841026306152344, -6.8340606689453125, -12.615135192871094, -14.122764587402344, -14.362510681152344, -13.795387268066406, -11.927574157714844], "diffX": [12.376083998489378, 6.267534165191648, 8.048797516632078, 5.896287588882444, 0.6219479129791239, -5.846762032699587, -10.103366704177859, -11.535072894287111, -7.994631619644167], "diffY": [-22.148327827453613, -2.9246528297662735, -19.327263593673706, -9.065469741821289, 6.561785697937012, 4.212960839271545, 4.0259106159210205, 0.8727302551269531, 0.07911229133605957], "diffZ": [-10.47266499633789, -7.195509120178222, -8.472441836547851, -7.801080867004394, -1.9947339736938474, 2.237900570678711, 5.225778416442871, 6.7460096633911135, 5.147490338134766], "predictionX": [255.2021953151703, 262.84614139795303, 264.36841905117035, 264.4480679035187, 263.32031543552876, 263.6769936680794, 260.14347553253174, 254.83301639556885, 251.90151751041412],