{"oculusX": [224.27659359436035, 224.22652569274902, 223.88299432258606, 223.69528439502716, 223.60717382888794, 223.5561522529602, 223.73988357048034, 223.8346698568344, 223.8407197282791, 223.65700331192016, 223.55329123001098, 223.65175810317993, 223.72455027561188, 223.58832385997772, 223.31937280158996, 223.29550114135742, 223.6201229379654, 223.71933486919403, 223.81058958034515, 223.79649308185577, 223.61845400791168, 223.4713795469284, 223.23287156085968, 223.32029667358398, 223.3694407032013, 223.47486641864776, 223.4021338508606, 223.43175735931396, 223.4484019563675, 223.4321596906662, 223.38764992218017, 223.29512861232757, 223.29444315891266, 223.28374412517547, 223.49598136405945, 223.35068014125824, 223.45704462985992, 223.43230870227814, 223.40654459457397, 223.14969327907562, 223.2240798757553, 223.06916740398407, 222.8663924024582, 222.90594008426666, 223.06825843315124, 223.14386692504883, 222.8884312198639, 222.9247453496933, 222.99177077274322, 223.01450994472503, 223.02094724636078, 223.0679008052826, 223.02747395496368, 222.9927989528656, 223.01346686344147, 223.02714612941742, 223.03872433166504, 223.0487379119873, 223.16216555099487, 223.10138371448517, 222.8658708618164, 222.72304323177337, 222.58824732761383, 222.61077788333893, 222.69663837413788, 222.59228554229736, 222.46193018417358, 222.69820299606323, 222.7140429304123, 222.846007613945, 222.81851497154236, 222.9310634420395, 223.11612096290588, 222.99315658073425, 222.59432700138092, 222.4374177740097, 222.57149842243194, 222.34699752788543, 222.3064216659546, 222.3809572742462, 222.3976912782669, 222.42202487449646, 222.40962710838318, 222.55786385993957, 222.67909970741272, 222.76692715148926, 222.93402877311706, 222.83554699878692, 222.81686094264984, 222.78808680038452, 222.7886381433487, 222.81182435016632, 222.6575824306488], "oculusY": [-7.7037811279296875, -8.05598497390747, -8.486844599246979, -8.698493242263794, -8.934378623962402, -9.121105074882507, -9.216777980327606, -9.22384113073349, -9.182587265968323, -9.072303771972656, -8.989378809928894, -9.28410142660141, -9.276747703552246, -9.260423481464386, -9.192027151584625, -9.319417178630829, -9.549513459205627, -9.751424193382263, -10.02713292837143, -10.40901243686676, -10.378457605838776, -10.456152260303497, -10.387435555458069, -10.907992720603943, -11.071167886257172, -11.009976267814636, -10.732904076576233, -10.739587247371674, -11.031150817871094, -11.553049087524414, -11.84266060590744, -12.151911854743958, -12.095697224140167, -11.8703693151474, -11.871337890625, -11.789441108703613, -11.9999498128891, -12.198098003864288, -12.39495724439621, -12.581035494804382, -12.904256582260132, -13.033278286457062, -12.878961861133575, -12.952111661434174, -12.92283833026886, -12.563817203044891, -12.544862926006317, -12.62560486793518, -12.78221607208252, -12.864217162132263, -12.921273708343506, -12.877091765403748, -12.896627187728882, -12.868613004684448, -12.879244983196259, -12.92671263217926, -12.845233082771301, -12.908533215522766, -12.801893055438995, -12.70756870508194, -12.866534292697906, -12.88776844739914, -13.106942176818848, -13.065822422504425, -13.044171035289764, -12.740254402160645, -12.588836252689362, -12.694448232650757, -12.616515159606934, -12.855783104896545, -13.157956302165985, -13.298600912094116, -13.484366238117218, -13.516612350940704, -13.573549687862396, -13.464197516441345, -13.420552015304565, -13.369634747505188, -13.291411101818085, -13.261638581752777, -13.368748128414154, -13.501137495040894, -13.490468263626099, -13.365231454372406, -13.323776423931122, -13.518832623958588, -13.52190226316452, -13.614080846309662, -13.675346970558167, -13.777479529380798, -13.857439160346985, -14.092020690441132, -14.23296332359314], "oculusZ": [-71.83211629028321, -71.8529779159546, -71.41404931182862, -71.19327370758057, -71.082766696167, -71.00754563446046, -70.87331597442628, -70.83290402526856, -70.72728459472657, -70.5649215423584, -70.2595073425293, -70.10513131256104, -69.97197453613282, -69.74559609527589, -69.40835301513673, -69.29629628295899, -69.23895661468507, -69.12749592895508, -68.95678822631837, -68.81731335754395, -68.68475262756348, -68.60321347351075, -68.42344586486817, -68.56923882598878, -68.65483109588624, -68.90791241760255, -69.01734654541016, -68.9615565979004, -68.60500161285401, -68.19718663330079, -67.58421246643067, -67.17305962677003, -67.01188866729737, -66.85918156738282, -67.01677624816895, -66.83760468597413, -66.84356515045167, -66.66844670410157, -66.59310643310548, -66.4065438949585, -66.28816907043458, -66.02567021484376, -65.74183289642335, -65.7111961090088, -65.74683968658448, -65.61499421234132, -65.41245762939454, -65.51914994354249, -65.47921483154298, -65.4910165512085, -65.4602605545044, -65.53488556976319, -65.422948046875, -65.467532321167, -65.50472561950684, -65.4672939025879, -65.48553292388917, -65.4602605545044, -65.63335244293214, -65.60760323638917, -65.35440270538331, -65.25557820434571, -65.24508778686524, -65.40149037475587, -65.39111916656495, -65.3679925643921, -65.25808159942628, -65.36203209991456, -65.40387456054688, -65.47814194793702, -65.26904885406495, -65.20312611694337, -65.25545899505616, -65.040286227417, -64.56166092987061, -64.37557522888184, -64.40704648132325, -64.24492184753419, -64.31060616607667, -64.29344002838135, -64.33647458190919, -64.32479207153321, -64.31012932891846, -64.4921619140625, -64.68766514892579, -64.79745690460206, -64.82129876251221, -64.71627537841798, -64.67073742980958, -64.53162018890382, -64.48572461242676, -64.25469700927735, -64.02724568481446], "dobotX": [259.11981201171875, 229.00448608398438, 223.4021453857422, 223.01344299316406], "dobotY": [0.0, -6.738628387451172, -10.732905387878418, -12.879242897033691], "dobotZ": [-8.568687438964844, -62.649696350097656, -69.0173568725586, -65.50469970703125], "diffX": [-35.46805390853882, -5.5979414894104025, -0.8098598434448263, -0.3558605625152609], "diffY": [-9.28410142660141, -5.656328856945038, -2.0073490142822266, -1.3537204265594482], "diffZ": [-61.5364438735962, -3.9434100830078194, 3.649364308166497, 1.47745402221679], "diffXYZ": [71.6303798116881, 8.881525102117275, 4.243015777119364, 2.035206653144231], "predictionX": [224.02527060966491, 223.4021338508606, 223.01346686344147, 222.3976912782669], "predictionY": [-7.85277783870697, -10.732904076576233, -12.879244983196259, -13.368748128414154], "predictionZ": [-71.59131352539063, -69.01734654541016, -65.50472561950684, -64.33647458190919], "oculusXSynchronized": [223.65175810317993, 223.40654459457397, 222.59228554229736, 222.6575824306488], "oculusYSynchronized": [-9.28410142660141, -12.39495724439621, -12.740254402160645, -14.23296332359314], "oculusZSynchronized": [-70.10513131256104, -66.59310643310548, -65.3679925643921, -64.02724568481446], "timestamp": [1590320662.1124096, 1590320663.7671044, 1590320665.5154786, 1590320667.1718621],