{"oculusX": [322.88087037067413, 324.83563449840545, 325.70925977687835, 325.2373400018692, 323.8490286157608, 322.8223088071823, 322.165733842659, 322.14406755428314, 322.17986014347076, 323.26016452770233, 325.17883804302215, 326.34235051136017, 327.9950979040146, 328, 328, 328, 328, 328, 328, 328, 326.6316714570999, 326.64824154834747, 327.6276054666519, 328, 328, 328, 328, 328, 328, 328, 328, 328, 328, 328, 328, 328, 328, 328, 328, 328, 328, 328, 328, 328, 328, 328, 328, 328, 328, 328, 328, 328, 328, 328, 328, 328, 328, 328, 328, 328, 328, 328, 328, 328, 328, 328, 328, 328, 328, 328, 328, 328, 328, 328, 328, 328, 328, 328, 328, 328, 328, 328, 328, 328, 328, 328, 328, 328, 328, 328, 328, 328, 328, 328, 328, 328, 328, 328, 328, 328, 328, 328, 328, 328, 328, 328, 328, 328, 328, 328, 328, 328, 328, 328, 328, 328, 328, 328, 328, 328, 328, 328, 328, 328, 328, 328, 328, 328, 328, 328, 328, 328, 328, 328, 328, 328, 328, 328, 328, 328, 328, 328, 328, 328, 328, 328, 328, 328, 328, 328, 328, 328, 328, 328, 328, 328, 328, 328, 328, 328, 328, 328, 328, 328, 328, 328, 328, 328, 328, 328, 328, 328, 328, 328, 328, 328, 328, 328, 328, 328, 328, 328, 328, 328, 328, 328, 328, 328, 328, 328, 328, 328, 328, 328, 328, 328, 328, 328, 328, 328, 328, 328, 328, 328, 328, 328, 328, 328, 327.96228554706573, 323.2786717699051, 318.36641457538605, 314.84482315044403, 313.761717347908, 312.0711210058212, 310.38556125621795, 308.92480042438507, 306.718534498024, 304.9377861307144, 303.72763302783966, 302.31971171360016, 301.0858359621048, 300.3027799413681, 298.49146929244995, 296.4914205358505, 293.90390840034485, 290.8309760377884, 289.0142413661957, 287.30753686885834, 286.205879120636, 285.98647442321777, 287.6016708896637, 289.138874678421, 290.84005084495544], "oculusY": [-55.518449284136295, -55.762745440006256, -55.076343938708305, -55.30166905373335, -55.141184478998184, -57.14807100594044, -59.479497373104095, -62.59262375533581, -67.12889298796654, -71.04060798883438, -75.55919513106346, -77.79262587428093, -79.44127917289734, -83.1768736243248, -86.1201211810112, -91.25224873423576, -99.72770512104034, -105.71140050888062, -111.41359061002731, -113.67727816104889, -114.42717909812927, -114.21042680740356, -112.93230950832367, -107.6076552271843, -103.15320640802383, -100.05747526884079, -95.67167609930038, -90.76002612709999, -87.41509169340134, -83.65541324019432, -82.18155428767204, -79.81089502573013, -79.53469827771187, -79.17210832238197, -76.99471339583397, -74.08542186021805, -74.47940483689308, -70.19859924912453, -66.08944199979305, -63.50374035537243, -62.6725684851408, -62.33930215239525, -63.03984671831131, -62.92012706398964, -62.93708272278309, -63.14942054450512, -64.13592584431171, -65.29895775020123, -67.85382516682148, -70.38143090903759, -73.2128731906414, -76.68043300509453, -78.60813289880753, -81.87957108020782, -85.54620295763016, -88.86398375034332, -90.91194346547127, -92.81561523675919, -94.89186853170395, -97.72409126162529, -100.16445815563202, -103.49426791071892, -106.3404381275177, -108.2453727722168, -111.92594468593597, -115.8340722322464, -119.12944167852402, -123.66043776273727, -126.46052241325378, -130.38083910942078, -132.79835879802704, -132.75940716266632, -132.69966840744019, -131.9638043642044, -130.1400512456894, -126.93683058023453, -124.15386736392975, -121.26245349645615, -117.64390021562576, -113.99706453084946, -107.01031237840652, -100.1615934073925, -94.24475207924843, -86.3947719335556, -80.8747261762619, -72.37661629915237, -63.776133581995964, -55.57076819241047, -46.733199153095484, -40.99400145059917, -35.67162109538913, -31.829862855374813, -31.463442370295525, -31.44389670342207, -34.82597693800926, -37.655896274372935, -41.8321707402356, -46.66904965415597, -50.723958760499954, -57.13081918656826, -61.54540926218033, -65.7424870878458, -70.52737288177013, -77.62311771512032, -80.04208281636238, -83.277877420187, -85.1343460381031, -85.7161208987236, -87.18771114945412, -88.17611634731293, -90.2797244489193, -93.09662878513336, -96.42438217997551, -102.77830064296722, -107.33354836702347, -114.16694521903992, -119.64830756187439, -123.47511202096939, -126.22272223234177, -127.91898846626282, -127.65804678201675, -125.97614526748657, -124.62367862462997, -123.24820458889008, -122.76574224233627, -122.76577204465866, -122.57462739944458, -121.89076840877533, -119.52965706586838, -113.89394849538803, -105.6022047996521, -98.41067343950272, -88.40090036392212, -79.58278432488441, -66.67361967265606, -55.68026937544346, -46.85804434120655, -39.768712245859206, -33.72006677091122, -29.930750839412212, -21.23447135090828, -16.372445970773697, -13.4816262871027, -10.611539706587791, -14.103638008236885, -18.447469919919968, -24.01850000023842, -28.995993547141552, -36.74792079254985, -42.39505704026669, -47.02209588140249, -55.70734012871981, -66.84553064405918, -77.4870440363884, -92.96752884984016, -108.71762037277222, -122.28517979383469, -133.48378986120224, -138.96093517541885, -145.08498460054398, -151.2615904211998, -154.89066392183304, -158.5533320903778, -162.85838186740875, -171.57220095396042, -177.7011826634407, -183.56170505285263, -190.06194919347763, -194.43441182374954, -198.44723492860794, -201.2847438454628, -203.17501574754715, -205.98054677248, -211.8537202477455, -216.19204431772232, -220.4938754439354, -225.05957633256912, -227.41975635290146, -229.86984997987747, -230.56673258543015, -231.65471106767654, -232.76164382696152, -233.72898250818253, -235.4215458035469, -238.57790976762772, -241.11665040254593, -244.9296936392784, -247.20896035432816, -247.95926362276077, -246.28224223852158, -242.34309047460556, -239.67532068490982, -235.63899844884872, -229.62705045938492, -222.45190292596817, -214.48778361082077, -209.4825729727745, -202.18568295240402, -193.79887729883194, -186.24558299779892, -177.35988646745682, -168.35583001375198, -160.2208837866783, -151.48156881332397, -147.6835235953331, -138.55038583278656, -135.14480739831924, -131.77842646837234, -131.82368874549866, -129.7251656651497, -128.30132991075516, -126.2006014585495, -126.65893137454987, -126.81285291910172, -128.7493109703064, -130.21445274353027, -131.89641386270523, -134.2581957578659, -135.3982463479042, -137.02388107776642, -134.95256751775742, -134.45935398340225, -129.40121442079544, -128.96081805229187, -125.1969039440155, -121.31650745868683, -118.30941587686539, -113.29632997512817, -109.05621945858002, -102.41034254431725, -94.99937295913696, -88.56432512402534, -80.50848543643951],