{"oculusX": [259.28147759895324, 259.5662089870453, 258.56434431533813, 249.6397408531189, 250.3845008895874, 247.71966662864685, 246.3358255908966, 244.02578797798157, 243.1072505996704, 242.33167496185303], "oculusY": [-0.29005855321884155, -4.335232079029083, -47.59977012872696, -73.83155077695847, -53.07478457689285, -48.593394458293915, -38.920484483242035, -42.26858168840408, -49.138955771923065, -53.63012105226517], "oculusZ": [-8.509572192382812, -5.086477442932129, -21.937425776672363, -30, -30, -20.77859227294922, 23.391072109985352, 39.968673542785645, 39.23196013336182, 33.448640660095215], "dobotX": [259.11981201171875, 259.2814636230469, 259.56622314453125, 258.6446838378906, 249.63975524902344, 250.384521484375, 247.71966552734375, 246.46923828125, 244.02581787109375, 243.10726928710938], "dobotY": [0.0, -0.29005852341651917, -4.335231781005859, -44.13148498535156, -73.83155059814453, -53.07478332519531, -48.59339141845703, -39.85293960571289, -42.268585205078125, -49.138954162597656], "dobotZ": [-8.568687438964844, -8.509574890136719, -5.08648681640625, -20.586578369140625, -30.00000762939453, -30.000022888183594, -20.778587341308594, 19.13318634033203, 39.968658447265625, 39.231964111328125], "diffX": [0.16166558723449498, 0.284745363998411, -1.0018788291931173, -9.00494298477173, 0.7447456405639628, -2.6648548557281515, -1.3838399364471456, -2.4434503032684347, -0.9185672714233419, -0.7755943252563497], "diffY": [-0.29005855321884155, -4.045173555612564, -43.2645383477211, -29.700065791606903, 20.75676602125168, 4.481388866901398, 9.672906935214996, -2.4156420826911926, -6.87037056684494, -4.491166889667511], "diffZ": [0.05911524658203149, 3.42309744720459, -16.850938960266113, -9.413421630859375, 7.62939453125e-06, 9.221430615234375, 44.169659451293946, 20.835487202453614, -0.7366983139038084, -5.78332345123291], "timestamp": [1589131665.316819, 1589131667.168896, 1589131668.693296, 1589131670.2026525, 1589131671.7199564, 1589131673.2264075, 1589131674.6961665, 1589131676.1624393, 1589131677.6660585, 1589131679.1185663]}