{"oculusX": [236.85835837588462, 236.42183779640243, 236.20410484681133, 236.53906943385564, 236.92502201064215, 236.79114741289257, 236.65468435284868, 236.66659901403287, 237.4793386055229, 238.2667291391556, 239.42937464950026, 240.86832752382654, 243.20723770756524, 246.73072261073565, 250.60708114289417, 256.56956089495225, 261.9509925746859, 267.6436264675816, 272.2547079765844, 275.3324592679277, 276.42750145873566, 276.07526536761014, 275.60903485334495, 277.371976178467, 278.88023720751363, 281.20753478679785, 282.911542710759, 284.7559991213115, 286.12325355812976, 288.26519346250564, 290.94906839215014, 292.0835476446641, 294.47951564020303, 297.8867840305837, 301.74123386231713, 303.24366555227914, 303.24366555227914, 303.24366555227914, 303.24366555227914, 303.24366555227914, 303.24366555227914, 303.24366555227914, 303.24366555227914, 303.24366555227914, 303.24366555227914, 303.24366555227914, 303.24366555227914, 303.24366555227914, 303.24366555227914, 303.24366555227914, 303.24366555227914, 303.24366555227914, 303.24366555227914, 303.24366555227914, 303.24366555227914, 303.24366555227914, 303.24366555227914, 303.24366555227914, 303.24366555227914, 303.24366555227914, 303.24366555227914, 303.24366555227914, 303.24366555227914, 303.24366555227914, 303.24366555227914, 303.24366555227914, 303.24366555227914, 303.24366555227914, 303.24366555227914, 303.24366555227914, 303.24366555227914, 303.24366555227914, 303.24366555227914, 303.24366555227914, 303.24366555227914, 303.24366555227914, 303.24366555227914, 303.24366555227914, 303.24366555227914, 303.24366555227914, 303.24366555227914, 303.24366555227914, 303.24366555227914, 303.24366555227914, 303.24366555227914, 303.24366555227914, 303.24366555227914, 303.24366555227914, 303.24366555227914, 303.24366555227914, 303.24366555227914, 303.24366555227914, 303.24366555227914, 303.24366555227914, 303.24366555227914, 303.24366555227914, 303.24366555227914, 303.24366555227914, 303.24366555227914, 303.24366555227914, 303.24366555227914, 303.24366555227914, 303.24366555227914, 303.24366555227914, 303.24366555227914, 303.24366555227914, 303.24366555227914, 303.24366555227914, 303.24366555227914, 303.24366555227914, 303.24366555227914, 303.24366555227914, 303.24366555227914, 303.24366555227914], "oculusY": [-4.509082943114877, -5.909800692644362, -8.346654867056674, -9.660158993992841, -11.51865999531426, -13.398770061271287, -14.62174638624274, -15.494912337382441, -15.88505750039019, -16.495706201627126, -16.367205432099134, -16.340411914919038, -16.615078370066644, -15.496472505124904, -14.667467500369122, -13.073763305480352, -11.689886281141726, -9.974918986714767, -8.580772975007372, -6.091931877144161, -4.854797876219925, -4.030127779943147, -4.506746582222501, -3.6412755164609028, -2.9238925365309094, -1.6118312306588454, -0.37571002249412105, 0.774309530163701, 1.4581872611068014, 2.943359461124175, 5.876771189143632, 7.963488576990619, 10.985933088346352, 14.062723772384349, 16.243816691466172, 17.121282023385046, 17.121282023385046, 17.121282023385046, 17.121282023385046, 17.121282023385046, 17.121282023385046, 17.121282023385046, 17.121282023385046, 17.121282023385046, 17.121282023385046, 17.121282023385046, 17.121282023385046, 17.121282023385046, 17.121282023385046, 17.121282023385046, 17.121282023385046, 17.121282023385046, 17.121282023385046, 17.121282023385046, 17.121282023385046, 17.121282023385046, 17.121282023385046, 17.121282023385046, 17.121282023385046, 17.121282023385046, 17.121282023385046, 17.121282023385046, 17.121282023385046, 17.121282023385046, 17.121282023385046, 17.121282023385046, 17.121282023385046, 17.121282023385046, 17.121282023385046, 17.121282023385046, 17.121282023385046, 17.121282023385046, 17.121282023385046, 17.121282023385046, 17.121282023385046, 17.121282023385046, 17.121282023385046, 17.121282023385046, 17.121282023385046, 17.121282023385046, 17.121282023385046, 17.121282023385046, 17.121282023385046, 17.121282023385046, 17.121282023385046, 17.121282023385046, 17.121282023385046, 17.121282023385046, 17.121282023385046, 17.121282023385046, 17.121282023385046, 17.121282023385046, 17.121282023385046, 17.121282023385046, 17.121282023385046, 17.121282023385046, 17.121282023385046, 17.121282023385046, 17.121282023385046, 17.121282023385046, 17.121282023385046, 17.121282023385046, 17.121282023385046, 17.121282023385046, 17.121282023385046, 17.121282023385046, 17.121282023385046, 17.121282023385046, 17.121282023385046, 17.121282023385046, 17.121282023385046, 17.121282023385046, 17.121282023385046, 17.121282023385046], "oculusZ": [-9.4231921875, -9.186204119873047, -8.508260890197754, -7.798727198791504, -6.720598384094238, -6.190593882751465, -5.4489928924560544, -4.611190005493164, -3.3214647018432615, -2.293403788757324, -1.2354213439941404, -0.20330731506347632, 1.5519302642822268, 3.264610127258301, 5.150858715820313, 7.64984305267334, 9.488884762573242, 11.53022463684082, 12.673441723632813, 12.888376072692871, 12.408558682250977, 11.872355297851563, 11.351053074645996, 11.492792919921875, 11.457864598083496, 11.500541523742676, 11.61259825592041, 11.906568363952637, 12.136165455627442, 12.025777653503418, 10.98543818359375, 9.789292172241211, 8.40205366973877, 7.695023373413086, 8.096162632751465, 8.328501538085938, 8.328501538085938, 8.328501538085938, 8.328501538085938, 8.328501538085938, 8.328501538085938, 8.328501538085938, 8.328501538085938, 8.328501538085938, 8.328501538085938, 8.328501538085938, 8.328501538085938, 8.328501538085938, 8.328501538085938, 8.328501538085938, 8.328501538085938, 8.328501538085938, 8.328501538085938, 8.328501538085938, 8.328501538085938, 8.328501538085938, 8.328501538085938, 8.328501538085938, 8.328501538085938, 8.328501538085938, 8.328501538085938, 8.328501538085938, 8.328501538085938, 8.328501538085938, 8.328501538085938, 8.328501538085938, 8.328501538085938, 8.328501538085938, 8.328501538085938, 8.328501538085938, 8.328501538085938, 8.328501538085938, 8.328501538085938, 8.328501538085938, 8.328501538085938, 8.328501538085938, 8.328501538085938, 8.328501538085938, 8.328501538085938, 8.328501538085938, 8.328501538085938, 8.328501538085938, 8.328501538085938, 8.328501538085938, 8.328501538085938, 8.328501538085938, 8.328501538085938, 8.328501538085938, 8.328501538085938, 8.328501538085938, 8.328501538085938, 8.328501538085938, 8.328501538085938, 8.328501538085938, 8.328501538085938, 8.328501538085938, 8.328501538085938, 8.328501538085938, 8.328501538085938, 8.328501538085938, 8.328501538085938, 8.328501538085938, 8.328501538085938, 8.328501538085938, 8.328501538085938, 8.328501538085938, 8.328501538085938, 8.328501538085938, 8.328501538085938, 8.328501538085938, 8.328501538085938, 8.328501538085938, 8.328501538085938, 8.328501538085938], "dobotX": [259.11981201171875, 256.11981201171875], "dobotY": [0.0, 0.0], "dobotZ": [-8.568687438964844, -8.568710327148438], "diffX": [44.12385354056039, 47.12385354056039], "diffY": [17.121282023385046, 17.121282023385046], "diffZ": [16.89718897705078, 16.897211865234375], "diffXYZ": [50.25502705918362, 52.90852142571262], "predictionX": [256.1198, 253.1198], "predictionY": [0, 9], "predictionZ": [-8.5687, -8.5687], "oculusXSynchronized": [303.24366555227914, 303.24366555227914], "oculusYSynchronized": [17.121282023385046, 17.121282023385046], "oculusZSynchronized": [8.328501538085938, 8.328501538085938], "timestamp": [1590859813.077156, 1590859817.0907211],