{"oculusX": [328, 328, 328, 328, 328, 328, 328, 328, 328, 328, 328, 328, 328, 328, 328, 328, 328, 328, 328, 328, 328, 328, 328, 328, 328, 328, 328, 328, 328, 328, 328, 328, 328, 328, 328, 328, 328, 328, 328, 328, 328, 328, 328, 328, 328, 328, 328, 328, 328, 328, 328, 328, 328, 328, 328, 328, 328, 328, 328, 328, 328, 328, 328, 328, 328, 328, 328, 328, 328, 328, 328, 328, 328, 328, 328, 328, 328, 328, 328, 328, 328, 328, 328, 328, 328, 328, 328, 328, 328, 328, 328, 328, 328, 328, 328, 328, 328, 328, 328, 328, 328, 328, 328, 328, 328, 328, 328, 328, 328, 328, 328, 328, 328, 328, 328, 328, 328, 328, 328, 328, 328, 328, 328, 328, 328, 328, 328, 328, 328, 328, 328, 328, 328, 328, 328, 328, 328, 328, 328, 328, 328, 328, 328, 328, 328, 328, 328, 328, 328, 328, 328, 328, 328, 328, 328, 328, 328, 328, 328, 328, 328, 328, 328, 328, 328, 328, 328, 328, 328, 328, 328, 328, 328, 328, 328, 328, 328, 328, 328, 328, 328, 328, 328, 328, 328, 328, 328, 328, 328, 328, 328, 328, 328, 328, 328, 328, 328, 328, 328, 328, 328, 328, 328, 328, 328, 328, 328, 328, 328, 328, 328, 328, 328, 328, 328, 328, 328, 328, 328, 328, 328, 328, 328, 328, 328, 328, 328, 328, 328, 328, 328, 328, 328, 328, 328, 328, 328, 328, 328, 328, 328, 328, 328, 328, 328, 328, 328, 328, 328, 328, 328, 328, 328, 328, 328, 328, 328, 328, 328, 328, 328, 328, 328, 328, 328, 328, 328, 328, 328, 328, 328, 328, 328], "oculusY": [-151.18493139743805, -148.24964851140976, -145.81969380378723, -143.4304267168045, -143.44071596860886, -146.83140814304352, -146.56061679124832, -147.15466648340225, -147.40175008773804, -146.8147411942482, -146.3702991604805, -146.17706090211868, -144.18702572584152, -142.60512590408325, -141.62640273571014, -141.59079641103745, -140.97650349140167, -141.0389244556427, -142.7639275789261, -142.85001158714294, -144.53937113285065, -145.76615393161774, -145.9745541214943, -146.7820629477501, -146.5255543589592, -146.36178314685822, -144.23340559005737, -143.12278479337692, -145.29342204332352, -145.5366015434265, -147.02459424734116, -149.62069690227509, -152.3936167359352, -155.8758169412613, -159.31320935487747, -161.28498315811157, -164.49850052595139, -167.03149676322937, -167.31462627649307, -169.3941354751587, -170.83653807640076, -171.98548465967178, -171.99920117855072, -170.32572627067566, -167.52205789089203, -165.45432806015015, -162.9246324300766, -158.93462300300598, -153.42510491609573, -148.3222246170044, -142.37955957651138, -139.37945663928986, -133.16983729600906, -128.61136347055435, -125.1467913389206, -120.76254189014435, -118.0688738822937, -116.15223437547684, -115.19445106387138, -115.54553732275963, -118.55478957295418, -122.82181903719902, -126.67031586170197, -131.975419819355, -136.16536557674408, -139.0947327017784, -142.72408932447433, -147.55172282457352, -147.52312004566193, -150.34295618534088, -151.77587419748306, -154.27187085151672, -156.6007137298584, -158.69782119989395, -162.94487565755844, -168.01678389310837, -172.7515310049057, -178.68244647979736, -183.53767693042755, -188.4734332561493, -189.98688459396362, -190.45493006706238, -188.50354850292206, -186.1165687441826, -182.5740486383438, -175.24722963571548, -164.728581905365, -156.3299521803856, -143.38695257902145, -135.26249676942825, -122.72314354777336, -113.15365508198738, -104.80664670467377, -99.00572150945663, -93.96283887326717, -93.96882355213165, -95.70243209600449, -100.31692683696747, -104.14183884859085, -110.42843759059906, -113.22294548153877, -117.18849092721939, -120.50893157720566, -122.55112826824188, -124.91974979639053, -126.41239166259766, -127.5453120470047, -130.49468398094177, -132.63960927724838, -135.99960505962372, -139.90576565265656, -142.4778327345848, -145.82163095474243, -147.90091663599014, -149.52462911605835, -152.5333821773529, -154.7912433743477, -155.31938523054123, -155.37412464618683, -155.57517111301422, -155.6890681385994, -156.33554011583328, -156.8600907921791, -156.28542751073837, -153.38894724845886, -151.23021602630615, -147.6762667298317, -144.50278133153915, -139.05789703130722, -133.19291919469833, -128.64887714385986, -124.3499182164669, -121.6890811920166, -120.58570981025696, -121.78521975874901, -123.41421842575073, -123.77428263425827, -122.75656685233116, -121.6357983648777, -121.37975543737411, -120.78110501170158, -121.9923198223114, -122.92851507663727, -121.16483226418495, -117.17823892831802, -110.89005693793297, -103.78695651888847, -100.8886806666851, -99.74581748247147, -100.13953596353531, -104.10897061228752, -111.47746071219444, -122.29645997285843, -129.75668907165527, -141.23773574829102, -147.1385881304741, -149.08280968666077, -147.0387578010559, -141.6359394788742, -133.26231390237808, -122.62659519910812, -115.63857644796371, -108.93489047884941, -106.39328137040138, -105.55154457688332, -108.21608453989029, -109.53875631093979, -113.73915523290634, -121.01906165480614, -126.0385736823082, -130.02320379018784, -133.52949917316437, -135.3701427578926, -135.50294935703278, -135.33874601125717, -132.81264156103134, -130.7305544614792, -128.37523221969604, -124.88995119929314, -122.16296419501305, -119.18611451983452, -116.13190546631813, -114.53564465045929, -112.87300288677216, -112.04127967357635, -112.58511245250702, -113.93167451024055, -115.51271378993988, -116.64183437824249, -117.85336956381798, -117.74086952209473, -117.87677928805351, -117.90632829070091, -117.64440312981606, -117.02097579836845, -116.96694418787956, -117.17706546187401, -117.36531183123589, -117.83022433519363, -118.54798346757889, -119.06488612294197, -118.96596103906631, -118.27794089913368, -116.80405214428902, -114.67335000634193, -110.15458405017853, -105.18524795770645, -101.18547827005386, -96.06359899044037, -92.27582812309265, -88.64481374621391, -84.82624962925911, -83.70913192629814, -82.7031210064888, -82.35607296228409, -82.95480161905289, -84.51386168599129, -87.22565323114395, -89.21843767166138, -91.48827753961086, -93.0692758411169, -94.92091462016106, -98.82074221968651, -101.4578714966774, -106.35476931929588, -110.70878803730011, -113.40644955635071, -116.85570329427719, -119.6790412068367, -121.42093852162361, -123.7974725663662, -125.22821500897408, -126.5198066830635, -128.1985342502594, -128.46491485834122, -128.029502928257, -127.18948721885681, -126.52064114809036, -124.4492195546627, -122.60393425822258, -119.3075142800808, -117.04172566533089, -115.11567607522011, -112.34204471111298, -108.98655280470848, -106.5148413181305, -104.5956015586853, -100.92158615589142, -98.11102226376534, -94.40643712878227, -91.43109619617462, -89.8513849824667, -88.40269036591053, -87.21800521016121, -87.08703331649303, -87.84942515194416, -89.43492732942104, -91.15697629749775, -92.86664240062237, -94.85457837581635, -98.73342886567116, -104.1385717689991, -108.08788985013962, -112.40925639867783, -114.64246734976768, -118.51539835333824, -122.70205840468407, -125.93073397874832, -130.19196689128876, -134.56039875745773, -138.44774663448334, -144.08624172210693, -147.1829190850258],