{"oculusX": [259.29459062080383, 247.08186712722778, 240.0182100818634, 230.62040534477234, 229.7103020236969, 227.86851850013733, 225.72832432250976], "oculusY": [0.737309455871582, 50.354622304439545, 2.626568078994751, -18.638700246810913, 11.658675968647003, 29.646899551153183, 25.84265172481537], "oculusZ": [-8.723552867126465, 19.768063381958008, 27.037922695922852, 2.2856634414672854, -8.140619441223144, 14.920298413085938, 17.190877751159668], "dobotX": [259.11981201171875, 259.2945861816406, 249.2886962890625, 241.2171173095703, 231.0464324951172, 229.7252655029297, 227.90823364257812], "dobotY": [0.0, 0.7373095154762268, 41.38888168334961, 10.72744369506836, -17.674667358398438, 11.160493850708008, 29.258756637573242], "dobotZ": [-8.568687438964844, -8.723564147949219, 14.619705200195312, 25.80401611328125, 3.4077911376953125, -7.969200134277344, 14.422706604003906], "diffX": [0.17477860908508092, -12.212719054412844, -9.270486207199099, -10.596711964797976, -1.3361304714202902, -1.8567470027923605, -2.1799093200683615], "diffY": [0.737309455871582, 49.61731278896332, -38.76231360435486, -29.366143941879272, 29.33334332704544, 18.486405700445175, -3.4161049127578735], "diffZ": [-0.15486542816162086, 28.491627529907227, 12.41821749572754, -23.518352671813965, -11.548410578918457, 22.88949854736328, 2.768171147155762], "timestamp": [1589129254.7070448, 1589129256.4125206, 1589129257.8986282, 1589129259.3697972, 1589129260.799127, 1589129262.2411532, 1589129263.6337209]}