{"oculusX": [153.13579764823913, 152.83375111083984, 152.5260421321869, 152.33328071098327, 152.29248133163452, 152.17947092514038, 152.12365117530823, 152.02047553520202, 151.98042121391296, 151.8999251411438, 151.70063701133728, 151.55439701538086, 151.45774808387756, 151.3479563282013, 151.16428461532593, 151.2130412147522, 151.33013453941345, 151.4353665397644, 151.41688909988403, 151.49556723098755, 151.68063965301513, 151.7255517528534, 151.81984630088806, 151.8567713783264, 151.97046723823547, 151.96549025039673, 151.85814228515625, 151.58330526809692, 151.13200870018005, 150.64864483337402, 150.32990899543762, 150.14647570114136, 150.16611543159485, 150.24726715545654, 150.1889738128662, 150.23472037773132, 150.2022954509735, 150.21010365943908, 150.33801522712707, 150.07894363861084, 149.90957704048157, 149.73067369918823, 150.68488445739746, 150.63523378829956, 150.46813216667175, 149.77811899642944, 149.1298290775299], "oculusY": [-139.21555690467358, -139.24984820187092, -139.63479734957218, -140.18231444060802, -140.71438647806644, -141.30347594618797, -141.35976135730743, -141.256557777524, -141.28177426755428, -141.33374020457268, -141.58327877521515, -141.7315099388361, -141.98441244661808, -142.337528988719, -142.3821970820427, -142.60217919945717, -142.7392903715372, -142.64224842190742, -142.43830926716328, -141.94840006530285, -141.45053178071976, -141.12854190170765, -140.96350595355034, -140.70526510477066, -140.48215933144093, -140.29598608613014, -139.8465931415558, -139.20537754893303, -138.42135295271873, -137.64137402176857, -137.4370250850916, -137.3614501208067, -137.60093227028847, -137.7588640898466, -137.76366040110588, -138.26261460781097, -138.2960006594658, -138.37672397494316, -139.3717247992754, -139.30444419384003, -139.13863524794579, -138.3325420320034, -138.59733939170837, -140.79349860548973, -141.1790195852518, -141.75528846681118, -140.54195024073124], "oculusZ": [60.43571646575928, 60.73707754974365, 60.88143999938965, 61.210576847839356, 61.29962618713379, 61.56224425201416, 61.76072771911621, 61.77014525299072, 61.9043749130249, 62.14505846862793, 62.479917362976074, 62.61188204650879, 62.70641501312256, 62.99919302825928, 63.084070042419434, 63.01445181732178, 62.914792851257324, 62.98238451843262, 62.99645121459961, 62.8274124420166, 62.49648745422363, 62.48206313018799, 62.45488341217041, 62.300030545043946, 62.125865773010254, 61.924640492248535, 61.69158633117676, 61.47104914550781, 61.54829676513672, 61.489645794677735, 61.58250983123779, 61.65093596343994, 61.58096011047363, 61.59419234161377, 61.67847330932617, 61.78480799560547, 61.84620077972412, 61.8123453414917, 61.87457259063721, 62.25043948059082, 62.31707747344971, 62.15125735168457, 61.451379612731934, 62.246505574035645, 62.934820011901856, 63.72160132293701, 63.96538432006836], "dobotX": [253.5380859375, 260.1353759765625, 276.72296142578125, 309.3339538574219], "dobotY": [-2.5234968662261963, 1.3328849077224731, 23.103336334228516, 65.90374755859375], "dobotZ": [-8.162948608398438, -9.225982666015625, -19.961875915527344, -41.06849670410156], "diffX": [-101.83744892616272, -108.31552967567444, -126.53398761291504, -160.20412477989197], "diffY": [-139.05978190898895, -142.2963908612728, -160.8669967353344, -206.445697799325], "diffZ": [70.6428659713745, 71.68086607818603, 81.64034922485351, 105.03388102416992], "predictionX": [364.7335979030609, 152.44990116357803, 151.36319983005524, 150.93971848487854], "predictionY": [138.61327059566975, -140.18250465393066, -142.33057844638824, -138.48003482818604], "predictionZ": [-76.92449872131348, 61.12645065784454, 62.933586061000824, 61.62710276246071], "oculusXSynchronized": [151.70063701133728, 151.81984630088806, 150.1889738128662, 149.1298290775299], "oculusYSynchronized": [-141.58327877521515, -140.96350595355034, -137.76366040110588, -140.54195024073124], "oculusZSynchronized": [62.479917362976074, 62.45488341217041, 61.67847330932617, 63.96538432006836], "timestamp": [1589831373.9427075, 1589831374.5457525, 1589831375.1478539, 1589831375.7497487], "oculusTimeStamp": [1589831373.8915987, 1589831373.9426124, 1589831373.9934933, 1589831374.0445755, 1589831374.0955043, 1589831374.146748, 1589831374.197506, 1589831374.2477915, 1589831374.298711, 1589831374.3495424, 1589831374.4007294, 1589831374.4517806, 1589831374.5025365, 1589831374.5535352, 1589831374.6047606, 1589831374.6553833, 1589831374.7066133, 1589831374.7581336, 1589831374.809175, 1589831374.8599381, 1589831374.9104674, 1589831374.9614615, 1589831375.0126855, 1589831375.0632803, 1589831375.1141648, 1589831375.164661, 1589831375.2157342, 1589831375.2669985, 1589831375.317796, 1589831375.3690042, 1589831375.420187, 1589831375.470906, 1589831375.5219572, 1589831375.5724735, 1589831375.6227853, 1589831375.6735268, 1589831375.7238295, 1589831375.774248, 1589831375.824704, 1589831375.8757823, 1589831375.9262714, 1589831375.9775271, 1589831376.028453, 1589831376.0788383, 1589831376.1300066, 1589831376.1805158, 1589831376.23103]}