{"oculusX": [241.67165309823937, 243.2789560677694, 245.66898010440366, 247.43395621227452, 249.82926698198636, 251.28018924781887, 251.89050726142747, 252.42003517332074, 252.80654886653997, 253.1433196067654, 253.51300882349818, 253.7716400890525, 253.94315096680276, 254.51177610863382, 255.33893080098886, 256.68845955658713, 257.6778628273608, 259.0139258480504, 260.00959719811635, 260.29604796127785, 260.4280990259438, 260.2653752966239, 260.1555950234696, 260.44466652222656, 260.20132765761343, 258.3254657559885, 255.92453562067408, 252.90716633403298, 251.01555198611325, 249.77664447403373, 249.45823129069487, 249.52078742873346, 250.413993800044, 251.19249889267832, 252.2620089749873, 253.57527744408026, 255.0521839653143, 257.3323769471651, 260.02220793937187, 263.12640135609047, 265.6442748690971, 270.7575955141858, 278.32592410220957, 286.82097202712373, 295.05505030545555, 304.1375110437527, 310.4021658516013, 317.15115630102775, 323.73634234304586], "oculusY": [0.5682221697952112, 2.7584136715066254, 5.006164500762926, 6.989192523660582, 9.526250761086791, 12.101064080014526, 13.985951021378805, 15.780888891333245, 16.635605802943445, 16.516557602522585, 16.25195435830239, 16.210044283877306, 16.43770688830992, 17.484364921613448, 18.855312375204164, 20.27354809504244, 21.42382867498085, 22.810405965673503, 24.13789157601626, 25.270256202382136, 26.58439117748823, 27.80402513470054, 29.357162750877535, 30.226370664192913, 30.882078571451842, 31.709475847233243, 31.355813814576695, 31.288775226441807, 30.599098841275183, 28.444044550624554, 26.678035816868057, 25.02788583609718, 23.898103751774826, 23.019630646167247, 21.58586548341931, 20.629805757404128, 19.82914421419839, 20.225023522103243, 21.339602585394765, 22.147813109347357, 22.633537070287428, 22.501703205853612, 20.325425040353995, 16.569535670176375, 11.990885732867003, 5.45947451979631, 0.725800260612049, -4.531510058045135, -8.394017597350924], "oculusZ": [-9.553845568847656, -11.372740908813476, -13.81927315826416, -15.788610621643066, -18.150265856933594, -20.21735493774414, -21.407182856750488, -22.75496308441162, -23.570712252807617, -23.91582314605713, -24.13397614593506, -24.336870356750488, -24.590786143493652, -25.35038773651123, -26.35448758239746, -27.71406952972412, -28.75619713897705, -30.155833407592773, -31.288440867614746, -32.004054232788086, -32.84507577056885, -33.45006291503906, -34.19404809112549, -34.700329943847656, -34.72190682525635, -33.398445292663574, -31.16112534637451, -28.8858968460083, -27.13232819671631, -25.11375729675293, -23.662264987182617, -22.53514115447998, -22.403176470947265, -22.2938615524292, -21.929796382141113, -21.957452937316894, -22.735412760925293, -24.350221797180176, -26.449258967590332, -28.7865955078125, -30.608947917175293, -33.67703740234375, -37.68044297332764, -41.30166356201172, -44.28487603302002, -47.12658707733154, -49.136574908447265, -51.45626847381592, -53.930814906311035], "dobotX": [259.11981201171875, 256.8013610839844, 253.4798126220703, 219.9998321533203], "dobotY": [0.0, 0.0, 0.0, 0.0], "dobotZ": [-8.568687438964844, -8.568687438964844, -8.568717956542969, -8.568710327148438], "diffX": [-5.348171922666239, 3.399966573629058, 1.5723713432439865, 103.73651018972555], "diffY": [16.210044283877306, 30.882078571451842, 19.82914421419839, -8.394017597350924], "diffZ": [-15.768182917785644, -26.153219386291504, -14.166694804382324, -45.3621045791626], "diffXYZ": [23.237987673815603, 40.61100138955716, 24.420535489400013, 113.53168548743805], "predictionX": [256.1198, -135, -135, -135], "predictionY": [0, 0, 0, 0], "predictionZ": [-8.5687, -8.5687, -8.5687, 36.4313], "oculusXSynchronized": [253.7716400890525, 260.20132765761343, 255.0521839653143, 323.73634234304586], "oculusYSynchronized": [16.210044283877306, 30.882078571451842, 19.82914421419839, -8.394017597350924], "oculusZSynchronized": [-24.336870356750488, -34.72190682525635, -22.735412760925293, -53.930814906311035], "timestamp": [1590337841.9977303, 1590337842.6440585, 1590337843.2740316, 1590337843.8931956], "oculusTimeStamp": [1590337841.8971941, 1590337841.947409, 1590337841.998242, 1590337842.0490072, 1590337842.0998144, 1590337842.150678, 1590337842.2015417, 1590337842.2524433, 1590337842.3032842, 1590337842.353638, 1590337842.4039876, 1590337842.4548106, 1590337842.5124066, 1590337842.5626929, 1590337842.613508, 1590337842.6643088, 1590337842.7146354, 1590337842.7654245, 1590337842.8157961, 1590337842.8666797, 1590337842.9181302, 1590337842.968401, 1590337843.019735, 1590337843.070057, 1590337843.1214, 1590337843.1738853, 1590337843.2242255, 1590337843.2755985, 1590337843.3258739, 1590337843.3767543, 1590337843.4275653, 1590337843.4784317, 1590337843.5288627, 1590337843.579757, 1590337843.630645, 1590337843.6809392, 1590337843.7317998, 1590337843.7873616, 1590337843.8382108, 1590337843.8890338, 1590337843.9399357, 1590337843.9902935, 1590337844.0406277, 1590337844.1066153, 1590337844.1726286, 1590337844.2331347, 1590337844.2986612, 1590337844.3645113, 1590337844.4302812]}