{"oculusX": [261.3965186164856, 261.4892932460785, 263.73892155151367, 258.4781858013153, 255.1917347000122, 255.178651480484, 254.83768311004638, 254.87547245483398, 255.1849993751526, 255.71023550491333, 253.50325432281494, 252.53217545013428, 249.8111936138153, 250.64741697769165, 247.87833419303894], "oculusY": [-1.4092028141021729, -1.6254633665084839, -4.602804780006409, 0.3319382667541504, 0.21257996559143066, 3.2086223363876343, 3.799423575401306, 3.206416964530945, 3.5383403301239014, 5.427926778793335, 5.895048379898071, 6.8075209856033325, 27.220547199249268, 28.89244258403778, 32.31219947338104], "oculusZ": [-9.103711291503906, -9.086783572387695, -10.229046984863281, -9.557302638244629, -8.10497586364746, -10.502274676513672, -11.46632020111084, -11.7272693359375, -12.999590083312988, -12.032206698608398, -10.331566973876953, -9.894068881225586, -18.075760050964355, -18.306430026245117, -17.7469808303833], "dobotX": [], "dobotY": [], "dobotZ": [], "diffX": [], "diffY": [], "diffZ": [], "predictionX": [], "predictionY": [], "predictionZ": [], "timestamp": [], "oculusTimeStamp": [1589637135.585924, 1589637135.647086, 1589637135.6986713, 1589637135.749045, 1589637135.8001375, 1589637135.8506646, 1589637135.9015195, 1589637135.9523027, 1589637136.0026538, 1589637136.0539649, 1589637136.1307182, 1589637136.188575, 1589637136.2454114, 1589637136.3178792, 1589637136.3825464]}