{"oculusX": [259.0583178089142, 3.020112095535973e-07, -4.327639191843218e+35, 2.5582690938404538e+35, 4.645391275897553e+34, 4.3998713954898926e+35, -5.801504842713334e+35, 4.796711688180013e+33, 1.1452600022252523e+37, 1.1452600152262228e+37, 1.1452600029390042e+37, 1.1452600212835272e+37, 1.1452600277614594e+37, 1.145260025152292e+37, 1.1452600322068804e+37], "oculusY": [0.13754889369010925, -1.6963854484730037e-10, 8.422498775166606e+32, -3.5512395472942597e+33, 6.875252731296727e+35, -2.2487460071182575e+35, -2.3731512211869105e+32, 1.3071308759781855e+24, -1.0131892614556565e+25, -1.0131892729573626e+25, -1.0131892620870991e+25, -1.0131892783161418e+25, -1.0131892840470425e+25, -1.013189281738763e+25, -1.01318928797982e+25], "oculusZ": [-8.585031672668457, -1.003646307950379e-08, 1.45561895370501e+34, -9.494916450055962e+33, 1.9879817201147696e+35, -8.007495174292547e+34, 1.911525739681047e+34, -1.586390068101642e+32, -3.787193767940157e+35, -3.787193810932311e+35, -3.787193770300421e+35, -3.787193830962859e+35, -3.787193852384356e+35, -3.787193843756253e+35, -3.787193867084661e+35], "dobotX": [111.94049835205078, 244.51576232910156, 215.90342712402344, 110.20122528076172, 110.20122528076172, 110.20122528076172, 110.20122528076172, 110.20122528076172, 110.20122528076172, 110.20122528076172, 110.20122528076172, 110.20122528076172, 110.20122528076172, 110.20122528076172, 110.20122528076172], "dobotY": [-0.06287655234336853, -0.006238996516913176, -2.8292557532894058e-11, -9.749288182314686e-11, -9.749288182314686e-11, -9.749288182314686e-11, -9.749288182314686e-11, -9.749288182314686e-11, -9.749288182314686e-11, -9.749288182314686e-11, -9.749288182314686e-11, -9.749288182314686e-11, -9.749288182314686e-11, -9.749288182314686e-11, -9.749288182314686e-11], "dobotZ": [-3.7200164794921875, -8.087577819824219, -7.13958740234375, -3.6441802978515625, -3.6441802978515625, -3.6441802978515625, -3.6441802978515625, -3.6441802978515625, -3.6441802978515625, -3.6441802978515625, -3.6441802978515625, -3.6441802978515625, -3.6441802978515625, -3.6441802978515625, -3.6441802978515625], "diffX": [147.1178194568634, -244.51576202709035, -4.327639191843218e+35, 2.5582690938404538e+35, 4.645391275897553e+34, 4.3998713954898926e+35, -5.801504842713334e+35, 4.796711688180013e+33, 1.1452600022252523e+37, 1.1452600152262228e+37, 1.1452600029390042e+37, 1.1452600212835272e+37, 1.1452600277614594e+37, 1.145260025152292e+37, 1.1452600322068804e+37], "diffY": [0.20042544603347778, 0.006238996347274631, 8.422498775166606e+32, -3.5512395472942597e+33, 6.875252731296727e+35, -2.2487460071182575e+35, -2.3731512211869105e+32, 1.3071308759781855e+24, -1.0131892614556565e+25, -1.0131892729573626e+25, -1.0131892620870991e+25, -1.0131892783161418e+25, -1.0131892840470425e+25, -1.013189281738763e+25, -1.01318928797982e+25], "diffZ": [-4.865015193176269, 8.087577809787756, 1.45561895370501e+34, -9.494916450055962e+33, 1.9879817201147696e+35, -8.007495174292547e+34, 1.911525739681047e+34, -1.586390068101642e+32, -3.787193767940157e+35, -3.787193810932311e+35, -3.787193770300421e+35, -3.787193830962859e+35, -3.787193852384356e+35, -3.787193843756253e+35, -3.787193867084661e+35], "timestamp": [1589132821.8136082, 1589132823.5784295, 1589132825.071375, 1589132826.5809538, 1589132828.0468068, 1589132829.5468504, 1589132831.0304365, 1589132832.4751148, 1589132834.003738, 1589132835.5068789, 1589132836.9706686, 1589132838.4661756, 1589132839.9670978, 1589132841.4223146, 1589132842.8862247]}