{"oculusX": [259.0030643032074, 259.1198002949345, 259.10774184111506, 259.1000233935192, 259.0848510363139, 259.10449421126395, 259.1050665671937, 259.13341066322755, 259.1090223665815, 259.1488047388848, 259.1136885319138, 259.1414198630955, 259.1426901924424, 259.153665533755, 259.1511000087485], "oculusY": [0.5577467381954193, -6.463673346557286e-12, 0.05761860590428114, 0.09452447295188904, 0.1670362651348114, 0.07313291076570749, 0.07038453686982393, -0.06512616761028767, 0.05137593811377883, -0.13870389759540558, 0.029029483208432794, -0.10345584992319345, -0.10961160063743591, -0.1621546857059002, -0.14986784756183624], "oculusZ": [-8.698280497741699, -8.568699691577649, -8.582088543334976, -8.590658897999674, -8.607503343373537, -8.585684407735243, -8.585043021244928, -8.5535505003063, -8.580613244092092, -8.5364372250624, -8.575406141899293, -8.544617601903155, -8.543183227069676, -8.530960340751335, -8.533809185260907], "dobotX": [259.11981201171875, 259.0030822753906, 259.11981201171875, 259.10772705078125, 259.1000061035156, 259.0848388671875, 259.1044921875, 259.10504150390625, 259.1334228515625, 259.1090087890625, 259.1488037109375, 259.1136779785156, 259.1413879394531, 259.1427001953125, 259.15362548828125], "dobotY": [-2.63243815634695e-10, 0.5577468872070312, 0.0, 0.057618606835603714, 0.09452445805072784, 0.1670362651348114, 0.07313292473554611, 0.07038453966379166, -0.06512618064880371, 0.05137593671679497, -0.13870389759540558, 0.029029488563537598, -0.10345582664012909, -0.10961160063743591, -0.1621546745300293], "dobotZ": [-8.568687438964844, -8.698295593261719, -8.568687438964844, -8.582077026367188, -8.590629577636719, -8.607490539550781, -8.585678100585938, -8.585037231445312, -8.553535461425781, -8.580596923828125, -8.536430358886719, -8.575401306152344, -8.544609069824219, -8.543174743652344, -8.530952453613281], "diffX": [-0.11674770851135463, 0.11671801954389593, -0.012070170603692532, -0.007703657262027264, -0.015155067201703787, 0.01965534407645464, 0.0005743796937167645, 0.028369159321300685, -0.024400484981015325, 0.03979594982229173, -0.03511517902370542, 0.027741884579882026, 0.0013022529892623425, 0.010965338442474604, -0.002525479532778263], "diffY": [0.5577467384586632, -0.557746887213495, 0.05761860590428114, 0.036905866116285324, 0.07251180708408356, -0.09390335436910391, -0.0027483878657221794, -0.13551070727407932, 0.11650211876258254, -0.19007983431220055, 0.16773338080383837, -0.13248533848673105, -0.006155773997306824, -0.05254308506846428, 0.012286826968193054], "diffZ": [-0.12959305877685523, 0.12959590168406976, -0.013401104370132089, -0.008581871632486582, -0.016873765736818314, 0.02180613181553781, 0.0006350793410092592, 0.03148673113901168, -0.027077782666310668, 0.0441596987657249, -0.03897578301257454, 0.030783704249188304, 0.0014258427545428276, 0.012214402901008725, -0.0028567316476255655], "timestamp": [1589134502.4070039, 1589134504.2849813, 1589134505.8209581, 1589134507.3682046, 1589134508.9190946, 1589134510.462152, 1589134511.9600253, 1589134513.4860268, 1589134514.9991755, 1589134516.514073, 1589134517.9838343, 1589134519.5190115, 1589134520.9989696, 1589134522.4340534, 1589134523.933581]}