{"oculusX": [78.26792326431274, 79.5441890941143, 79.37693101029396, 79.4211688325882, 78.90589040379524, 78.12580716471672, 77.72672054033279, 77.37862568955421, 76.5379692302227, 74.85109072785377, 73.24492063980102, 328, 328, 328, 328, 328, 328, 328, 328], "oculusY": [112.96606063842773, 114.15167152881622, 113.89899998903275, 117.37911775708199, 118.28713491559029, 121.77298218011856, 122.19785153865814, 124.37394633889198, 124.66434761881828, 126.07625126838684, 125.79261884093285, -80.2234411239624, -87.30432391166687, -92.83077716827393, -95.28619050979614, -98.27737510204315, -96.66207432746887, -87.68856525421143, -78.51950824260712], "oculusZ": [160, 160, 160, 160, 160, 160, 160, 160, 160, 160, 160, 160, 160, 160, 160, 160, 160, 160, 160], "dobotX": [259.11981201171875], "dobotY": [0.0], "dobotZ": [-8.568687438964844], "diffX": [68.88018798828125], "diffY": [-78.51950824260712], "diffZ": [168.56868743896484], "diffXYZ": [198.305813976437], "predictionX": [0.8778021484613419], "predictionY": [1.1813930794596672], "predictionZ": [1.5724355578422546], "oculusXSynchronized": [328], "oculusYSynchronized": [-78.51950824260712], "oculusZSynchronized": [160], "timestamp": [1590315513.2419496], "oculusTimeStamp": [1590315512.8039904, 1590315512.854683, 1590315512.9053504, 1590315512.9557617, 1590315513.0065904, 1590315513.0570474, 1590315513.1078806, 1590315513.1584206, 1590315513.2090797, 1590315513.2593584, 1590315513.3097568, 1590315513.3600996, 1590315513.410669, 1590315513.461121, 1590315513.5115957, 1590315513.5619628, 1590315513.6124759, 1590315513.6632423, 1590315513.713766]}