{"oculusX": [232.68272471227576, 229.5417912599831, 225.3670823985353, 222.0820693524749, 217.52383744441218, 214.17357143496844, 211.39421354657355, 209.27198515364358, 207.7093505950649, 206.00592558555724, 204.6798306730323, 204.23379080699024, 204.2145313810452, 204.76567518578275, 205.43789719337437, 206.32625622669642, 207.35850986868468, 208.16919007188207, 209.7959434479515, 213.772056710196, 218.18101217393365, 223.54612287027152, 228.5133416599136, 231.98609020927734, 236.07089383088564, 239.67788405944546, 241.9296625808025, 243.34732152065706, 241.1480519111197, 238.01046768390114, 234.2853376395946, 230.47878672920234, 227.26762080540604, 222.93037719743893, 220.88613099833867, 219.62803772311517, 219.4753839251172, 220.24432313058065, 221.2704334433269, 221.7110875615656, 223.566594430961], "oculusY": [1.0074815447424899, 2.9685556265512982, 5.8570704642307065, 8.395333388187746, 13.4252300611723, 16.580737376516108, 19.64534798888917, 23.43448818203254, 27.09093158821564, 31.774731202109855, 36.41681851271305, 41.01655370374147, 44.552594749854755, 49.15984907177733, 51.87571302268021, 55.53549940422768, 59.088843051845686, 60.6007135555248, 62.95974508647444, 65.08157869386112, 68.39763065194937, 71.84142942049215, 75.78024763263019, 77.19173230364042, 77.66328208117983, 75.81506543632415, 73.2527588373099, 68.81630142073905, 66.16234780169552, 63.93366166853367, 59.91362609481517, 55.39763612648438, 52.19584487425509, 49.187907605912464, 45.36318784377075, 41.37840534990872, 35.63831356272243, 27.641142426938, 19.818717345977074, 12.022269353372312, 2.2931710165969568], "oculusZ": [-14.690812274169922, -16.95793454284668, -20.01112286682129, -22.55969826812744, -25.975402041625976, -28.752144023132324, -30.830677195739746, -32.46146027679443, -33.94239728088379, -35.588319941711426, -36.23741452331543, -36.065037890625, -35.55577580566406, -34.379537745666504, -33.24657265777588, -31.95887391204834, -30.668314143371582, -29.8014241897583, -28.135712786865234, -24.017627879333496, -19.821699305725097, -15.523369952392578, -11.568363352966308, -9.214575930786133, -6.829436465454101, -4.9906331741333005, -3.9660293304443357, -3.9814073287963865, -7.155473872375488, -10.602172061157226, -15.257056399536133, -19.5322591506958, -22.93330018157959, -27.343567057800293, -30.810530825805664, -33.48987881774902, -35.149510546875, -35.72648350830078, -35.89218442077637, -34.24793069000244, -31.883176013183594], "dobotX": [259.11981201171875, 256.9788513183594, 234.6075897216797], "dobotY": [0.0, 0.08229158818721771, 0.9421742558479309], "dobotZ": [-8.568687438964844, -9.068252563476562, -14.28826904296875], "diffX": [-53.68191481834438, -15.049188737556875, -12.896502160114096], "diffY": [51.87571302268021, 73.17046724912268, 11.080095097524381], "diffZ": [-24.677885218811035, 5.102223233032227, -19.95966164703369], "diffXYZ": [78.62465007266022, 74.87608457333515, 26.219770563452286], "predictionX": [232.88252471227577, 326.9143291851374, 411.57404473353847], "predictionY": [1.0084815447424897, 51.876105424932355, 73.25290991740825], "predictionZ": [-14.690812274169922, -33.24657265777588, -3.9660293304443357], "oculusXSynchronized": [205.43789719337437, 241.9296625808025, 221.7110875615656], "oculusYSynchronized": [51.87571302268021, 73.2527588373099, 12.022269353372312], "oculusZSynchronized": [-33.24657265777588, -3.9660293304443357, -34.24793069000244], "timestamp": [1592129070.7232454, 1592129071.3455806, 1592129071.992093], "oculusTimeStamp": [1592129070.4857838, 1592129070.5396218, 1592129070.5935998, 1592129070.6444557, 1592129070.69532, 1592129070.7461836, 1592129070.7970479, 1592129070.847911, 1592129070.8987756, 1592129070.9496388, 1592129071.0005035, 1592129071.0513673, 1592129071.1022313, 1592129071.1530955, 1592129071.2039592, 1592129071.2548232, 1592129071.3056872, 1592129071.3565512, 1592129071.4074154, 1592129071.4582784, 1592129071.5091434, 1592129071.5600069, 1592129071.6108708, 1592129071.6617348, 1592129071.712302, 1592129071.7631662, 1592129071.8140302, 1592129071.8669083, 1592129071.917301, 1592129071.9681652, 1592129072.0185618, 1592129072.0694256, 1592129072.1198049, 1592129072.1766536, 1592129072.2335365, 1592129072.2903843, 1592129072.3456473, 1592129072.402463, 1592129072.4593103, 1592129072.516158, 1592129072.5710115]}