{"oculusX": [240.43132838617188, 240.16610640115965, 239.67200180028163, 239.14158855574817, 238.86872594349123, 238.7100892980687, 238.6183001379798, 238.53496394381102, 238.55481951303958, 238.6791683407516, 238.96793434363616, 239.04916212521292, 239.1495440622019, 239.11063019795037, 239.03779654930744, 239.08237021185724, 239.1430571307078, 239.2785880853882, 239.50886093426172, 239.6884271134777, 239.55413322550388, 239.20534561214686, 238.90117489201248, 238.9122498540772, 239.07291309449437, 239.08097284547756, 238.7874674379606, 238.20836009142627, 236.994589861369, 235.57869022365787, 234.3449825962034, 233.46324193995838, 232.89948717185865, 232.42096636933783, 232.15351719728093, 232.04289686411715, 231.86940392984403, 232.8091699764912, 232.80284827299326, 232.5891777063938], "oculusY": [0.8173914000229235, 1.3828871424282956, 2.138018563395292, 3.0344353380965616, 3.652512595064999, 4.040449332606847, 4.315639281254855, 4.235393080427409, 4.210890886183499, 4.23226950468636, 4.200868742547796, 3.974491845795373, 3.5401780783268637, 3.7875644237193824, 3.768379161235841, 3.79479753575453, 3.5212173893928234, 2.9758095335623826, 3.0055220913255942, 3.0695120785772434, 3.031356717154287, 2.6205789148760896, 1.9076035620457978, 1.1810197321280358, 0.3163824344004218, -0.713514648878042, -2.428258994314788, -3.879970309586922, -4.632052576986296, -4.5818555058397, -3.1870713967309787, -1.5661031342858185, -0.18911763213933733, 1.0950050533764712, 1.8777572456448917, 2.6243155011064228, 3.3206988974859812, 5.448779784430317, 6.205427992917874, 7.2053378758200735], "oculusZ": [-9.05996148223877, -9.56672017211914, -10.30522172088623, -11.045630618286133, -11.398847743225097, -11.655743762207031, -11.89368550415039, -12.075360461425781, -12.106950923156738, -11.824424906921386, -11.696036502075195, -11.569555445861816, -11.29859273071289, -11.553819819641113, -11.530097171020508, -11.540706797790527, -11.368449374389648, -10.968621417236328, -10.823662921142578, -10.800774737548828, -10.937746211242676, -11.176283999633789, -11.346395655822754, -11.076505824279785, -10.846670314025879, -10.662015124511719, -10.411317988586426, -10.502274676513672, -11.272962733459472, -12.405570193481445, -13.667042895507812, -14.876540347290039, -15.765841647338867, -16.531522914123535, -16.810830279541015, -17.008956118774414, -17.206009074401855, -16.40277688140869, -16.698058291625976, -17.094190760803222], "dobotX": [259.11981201171875, 256.9227294921875, 240.63113403320312], "dobotY": [0.0, 0.09725227952003479, 0.8183914422988892], "dobotZ": [-8.568687438964844, -8.627044677734375, -9.059959411621094], "diffX": [-20.00918181376838, -17.84175664670994, -7.828285760209866], "diffY": [3.7875644237193824, -0.8107669283980767, 5.387036550618985], "diffZ": [-2.9851323806762693, -2.0349704467773435, -7.638098880004883], "diffXYZ": [20.582128569475653, 17.975726076346945, 12.191914338689445], "predictionX": [240.6311283861719, 350.5073483135282, 403.94752417746963], "predictionY": [0.8183914000229235, 3.788007325489443, -0.713339631775514], "predictionZ": [-9.05996148223877, -11.553819819641113, -10.662015124511719], "oculusXSynchronized": [239.11063019795037, 239.08097284547756, 232.80284827299326], "oculusYSynchronized": [3.7875644237193824, -0.713514648878042, 6.205427992917874], "oculusZSynchronized": [-11.553819819641113, -10.662015124511719, -16.698058291625976], "timestamp": [1592129077.7729826, 1592129078.407577, 1592129079.078631], "oculusTimeStamp": [1592129077.608026, 1592129077.6605368, 1592129077.7113771, 1592129077.7622607, 1592129077.813105, 1592129077.8635113, 1592129077.9143746, 1592129077.964762, 1592129078.0156257, 1592129078.0664895, 1592129078.1173537, 1592129078.168217, 1592129078.219081, 1592129078.269945, 1592129078.3208086, 1592129078.3716729, 1592129078.4225378, 1592129078.4734015, 1592129078.524266, 1592129078.5751288, 1592129078.6259925, 1592129078.676857, 1592129078.7277212, 1592129078.7785854, 1592129078.8294492, 1592129078.8803132, 1592129078.9361644, 1592129078.9870267, 1592129079.0378911, 1592129079.0887556, 1592129079.1396196, 1592129079.1901815, 1592129079.2410457, 1592129079.2919095, 1592129079.3487563, 1592129079.4056041, 1592129079.4624522, 1592129079.5193005, 1592129079.5756538, 1592129079.6295097]}