{"oculusX": [240.97040172408822, 241.30893508433797, 242.8694193883336, 243.082334343536, 243.10240982388117, 243.29617971603457, 244.06936092075938, 244.59638959218069, 245.92165947397382, 246.90353976318946, 249.3544662028399, 248.62742998080975, 247.75890004397996, 244.47019147747022, 242.8910606146661, 242.62267567726963, 245.87085331715312, 249.24052187089538], "oculusY": [-2.5720028090532963, -3.8875880752368603, -2.219659049585781, -2.2954555665606966, -0.3541307224616095, -0.23891488389539445, 2.228958457525626, 0.032361859818750144, -0.89817083539412, -2.985026470562855, -5.16477380044379, -7.149559437073054, -5.036501257629897, -5.633496896238487, -1.8850076915819858, 0.0908805310198732, 2.3625974580937226, 2.2857145086704405], "oculusZ": [-7.301624461364746, -7.252629443359375, -6.7623216354370115, -7.279213114929199, -8.703644915771484, -9.811337634277344, -10.191496058654785, -10.522778674316406, -9.819563075256347, -9.984906359863281, -7.619913264465332, -8.540447398376465, -10.294254466247558, -15.5114490234375, -17.727668925476074, -19.236858531188965, -16.770060702514648, -14.516051455688476], "dobotX": [259.11981201171875], "dobotY": [0.0], "dobotZ": [-8.568687438964844], "diffX": [-16.228751397052662], "diffY": [-1.8850076915819858], "diffZ": [-9.15898148651123], "diffXYZ": [18.729991131202315], "predictionX": [241.17020172408823], "predictionY": [-2.5710028090532964], "predictionZ": [-7.301624461364746], "oculusXSynchronized": [242.8910606146661], "oculusYSynchronized": [-1.8850076915819858], "oculusZSynchronized": [-17.727668925476074], "timestamp": [1592129050.02918], "oculusTimeStamp": [1592129049.8137507, 1592129049.8666093, 1592129049.9184825, 1592129049.9693341, 1592129050.0201988, 1592129050.0710628, 1592129050.1338935, 1592129050.1907413, 1592129050.246592, 1592129050.302948, 1592129050.3588, 1592129050.4151518, 1592129050.4710293, 1592129050.5278504, 1592129050.5837011, 1592129050.6375573, 1592129050.691413, 1592129050.745269]}