{"oculusX": [238.89724349069073, 237.38236680197943, 238.9577031910665, 240.6667582027768, 243.29874734386408, 245.00256614866706, 245.61137222832158, 245.56414802557853, 244.7822383237534, 243.24692891888742, 241.88197035073085, 240.60513410750448, 239.81318571411586, 239.40605827791518, 238.3311783081117, 237.5348037114615, 236.4003707963649, 235.8755669231902, 235.17933165576628, 233.6158252127441, 231.21123726031882, 229.00343860287137, 227.0009005588646, 224.3729511687917, 222.36529509924355, 221.2628914088812, 220.5496020338931, 219.92005733652175, 218.14200503653944, 216.9279335796778, 216.73756628604045, 217.0171574087709, 217.480872746812, 219.65572540340284, 222.74460645803885, 227.07251721973347, 230.4088139816633, 235.1394323435714, 239.59593291133444, 241.96945063049534, 243.34463956070755, 243.1477808424213, 241.94090676148062, 240.6043108458452], "oculusY": [22.253371953880066, 25.088924959651578, 26.620656214869165, 25.85130022733626, 24.244560034938907, 21.812219440348635, 18.636934625763768, 15.582494173710652, 10.285381567914532, 7.121475428425329, 4.288792367943557, 2.37048316803856, 1.5436402984716628, -0.28989008609854466, -0.9463101648900291, -1.7283994122960447, -3.549060002928274, -5.155256406202485, -7.042649279152555, -9.472669882215323, -12.09635028608596, -14.360631798064048, -15.576442296617946, -17.27460615605613, -18.399912212898045, -19.23398729350582, -20.55496453791978, -22.243642508393105, -24.60684325498416, -27.331518201564766, -30.878916669677537, -33.48025705962786, -36.80298661092792, -39.32304107158979, -41.10967157563311, -42.45603339739034, -43.376106778698706, -44.8927163942702, -45.10842240714937, -45.38921275821473, -45.76973040027902, -45.7682646802521, -44.94382137471135, -43.23146469411709], "oculusZ": [-17.450030490112304, -17.094786807250976, -11.723216220092773, -6.396349116516113, 0.5276840484619143, 5.314056233215332, 7.250611141967774, 7.76118452911377, 8.422676876831055, 7.492963627624512, 6.005946949768067, 2.1612089431762698, -0.9700614654541013, -5.3928453170776365, -10.693128749084472, -14.146621867370605, -16.625817462158203, -18.304641886901855, -19.52594105834961, -21.667416735839844, -24.37847439880371, -26.488001986694336, -27.963693782043457, -29.43044488067627, -30.20554368133545, -30.435259982299804, -30.176337405395508, -29.462154551696777, -29.560979052734375, -28.406198664855957, -25.98958794708252, -23.49048440093994, -19.625600024414062, -14.466579600524902, -9.449656649780273, -3.4261304580688474, 1.0480325973510745, 7.899586514282227, 13.834540203857422, 17.33941252593994, 20.51908190612793, 22.478048161315918, 22.86595518951416, 23.03523238067627], "dobotX": [259.11981201171875, 257.5513916015625, 241.0864715576172], "dobotY": [0.0, 1.416863203048706, 16.290630340576172], "dobotZ": [-8.568687438964844, -9.17901611328125, -15.586174011230469], "diffX": [-20.788633703607047, -37.63133426504075, 2.2581680030903613], "diffY": [-0.9463101648900291, -23.66050571144181, -62.060360740855195], "diffZ": [-2.1244413101196287, -20.283138438415527, 36.1052559173584], "diffXYZ": [20.918318409257086, 48.860439560040085, 71.83437340767443], "predictionX": [239.77871608091644, 358.6971566262944, 388.8933251068711], "predictionY": [17.47201763251555, -1.7280054365030086, -22.243488066001618], "predictionZ": [-16.095097705078125, -14.146621867370605, -29.462154551696777], "oculusXSynchronized": [238.3311783081117, 219.92005733652175, 243.34463956070755], "oculusYSynchronized": [-0.9463101648900291, -22.243642508393105, -45.76973040027902], "oculusZSynchronized": [-10.693128749084472, -29.462154551696777, 20.51908190612793], "timestamp": [1592129063.0003328, 1592129063.6346369, 1592129064.263761], "oculusTimeStamp": [1592129062.7433403, 1592129062.7946506, 1592129062.846512, 1592129062.899602, 1592129062.9504657, 1592129063.0013304, 1592129063.0521946, 1592129063.1030583, 1592129063.1539223, 1592129063.204786, 1592129063.2556503, 1592129063.306514, 1592129063.357378, 1592129063.4082422, 1592129063.459106, 1592129063.5109673, 1592129063.5618315, 1592129063.6126952, 1592129063.6635585, 1592129063.7144232, 1592129063.7652872, 1592129063.8161507, 1592129063.867015, 1592129063.917879, 1592129063.9682705, 1592129064.0191355, 1592129064.0699992, 1592129064.1208625, 1592129064.1717272, 1592129064.222591, 1592129064.2730162, 1592129064.3238814, 1592129064.374745, 1592129064.4256082, 1592129064.4774697, 1592129064.5343173, 1592129064.590168, 1592129064.6470168, 1592129064.7034643, 1592129064.7603128, 1592129064.8171601, 1592129064.8686366, 1592129064.9215229, 1592129064.9736202]}