{"oculusX": [241.60694773016672, 241.65813960589426, 241.4850456767971, 241.24747159027274, 241.08558118142915, 241.4503724953264, 241.7237422699888, 240.6655401186391, 240.28004135066743, 240.1794015710724, 240.60676804551338, 240.58795882967482, 240.60873977941463, 240.71749688980182, 241.1029443477869, 241.4043657537272, 242.27800858222645, 243.23654809086892, 244.46329901526792, 245.95783828483408, 247.42031809735244, 250.25676729113073, 254.05982873201518, 260.6451728374318, 267.04948680580986, 270.7824110477823, 274.3798380656208, 277.01207596618383, 280.5768886937044, 283.3281402627797, 284.7116865812187, 286.2236672796427, 286.5780738757065, 285.22974994905593, 283.19739361553707, 280.6939816785057, 278.0834652689369, 276.12776220606725, 274.0531583622782], "oculusY": [8.284350715022228, 10.648995273587209, 12.849697630483043, 14.051093046621016, 16.290568708519498, 18.170669308253085, 19.586298637986367, 19.064739669416635, 20.743178850623, 23.167622680563085, 26.327454017831748, 28.0806593511721, 30.051627366744075, 33.428859660085806, 37.17236874668201, 39.924426536953376, 44.21940460714589, 47.48260271765942, 51.35486962661003, 54.40936744858956, 56.1686636306556, 56.97204923194256, 56.5755436285386, 53.63158410663902, 49.00114636045499, 45.328894816511514, 40.17141304923946, 36.10715818569764, 31.943158565017143, 26.80508026640492, 23.932861689625025, 20.409904222167274, 16.02865894410408, 11.995532732365207, 5.931481596753337, -0.4133693625896738, -6.703959638670914, -13.28755578510442, -20.463015701214783], "oculusZ": [-10.87575738067627, -11.85077015991211, -12.731488391113281, -13.218577548217773, -14.204199954223633, -15.016372843933105, -15.645201846313476, -16.16888825531006, -16.954477473449707, -17.64183823699951, -17.518814250183105, -17.30578724975586, -17.199571772766113, -17.234619303894043, -17.520602389526367, -17.890031977844238, -18.913682147216797, -20.166214152526855, -21.96734730834961, -23.74535386199951, -24.74778477783203, -24.77520291442871, -23.25373475189209, -20.632918521118164, -19.409473582458496, -19.44666688079834, -18.90796010131836, -18.274005099487304, -17.24201027984619, -15.746052905273437, -14.771159335327148, -13.296063586425781, -11.271889849853515, -9.701545878601074, -7.2451192581176755, -4.9617845260620115, -3.2413560592651365, -1.121695681762695, 1.2863319671630862], "dobotX": [259.11981201171875, 256.32562255859375, 241.80674743652344], "dobotY": [0.0, 1.3372020721435547, 8.285350799560547], "dobotZ": [-8.568687438964844, -8.941032409667969, -10.875770568847656], "diffX": [-18.511072232304116, 14.456788489188568, 32.24641092575479], "diffY": [30.051627366744075, 43.99169274436796, -28.74836650077533], "diffZ": [-8.63088433380127, -10.50563447113037, 12.162102536010742], "diffXYZ": [36.33527579312806, 47.4830087460453, 44.88002152575216], "predictionX": [241.80674773016673, 362.50675352540566, 443.8122839967077], "predictionY": [8.285350715022227, 33.42925049508178, 40.17156519114147], "predictionZ": [-10.87575738067627, -17.234619303894043, -18.90796010131836], "oculusXSynchronized": [240.60873977941463, 270.7824110477823, 274.0531583622782], "oculusYSynchronized": [30.051627366744075, 45.328894816511514, -20.463015701214783], "oculusZSynchronized": [-17.199571772766113, -19.44666688079834, 1.2863319671630862], "timestamp": [1592129084.5003376, 1592129085.164668, 1592129085.803978], "oculusTimeStamp": [1592129084.352366, 1592129084.4025989, 1592129084.453463, 1592129084.5043266, 1592129084.555191, 1592129084.6060553, 1592129084.6569188, 1592129084.7077832, 1592129084.7586467, 1592129084.8090386, 1592129084.8599021, 1592129084.9103491, 1592129084.9612124, 1592129085.0170634, 1592129085.0679274, 1592129085.1187904, 1592129085.1696548, 1592129085.2205188, 1592129085.271383, 1592129085.3222466, 1592129085.37311, 1592129085.4239755, 1592129085.4748387, 1592129085.5257027, 1592129085.5765665, 1592129085.6274304, 1592129085.6803148, 1592129085.7311532, 1592129085.7820241, 1592129085.8328812, 1592129085.8837452, 1592129085.934609, 1592129085.9854727, 1592129086.0362203, 1592129086.0872917, 1592129086.1382854, 1592129086.1885538, 1592129086.2391913, 1592129086.2894275]}