{"oculusX": [237.8473837827915, 239.47955735684442, 241.15924076504032, 243.7290093690895, 245.33839892182888, 245.82463473622346, 245.66042759660067, 244.6782176686351, 243.0276723904353, 241.56091878902245, 240.21728782985303, 239.39777327143773, 238.92443467501266, 237.8300165602007, 237.0084497446542, 235.8126961071611, 235.231986682772, 234.4708721799278, 232.82826673011294, 230.34393664297505, 228.06972122609494, 226.0373841899511, 223.3678556946015, 221.33514302358398, 220.21194361869408, 219.45903848316422, 218.77726012277336, 216.9335554890342, 215.63878812029157, 215.3332456861735, 215.52494091798692, 215.87526189699258, 217.94600556451354, 220.94433234155997, 225.18185181048915, 228.4510965311843, 233.07716374631747, 237.4764768889755, 239.81320448921667], "oculusY": [20.668698288117454, 22.14114255985843, 21.30764349689333, 19.601783733812866, 17.106321121191346, 13.91179092334369, 10.864594710877284, 5.610109200924641, 2.5139982976111894, -0.25753261542912875, -2.1208562612004647, -2.9149695733384546, -4.725752639590203, -5.339651454596397, -6.08900518913117, -7.859767994093477, -9.439041353856432, -11.291513564599354, -13.651981398338854, -16.17470161215322, -18.347283527105116, -19.485482803042938, -21.081867716481586, -22.131121237618096, -22.92218427013906, -24.209959915941056, -25.86543556987536, -28.151769248513364, -30.815081154743687, -34.32696917311564, -36.914825154842035, -40.22230237270508, -42.78978489369872, -44.661482791625204, -46.14051356576109, -47.1657094680525, -48.83149419903945, -49.20390109175063, -49.56749537260588], "oculusZ": [-15.053923770141601, -9.682353182983398, -4.355486079406738, 2.5685470855712893, 7.354919270324707, 9.291474179077149, 9.802047566223145, 10.46353991394043, 9.533826664733887, 8.046809986877442, 4.202071980285645, 1.0708015716552737, -3.3519822799682615, -8.652265711975097, -12.10575883026123, -14.584954425048828, -16.26377884979248, -17.485078021240234, -19.62655369873047, -22.337611361694336, -24.44713894958496, -25.922830744934082, -27.389581843566894, -28.164680644226074, -28.39439694519043, -28.135474368286133, -27.421291514587402, -27.520116015625, -26.365335627746582, -23.948724909973144, -21.449621363830566, -17.584736987304687, -12.425716563415527, -7.408793612670898, -1.3852674209594724, 3.0888956344604495, 9.940449551391602, 15.875403240966797, 19.380275563049317], "dobotX": [259.11981201171875, 256.5054016113281, 240.12466430664062], "dobotY": [0.0, 2.3637681007385254, 17.17411994934082], "dobotZ": [-8.568687438964844, -9.478134155273438, -15.17633056640625], "diffX": [-19.72203874028102, -37.046363128163904, -0.3114598174239518], "diffY": [-2.9149695733384546, -26.57372801667958, -66.74161532194671], "diffZ": [9.639489010620117, -18.657340213012695, 34.55660612945557], "diffXYZ": [22.144426117479323, 49.26146958376641, 75.15782893476174], "predictionX": [239.45531498503516, 360.5574354792241, 388.55542834531485], "predictionY": [17.779305763321524, -4.725361021750162, -24.209806090393098], "predictionZ": [-15.40916745300293, -3.3519822799682615, -28.135474368286133], "oculusXSynchronized": [239.39777327143773, 219.45903848316422, 239.81320448921667], "oculusYSynchronized": [-2.9149695733384546, -24.209959915941056, -49.56749537260588], "oculusZSynchronized": [1.0708015716552737, -28.135474368286133, 19.380275563049317], "timestamp": [1592129055.8137126, 1592129056.4977517, 1592129057.1498294], "oculusTimeStamp": [1592129055.7139795, 1592129055.7648432, 1592129055.815708, 1592129055.866571, 1592129055.917436, 1592129055.9682999, 1592129056.0191636, 1592129056.0700276, 1592129056.1208916, 1592129056.1713018, 1592129056.2221665, 1592129056.2730303, 1592129056.3248918, 1592129056.3787475, 1592129056.4296112, 1592129056.480121, 1592129056.5309846, 1592129056.5818486, 1592129056.6327126, 1592129056.6835766, 1592129056.7344398, 1592129056.7853045, 1592129056.836168, 1592129056.887032, 1592129056.9378965, 1592129056.9887602, 1592129057.042652, 1592129057.09348, 1592129057.1443489, 1592129057.1952083, 1592129057.2460723, 1592129057.2969363, 1592129057.3537846, 1592129057.4106314, 1592129057.472974, 1592129057.529822, 1592129057.5800726, 1592129057.6369212, 1592129057.6987958]}