{"oculusX": [238.00787283938206, 236.8914114589317, 236.3207160112046, 235.3333580104832, 234.58253691415635, 233.71046561873155, 232.8004984970398, 232.27561073580054, 231.73002230715724, 231.3007157276683, 230.88615953962412, 230.23640557768735, 229.46540092377828, 229.1386128608751, 228.9625599738711, 229.0498722755385, 228.7049194369361, 228.44767374422855, 228.25958490492104, 228.41170824410716, 228.75450146154827, 229.27523618677864, 229.78373783826135, 230.01573374938752, 230.44453474475756, 231.17805765241533, 231.53373563467312, 232.39359373781022, 233.0538020220367, 233.36372182919962, 233.33054566386556, 233.29970078918745, 232.90406347399943, 232.4809416670471, 231.85120537355775, 230.8442347611683, 229.25294664860212, 228.15570397108817], "oculusY": [3.6985604363916895, 6.392577015908614, 8.159827406787517, 10.569498817442597, 12.827537971217895, 15.68687376280621, 18.53578699188879, 21.109660262255193, 24.02585632244985, 27.276290955197744, 29.524996618705558, 32.92675263205055, 36.76927358159528, 39.89049741207675, 43.2357397127751, 46.0850766820592, 47.40608730368447, 49.211198190288144, 50.830871362756646, 51.807632583889, 52.61309159582581, 53.32473233235618, 54.33581081001283, 55.17179138572127, 55.96050955710859, 58.16338895505365, 60.00426373605691, 62.7807759166887, 66.90979117245628, 71.42193941587043, 75.64697035272567, 81.27587886754236, 86.2531056156897, 89.40001476327981, 93.32065593693633, 94.73401829324158, 94.036074588015, 93.76072693848118], "oculusZ": [-12.526686831665039, -13.983066722106933, -14.616902514648437, -15.54518525238037, -16.36009995574951, -17.406161471557617, -18.39869801635742, -18.92357651824951, -19.318278475952148, -19.790585681152344, -20.38186375732422, -21.336491748046875, -22.52882306213379, -23.118312998962402, -23.234303637695312, -22.419746562194824, -21.5389091217041, -19.216712161254883, -16.055639430236816, -12.72970025177002, -7.719095393371582, -1.4494020187377927, 4.171435192871094, 9.681169346618653, 14.205400303649903, 19.727770642089844, 24.389688328552246, 27.30781252746582, 29.67125590209961, 30.785505131530762, 30.907694653320313, 29.939238385009766, 27.475063160705567, 25.210205868530274, 20.095650509643555, 14.711086109924317, 9.623114422607422, 4.796807125854492], "dobotX": [259.11981201171875, 256.47979736328125, 243.29222106933594], "dobotY": [0.0, 0.00015877904661465436, 0.025708291679620743], "dobotZ": [-8.568687438964844, -8.568672180175781, -8.568702697753906], "diffX": [-29.654411087940474, -25.301739710865917, -15.136517098247765], "diffY": [36.76927358159528, 58.16323017600703, 93.73501864680156], "diffZ": [-13.960135623168945, 28.296442822265625, 13.365509823608399], "diffXYZ": [49.25696867762, 69.45378357798323, 95.88537283353888], "predictionX": [243.3236321440201, 186.37846117180848, -135.0], "predictionY": [0.000950038349803569, 44.876747013228396, 209.98809490063957], "predictionZ": [-8.5687, -8.5687, -8.5687], "oculusXSynchronized": [229.46540092377828, 231.17805765241533, 228.15570397108817], "oculusYSynchronized": [36.76927358159528, 58.16338895505365, 93.76072693848118], "oculusZSynchronized": [-22.52882306213379, 19.727770642089844, 4.796807125854492], "timestamp": [1591591979.989097, 1591591980.6232224, 1591591981.2410078], "oculusTimeStamp": [1591591979.8524637, 1591591979.9033267, 1591591979.9541907, 1591591980.0050545, 1591591980.0559185, 1591591980.1067822, 1591591980.1576474, 1591591980.2085106, 1591591980.2593756, 1591591980.3102388, 1591591980.3611033, 1591591980.411967, 1591591980.4628308, 1591591980.5166876, 1591591980.5675511, 1591591980.618415, 1591591980.6689193, 1591591980.7197843, 1591591980.7706473, 1591591980.8215125, 1591591980.8723762, 1591591980.9232397, 1591591980.9737217, 1591591981.0245852, 1591591981.0754502, 1591591981.1263132, 1591591981.1771781, 1591591981.2280416, 1591591981.2789059, 1591591981.3297696, 1591591981.3806338, 1591591981.4314983, 1591591981.4823623, 1591591981.5392098, 1591591981.5960577, 1591591981.6529067, 1591591981.709755, 1591591981.7666018]}