{"oculusX": [243.3304539801325, 244.16562649783776, 245.1041991086114, 245.74072767235387, 246.90880657780323, 248.10772647455374, 249.04471649442814, 251.17391456609462, 252.5719527057844, 255.13594934129873, 257.84541884835505, 260.5518890180054, 262.6328048797136, 264.6112483983913, 266.37373358065156, 269.07311473561754, 273.18975792616493, 275.96957600937964, 280.4314915904527, 284.63636464444176, 288.63983396673274, 292.6875724974033, 295.27398243400495, 296.8785798905178, 298.8450360595351, 299.15517110181526, 299.0039613757412, 298.8077516608973, 298.6442215719571, 296.5898197664016, 291.99300032424696, 286.90267292126794, 282.7587136653471, 274.5050783269335, 268.8228970158046, 265.78481110119134, 261.3246038175323, 259.0564649457306, 254.5444504166366], "oculusY": [10.09724580045572, 13.010946338938847, 16.502627081913776, 18.696882288937815, 22.662990467317936, 26.664143401297828, 29.756496881488193, 34.234995195597755, 36.308700098132086, 38.79346336002614, 40.98662916427091, 43.19176842091277, 45.38971156470601, 47.08722589245639, 48.833703215751, 50.501158554376644, 52.38081677388966, 53.36976337517066, 54.63956190825351, 55.58185307205019, 57.07544639397334, 59.32998284798043, 61.23860817060165, 62.77408931265824, 65.00938262227844, 68.07465669435065, 70.06722198223922, 72.44781367248144, 74.29061358995064, 75.53285307834928, 76.48194385710521, 76.12445026734052, 75.60459664017466, 73.7929786920924, 72.93130031472015, 74.1961811677164, 72.6249509397846, 72.24505984440329, 67.81691921360316], "oculusZ": [-15.548284693908691, -17.747219248962402, -20.155485316467285, -21.988566561889648, -24.945672198486328, -28.194125338745117, -30.247505351257324, -32.9367477142334, -33.947880908203125, -34.93910615081787, -36.1180860244751, -37.25939576263428, -38.251097842407226, -39.13622681732178, -39.862092181396484, -40.295417948913574, -40.31329934234619, -39.80189149017334, -38.792665644836426, -37.89752308959961, -37.74314705963135, -38.49106614227295, -39.686616107177734, -40.86881463165283, -43.10541932220459, -46.403582736206054, -49.08746068115234, -52.287872477722175, -55.58603589172364, -58.88109986419679, -63.32748715515137, -67.01975648040772, -68.82410828704835, -67.34329049224854, -64.18102566833497, -61.624224826049804, -61.5244466506958, -61.74212281341553, -60.460146113586426], "dobotX": [259.11981201171875, 255.4798126220703, 243.39700317382812], "dobotY": [0.0, 0.00021892263612244278, 0.22946371138095856], "dobotZ": [-8.568687438964844, -8.568687438964844, -8.568702697753906], "diffX": [3.5129928679948534, 43.67535847974494, 11.147447242808482], "diffY": [45.38971156470601, 68.07443777171453, 67.5874555022222], "diffZ": [-29.682410403442383, -37.83489529724121, -51.89144341583252], "diffXYZ": [54.34714824327192, 89.29247067039005, 85.93632306001119], "predictionX": [243.3236321440201, 291.55953312089184, -134.99999999999997], "predictionY": [0.000950038349803569, 150.25657605019344, 209.98809490063954], "predictionZ": [-8.5687, -8.5687, -8.5687], "oculusXSynchronized": [262.6328048797136, 299.15517110181526, 254.5444504166366], "oculusYSynchronized": [45.38971156470601, 68.07465669435065, 67.81691921360316], "oculusZSynchronized": [-38.251097842407226, -46.403582736206054, -60.460146113586426], "timestamp": [1591592002.0654757, 1591592002.7374299, 1591592003.3623314], "oculusTimeStamp": [1591592001.9178798, 1591592001.968724, 1591592002.019587, 1591592002.0704522, 1591592002.1213167, 1591592002.1721797, 1591592002.2230446, 1591592002.2739084, 1591592002.3247726, 1591592002.3756359, 1591592002.4265006, 1591592002.477364, 1591592002.528228, 1591592002.5820913, 1591592002.6359446, 1591592002.686809, 1591592002.737673, 1591592002.788052, 1591592002.838915, 1591592002.8892975, 1591592002.9401612, 1591592002.9905574, 1591592003.0414214, 1591592003.0920534, 1591592003.1429174, 1591592003.1937816, 1591592003.2496326, 1591592003.3004963, 1591592003.3513606, 1591592003.4022243, 1591592003.4530878, 1591592003.5039518, 1591592003.5608008, 1591592003.6176488, 1591592003.6744971, 1591592003.731346, 1591592003.788195, 1591592003.8450415, 1591592003.9018896]}