{"oculusX": [239.17634201829756, 239.80912488370143, 240.75607441755355, 241.29947723128637, 241.98204230437625, 242.26603497617074, 244.00312822898425, 246.84495811148795, 248.65696334054866, 249.6846767073459, 250.63394406691876, 251.57052815409276, 251.98223230521967, 252.50958535522423, 252.637895426037, 252.2672507875978, 252.0121036441966, 251.8754187472925, 251.49717677193524, 250.85634266806733, 251.04559788729438, 250.8186945101181, 249.78601753428217, 247.9226670910338, 246.89677192643543, 245.45237023787374, 244.38388564560225, 243.18253281676823, 242.63443882155832, 243.00698235955076, 242.7979877514165, 242.62408720033775, 242.1487077720476, 241.70546834055747, 241.64528211403203, 241.07856206798803, 243.7061145718214, 245.13155037347644, 247.62440902829013, 249.95026978464998], "oculusY": [1.6360720943674563, -0.12095319783621042, -1.7919682287962655, -4.563935148585256, -6.03244154413685, -10.119882560723669, -12.501716136724115, -16.8403249897986, -19.68360110706481, -22.454658494374538, -25.38663736106392, -26.14302355540619, -27.16695220943153, -26.774525372701063, -25.831191075995118, -24.3818218931743, -23.73502130876841, -22.440262123767535, -20.314312271974224, -19.46182261129959, -16.399070043892994, -14.452627989676868, -13.129928740898746, -11.398874486964727, -10.60626728617936, -7.943714790255476, -6.973756155080323, -6.0047087770230805, -5.103869996866802, -3.7621139940290926, -3.813004349967919, -3.789327467226734, -4.374253323748749, -5.168635012495557, -5.367656144580376, -5.070289519439053, -0.342999239868118, -1.5092571042980103, -1.6612870351701696, -2.980523833732613], "oculusZ": [-12.622411891174316, -4.003699465942383, 5.386773899841309, 15.510503605651849, 29.735986546325684, 45.33893282775879, 61.28591711883545, 76.96396525268554, 85.2977674758911, 92.3243206298828, 97.0909040725708, 98.79833872680663, 98.91266043548583, 97.32991869812011, 94.85525305633544, 91.14331419830322, 88.08273489837646, 82.32027705078124, 74.56475909118652, 66.89793284301757, 52.83612425689697, 42.00083430175781, 32.16630633239746, 23.45186884765625, 17.40724261169433, 10.405604199218736, 5.97590620880127, 2.947394207763672, -0.3783065521240232, -2.000268145751953, -2.4195272171020505, -1.1131126129150388, 0.8385818756103518, 4.474584416198731, 9.053890065002442, 16.50685484771728, 23.3299177444458, 28.81354506378174, 37.25463564758301, 46.03678400878906], "dobotX": [259.11981201171875, 257.3198547363281, 243.2943572998047], "dobotY": [0.0, 0.0001082584640244022, 0.028190162032842636], "dobotZ": [-8.568687438964844, -8.568687438964844, -8.5687255859375], "diffX": [-6.610226656494518, -12.935969090725877, 6.655912484845288], "diffY": [-26.774525372701063, -6.973864413544347, -3.0087139957654556], "diffZ": [105.89860613708495, 14.544593647766114, 54.60550959472656], "diffXYZ": [109.43073191366807, 20.676539496573255, 55.09187970122284], "predictionX": [243.3236321440201, 183.39720991614996, -135.0], "predictionY": [0.000950038349803569, 55.73108713634776, 209.98809490063957], "predictionZ": [-8.5687, -8.5687, -8.5687], "oculusXSynchronized": [252.50958535522423, 244.38388564560225, 249.95026978464998], "oculusYSynchronized": [-26.774525372701063, -6.973756155080323, -2.980523833732613], "oculusZSynchronized": [97.32991869812011, 5.97590620880127, 46.03678400878906], "timestamp": [1591592014.8747778, 1591592015.492128, 1591592016.1393056], "oculusTimeStamp": [1591592014.6673324, 1591592014.7211888, 1591592014.7740471, 1591592014.824911, 1591592014.8757749, 1591592014.9266393, 1591592014.9775033, 1591592015.028367, 1591592015.0792315, 1591592015.1300962, 1591592015.1809595, 1591592015.2318237, 1591592015.282687, 1591592015.3335516, 1591592015.3854134, 1591592015.436277, 1591592015.4871414, 1591592015.5380056, 1591592015.5888693, 1591592015.639733, 1591592015.6905978, 1591592015.7414618, 1591592015.7918422, 1591592015.8427062, 1591592015.8935704, 1591592015.9444342, 1591592015.995298, 1591592016.046162, 1591592016.096782, 1591592016.1476457, 1591592016.1985102, 1591592016.2493744, 1591592016.3062234, 1591592016.3590817, 1591592016.4159296, 1591592016.470783, 1591592016.527631, 1591592016.5834818, 1591592016.6403298, 1591592016.697178]}