{"oculusX": [242.02563814210092, 242.0923971222983, 242.5290670310784, 243.12164231799838, 243.26686628107754, 241.8510858555662, 242.01433927744804, 243.3441995071834, 245.15466705362937, 249.16451612096202, 255.1551589789993, 260.0672758359641, 263.61778835586256, 265.68729623939976, 267.55034458262975, 268.3449564296421, 267.64392141394046, 265.3585883354843, 263.06155991182277, 261.1358140522982, 258.88431377990446, 256.99090761836175, 254.79713270391707, 252.74752917048335, 250.1130707508387, 246.4659061697511, 242.81502431357436, 239.06842825770948, 235.64801421619148, 231.68741410444466, 227.49205733821867, 224.1864480353637, 220.01615737724262, 216.34637143125653, 214.0676970962241, 211.95434444515004, 210.3447617466826], "oculusY": [16.866345420595106, 20.837971048049123, 24.351841587305415, 29.617991437950366, 32.78404324974175, 37.04734016222623, 42.61888018642324, 46.303785222152044, 47.548293921737, 50.586052413405454, 55.248620799499676, 62.08698384005931, 67.05561381878869, 70.74234273870896, 76.77613389285962, 83.2619578386888, 88.46359140854108, 94.14999071273252, 99.73917146147807, 103.63969273589137, 109.3020233826711, 114.7025981155551, 118.64446289276854, 122.13337043701183, 124.2385652771953, 124.50991093715298, 123.2161581414931, 121.55111292253429, 120.0143946746508, 116.77744887283878, 112.41091783972902, 109.45986560225161, 105.02956419975348, 101.15258816198582, 97.83565003195268, 92.79033440138252, 87.43277006056692], "oculusZ": [-19.215996905517578, -21.375115557861328, -23.556526347351074, -26.46559064025879, -29.051597758483886, -33.36137120361328, -35.40402238006592, -36.41420189971924, -34.68876664276123, -30.827100917053222, -26.179488345336914, -22.63563458557129, -18.475945635986328, -16.308363124084472, -15.044029399108886, -15.98769013519287, -18.098529025268554, -21.113451167297363, -24.00010411376953, -25.749023600769043, -28.51360623474121, -30.756171389770508, -32.228406115722656, -33.282454653930664, -33.346589251708984, -32.18799416656494, -31.161482974243164, -29.98905961151123, -30.6251603805542, -31.649764224243164, -33.88636891479492, -36.15539853210449, -39.162333651733405, -42.36942116851807, -45.000727816772475, -47.65253846282959, -50.84925477142334], "dobotX": [259.11981201171875, 256.9198303222656, 243.33778381347656], "dobotY": [0.0, 0.00013231589400675148, 0.03837066516280174], "dobotZ": [-8.568687438964844, -8.568687438964844, -8.568687438964844], "diffX": [0.9474638242453466, -4.172301151782278, -32.99302206679397], "diffY": [62.08698384005931, 122.13323812111783, 87.39439939540412], "diffZ": [-14.066947146606445, -24.71376721496582, -42.280567332458496], "diffXYZ": [63.667654677076484, 124.67841128602157, 102.53763662547486], "predictionX": [243.3236321440201, 296.3826635652281, -135.0], "predictionY": [0.000950038349803569, 140.503796169288, 209.98809490063957], "predictionZ": [-8.5687, -8.5687, -8.5687], "oculusXSynchronized": [260.0672758359641, 252.74752917048335, 210.3447617466826], "oculusYSynchronized": [62.08698384005931, 122.13337043701183, 87.43277006056692], "oculusZSynchronized": [-22.63563458557129, -33.282454653930664, -50.84925477142334], "timestamp": [1591592025.836425, 1591592026.4654732, 1591592027.1005247], "oculusTimeStamp": [1591592025.7496433, 1591592025.800508, 1591592025.8513718, 1591592025.902236, 1591592025.9530997, 1591592026.0039635, 1591592026.054828, 1591592026.1056921, 1591592026.1565564, 1591592026.207154, 1591592026.2580118, 1591592026.3088758, 1591592026.3647265, 1591592026.415106, 1591592026.4659696, 1591592026.5163527, 1591592026.5672169, 1591592026.6178145, 1591592026.6686783, 1591592026.719542, 1591592026.770407, 1591592026.82127, 1591592026.8721342, 1591592026.9229991, 1591592026.975858, 1591592027.0267217, 1591592027.0775857, 1591592027.1284497, 1591592027.1793141, 1591592027.230178, 1591592027.2810624, 1591592027.331927, 1591592027.3822963, 1591592027.433155, 1591592027.4842005, 1591592027.5352397, 1591592027.5857081]}