{"oculusX": [240.0386708199281, 239.59700474478234, 239.17898666414578, 238.8261999083435, 239.07180060746649, 239.13110999682272, 239.50689067960323, 239.58408573029584, 239.61147766897233, 239.4217494777993, 239.1808329462548, 238.040721786598, 236.61385014925213, 235.23924768955754, 233.48027805901293, 232.06986102207333, 231.27224893559386, 230.17141916182564, 229.18373315204232, 228.85574749099212, 228.42707625807597, 228.41546289396973, 228.6263789626293, 229.08951474840484, 229.44517576969488, 229.4054902323074, 229.20935498656075, 229.06948329428243, 229.11718931641258, 229.39380976011543, 229.5728786681289, 229.85162492893124], "oculusY": [2.7647196340122875, 3.2927361365874823, 3.8920675073083904, 4.526552149117511, 5.4618177675509285, 6.311021779621275, 7.603048409969789, 9.389974619105411, 10.618905943642929, 13.462805478171896, 15.75450120076332, 19.262664008608805, 23.517083169208366, 27.21751833806661, 32.2839713351096, 37.79922925504412, 42.475228021467316, 48.287186701245325, 54.25794567648839, 58.97985149290042, 64.93005408092358, 69.15792931129549, 74.00315507740397, 80.63801247954424, 84.73685571036232, 90.06258470564667, 95.52189240490013, 98.98576585265845, 104.0969565852975, 109.23557737172311, 112.70315918562974, 117.64595708842772], "oculusZ": [-9.587820216369629, -10.226901217651367, -10.689194842529297, -11.367614909362793, -11.396582766723633, -11.628802462768554, -11.636431857299804, -12.23688904876709, -13.641174479675293, -14.567549868774414, -15.486534281921386, -16.751464053344726, -17.667229815673828, -18.436248942565918, -19.032295390319824, -19.241269274902344, -19.063409014892578, -19.029315158081054, -18.982108279418945, -19.30778805847168, -20.11805359954834, -20.735200091552734, -21.686132594299316, -22.883828326416015, -23.460324450683594, -24.151380702209472, -24.54775158996582, -24.61796586151123, -24.162109538269043, -23.473795100402832, -22.85271470184326, -22.151287242126465], "dobotX": [259.11981201171875, 253.67979431152344], "dobotY": [0.0, 0.0003271810710430145], "dobotZ": [-8.568687438964844, -8.568679809570312], "diffX": [-27.049950989645424, -24.10691564339453], "diffY": [37.79922925504412, 112.7028320045587], "diffZ": [-10.6725818359375, -14.284034892272949], "diffXYZ": [47.69051880470987, 116.13399750499072], "predictionX": [243.3236321440201, 279.0211215529596], "predictionY": [0.000950038349803569, 0.0030005923534408034], "predictionZ": [-8.5687, -11.5687], "oculusXSynchronized": [232.06986102207333, 229.5728786681289], "oculusYSynchronized": [37.79922925504412, 112.70315918562974], "oculusZSynchronized": [-19.241269274902344, -22.85271470184326], "timestamp": [1591591974.102201, 1591591974.8450167], "oculusTimeStamp": [1591591973.789038, 1591591973.8418958, 1591591973.8947558, 1591591973.9486115, 1591591974.0014708, 1591591974.0523343, 1591591974.1031978, 1591591974.1540625, 1591591974.2049267, 1591591974.25579, 1591591974.3066547, 1591591974.357519, 1591591974.4084418, 1591591974.4593065, 1591591974.5101707, 1591591974.561035, 1591591974.6126382, 1591591974.6654973, 1591591974.7203507, 1591591974.7712145, 1591591974.8220782, 1591591974.8789258, 1591591974.9357748, 1591591974.992622, 1591591975.049471, 1591591975.106318, 1591591975.1631663, 1591591975.220014, 1591591975.276864, 1591591975.3337107, 1591591975.3905585, 1591591975.4444146]}