{"oculusX": [236.24333472021766, 234.8380832541544, 233.43522045964346, 232.34791237517393, 231.62685697451582, 231.19066199138666, 230.84282668480992, 230.2767637858775, 229.85649553862012, 229.36929477184748, 229.0930308968072, 229.02698929039187, 229.02427398738925, 229.1295307390136, 229.20940196892445, 229.36073638517846, 229.37019246823425, 229.28659549499486, 229.5273807127468, 229.53782000696373, 229.6930319332829, 229.7042286359304, 229.70089155883545, 229.34522229590362, 229.37125573879203, 229.40693031499333, 229.4352136306649, 229.75711512902694, 229.9947777711606, 230.2368338746643, 230.21461031910474, 230.53652214147547, 231.2768072097737, 233.2139288573999, 233.53953537308374, 233.19577271507524, 232.01298206655898, 232.3114371109033, 232.234059641412, 233.0213266636684, 234.56135179769976, 235.09867474943812, 235.1096175663895, 235.11243083198767, 235.55706849769393, 235.99354716593314, 235.773580527009, 235.5861297197809, 235.74202455324183, 234.38519252768955, 233.26737987052226, 233.45454524892227, 233.6312525447161, 234.40460905123965, 235.29734748652336, 237.02236431130967, 239.12137805298215, 240.56428537985641, 241.57317670731237, 241.90139265783168, 240.51973526248074, 238.298807415196, 236.63137776405426, 234.8685615336835, 234.01191575759532, 232.72364639398737, 231.8675335616109, 231.10703349328568, 230.2845727368429, 228.75690327608467, 228.03968321367273, 227.72051358278517, 227.87335646870073, 228.34762647677215, 229.23307577255832, 229.60066402008354, 230.21325277876414, 229.9801028396179, 229.97440016557874], "oculusY": [-3.1346752079671383, -4.605015264477461, -6.558571992965707, -8.33650962190345, -9.529422148330974, -10.549282243784386, -11.789204311049103, -13.167512119731066, -14.070537103476573, -15.031727176171705, -15.71424592497351, -15.97289168698329, -16.589933087979123, -17.100288427605335, -17.376423931713422, -17.03532685508324, -16.667581064652524, -16.325914927931457, -15.588711663595475, -12.961233451302686, -10.601226340311058, -8.620227709061057, -5.739427627053506, -2.632395059892673, -0.10932647815135749, 2.633007342011112, 4.777891058496557, 8.252795962344898, 11.259204744272626, 13.977904906403912, 18.02244939572355, 23.513319229140066, 29.08435105976083, 39.259609966063294, 46.84824948658943, 52.38693940200656, 60.245268557225394, 70.13427123401887, 77.0053212256621, 87.09966020352394, 96.37061300042305, 102.7775111403388, 109.83841331706846, 114.024203576692, 117.58986632190803, 120.07168843464952, 120.78688750909326, 119.99618038786538, 119.12010098665479, 119.92484001712243, 121.68506245451489, 124.93913487218363, 128.3700290656037, 131.6009398877753, 133.73934427319108, 136.9735136828831, 139.41317338974358, 140.90395118714136, 142.1053173839027, 141.75837741934424, 139.43269444628734, 133.81007762934243, 127.79914812114079, 121.11351057840508, 115.41176699721716, 111.17230133396028, 106.33463330286992, 101.73279298549227, 98.58648153147168, 93.90287094702627, 90.7929540189988, 88.24635863242803, 84.73099981341441, 82.45919134228556, 79.33578933079616, 74.74670277790877, 71.60120067750596, 67.5299093954242, 64.36739034775032], "oculusZ": [-12.327488108825683, -13.278659030151367, -13.807709857177734, -14.355714961242676, -14.624651118469238, -14.436181231689453, -14.166529818725586, -14.247353717041015, -14.373477145385742, -14.497812434387207, -14.439519091796875, -14.442022486877441, -14.110501452636719, -13.555463000488281, -13.213332339477539, -13.04119412536621, -12.975152178955078, -12.708957835388183, -12.456114932250976, -13.191517039489746, -14.194067164611816, -15.127952738952636, -16.73549000854492, -18.192823573303222, -19.16127984161377, -20.1501208984375, -20.932610675048828, -22.149379893493652, -22.541697665405273, -22.445972605895996, -22.299345179748535, -22.405799075317383, -22.481139346313476, -22.465642138671875, -22.598202868652344, -22.24844281311035, -21.0506278717041, -18.78588978881836, -17.296369715881347, -14.979179545593261, -12.521680041503906, -11.31528203125, -10.053928538513183, -8.972104235839844, -6.970103427124023, -6.033595248413086, -5.794580622863769, -5.384500666809082, -5.187209292602539, -5.404170199584961, -4.755194827270508, -4.131014987182617, -3.753359957885742, -3.0690986358642576, -3.193672343444824, -4.008587046813965, -5.797441645812988, -7.65162293548584, -10.35242859954834, -12.134965106201172, -13.36460892791748, -12.895281954956054, -12.029703303527832, -11.549528285217285, -11.807974024963379, -12.468035861206054, -12.815888568115234, -13.820346041870117, -14.944012805175781, -16.940768405151367, -18.266494914245605, -18.515642329406738, -18.34815327758789, -18.390234156799316, -19.62834183807373, -22.887881442260742, -25.73018853302002, -29.051597758483886, -30.91364686126709], "dobotX": [259.11981201171875, 254.38096618652344, 240.4905548095703, 239.7980499267578, 238.17845153808594, 237.66351318359375], "dobotY": [0.0, 0.0002363062958465889, -0.01566540263593197, -0.7358263731002808, -2.4201650619506836, -2.6393496990203857], "dobotZ": [-8.568687438964844, -9.332466125488281, -12.168258666992188, -38.1890869140625, -99.04753875732422, -114.99999237060547], "diffX": [-30.092822721326883, -24.974035871530106, -7.469228145901923, -6.34350467783554, -5.454805144098572, -7.689113018015007], "diffY": [-15.97289168698329, 2.6327710357152654, 87.11532560615987, 125.67496124528391, 113.59246639591096, 67.0067400467707], "diffZ": [-5.873335047912597, -10.817654772949219, -2.810920878601074, 34.05807192687988, 86.57950289611816, 84.08634550933837], "diffXYZ": [34.57177046039653, 27.343291788401864, 87.4801154591633, 130.36252605322534, 142.930100548503, 107.79396630523965], "predictionX": [240.50651474723276, 237.75390296068426, 237.48083308679344, 210.17781207949656, 147.7885432696527, 90.21851237832615], "predictionY": [0.000928167259882235, -2.861671084205617, 42.28865377745326, 147.232051360889, 218.37583869159928, 224.09112315929224], "predictionZ": [-11.5687, -115, -79, -73, -115, -115], "oculusXSynchronized": [229.02698929039187, 229.40693031499333, 233.0213266636684, 233.45454524892227, 232.72364639398737, 229.97440016557874], "oculusYSynchronized": [-15.97289168698329, 2.633007342011112, 87.09966020352394, 124.93913487218363, 111.17230133396028, 64.36739034775032], "oculusZSynchronized": [-14.442022486877441, -20.1501208984375, -14.979179545593261, -4.131014987182617, -12.468035861206054, -30.91364686126709], "timestamp": [1591568158.5006194, 1591568159.220307, 1591568159.927474, 1591568160.5565166, 1591568161.287078, 1591568161.9407942],