{"oculusX": [243.3304539801325, 244.16562649783776, 245.1041991086114, 245.74072767235387, 246.90880657780323, 248.10772647455374, 249.04471649442814, 251.17391456609462, 252.5719527057844, 255.13594934129873, 257.84541884835505, 260.5518890180054, 262.6328048797136, 264.6112483983913, 266.37373358065156, 269.07311473561754, 273.18975792616493, 275.96957600937964, 280.4314915904527, 284.63636464444176, 288.63983396673274, 292.6875724974033, 295.27398243400495, 296.8785798905178, 298.8450360595351, 299.15517110181526, 299.0039613757412, 298.8077516608973, 298.6442215719571, 296.5898197664016, 291.99300032424696, 286.90267292126794, 282.7587136653471, 274.5050783269335, 268.8228970158046, 265.78481110119134, 261.3246038175323, 259.0564649457306], "oculusY": [10.097245800455728, 13.010946338938854, 16.50262708191378, 18.69688228893782, 22.662990467317943, 26.664143401297835, 29.756496881488204, 34.23499519559776, 36.308700098132086, 38.793463360026145, 40.986629164270916, 43.19176842091277, 45.38971156470602, 47.087225892456395, 48.833703215751015, 50.50115855437666, 52.38081677388967, 53.36976337517068, 54.63956190825352, 55.581853072050194, 57.07544639397336, 59.32998284798044, 61.238608170601665, 62.77408931265826, 65.00938262227847, 68.07465669435068, 70.06722198223922, 72.44781367248144, 74.29061358995064, 75.5328530783493, 76.48194385710524, 76.12445026734053, 75.60459664017466, 73.79297869209243, 72.93130031472015, 74.19618116771643, 72.62495093978461, 72.2450598444033], "oculusZ": [-15.548284693908691, -17.747219248962402, -20.155485316467285, -21.988566561889648, -24.945672198486328, -28.194125338745117, -30.247505351257324, -32.9367477142334, -33.947880908203125, -34.93910615081787, -36.1180860244751, -37.25939576263428, -38.251097842407226, -39.13622681732178, -39.862092181396484, -40.295417948913574, -40.31329934234619, -39.80189149017334, -38.792665644836426, -37.89752308959961, -37.74314705963135, -38.49106614227295, -39.686616107177734, -40.86881463165283, -43.10541932220459, -46.403582736206054, -49.08746068115234, -52.287872477722175, -55.58603589172364, -58.88109986419679, -63.32748715515137, -67.01975648040772, -68.82410828704835, -67.34329049224854, -64.18102566833497, -61.624224826049804, -61.5244466506958, -61.74212281341553], "dobotX": [259.11981201171875, 256.9198303222656, 243.3236541748047], "dobotY": [0.0, 0.00013231589400675148, 0.0009500384912826121], "dobotZ": [-8.568687438964844, -8.568687438964844, -8.568702697753906], "diffX": [3.5129928679948534, 41.92520573726949, 18.00094964272762], "diffY": [45.38971156470602, 65.00925030638446, 72.62400090129333], "diffZ": [-29.682410403442383, -34.536731883239746, -52.955743952941894], "diffXYZ": [54.34714824327192, 84.71547291189084, 91.6656452143365], "predictionX": [243.3236321440201, 180.01050413333297, -134.99999999999997], "predictionY": [0.000950038349803569, 65.76425493875958, 209.98809490063954], "predictionZ": [-8.5687, -8.5687, -8.5687], "oculusXSynchronized": [262.6328048797136, 298.8450360595351, 261.3246038175323], "oculusYSynchronized": [45.38971156470602, 65.00938262227847, 72.62495093978461], "oculusZSynchronized": [-38.251097842407226, -43.10541932220459, -61.5244466506958], "timestamp": [1591591990.9887848, 1591591991.6064262, 1591591992.2301166], "oculusTimeStamp": [1591591990.8760862, 1591591990.92695, 1591591990.977814, 1591591991.028678, 1591591991.0795414, 1591591991.1304061, 1591591991.1812704, 1591591991.2321343, 1591591991.2829983, 1591591991.333863, 1591591991.3847268, 1591591991.4355907, 1591591991.4864547, 1591591991.5369034, 1591591991.5877676, 1591591991.6386316, 1591591991.6894958, 1591591991.74036, 1591591991.7912238, 1591591991.8416262, 1591591991.8924901, 1591591991.9428842, 1591591991.9937482, 1591591992.0446124, 1591591992.0954762, 1591591992.1463404, 1591591992.197204, 1591591992.248068, 1591591992.2989328, 1591591992.349797, 1591591992.405676, 1591591992.4624958, 1591591992.5193439, 1591591992.5761917, 1591591992.63304, 1591591992.6889112, 1591591992.7457385, 1591591992.7995946]}