{"oculusX": [236.74299342304207, 235.60222664169822, 234.19557741448565, 232.78853704283665, 231.69656434432486, 230.97241425653772, 230.5326467788661, 230.17953014217716, 229.6086424781058, 229.18552543485828, 228.69554904700422, 228.4169540352385, 228.34982050426987, 228.34365250081933, 228.44546330061817, 228.52334375497176, 228.67574925124723, 228.68721810699213, 228.6060054787973, 228.84961517810507, 228.87491544700995, 229.04282134056263, 229.06542023618064, 229.07892611507575, 228.74345520591618, 228.78439513252945, 228.83639943585413, 228.8775735133666], "oculusY": [-2.8537548399386248, -3.8488013524012192, -5.302748474450647, -7.2374198202399755, -8.999348558946961, -10.181588975563184, -11.19338278690645, -12.424547089523367, -13.792072251845129, -14.687748292814605, -15.640890964846367, -16.31808988807848, -16.57493668153939, -17.188551672609425, -17.69666795680268, -17.97171664585016, -17.633363763108033, -17.267712283567597, -16.92746911008419, -16.195698664552754, -13.582698102808777, -11.236383655440418, -9.266088448313942, -6.400558485908064, -3.307663274403512, -0.7977415445738577, 1.930442068822274, 4.064388853921655], "oculusZ": [-11.853750392150879, -12.81362359161377, -13.764794512939453, -14.29384533996582, -14.841850444030761, -15.110786601257324, -14.922316714477539, -14.652665301513672, -14.733489199829101, -14.859612628173828, -14.983947917175293, -14.92565457458496, -14.928157969665527, -14.596636935424804, -14.041598483276367, -13.699467822265625, -13.527329608154297, -13.461287661743164, -13.19509331817627, -12.942250415039062, -13.677652522277832, -14.680202647399902, -15.614088221740722, -17.221625491333008, -18.67895905609131, -19.647415324401855, -20.636256381225586, -21.418746157836914], "dobotX": [259.11981201171875, 253.67979431152344], "dobotY": [0.0, 0.0002309429255547002], "dobotZ": [-8.568687438964844, -8.568679809570312], "diffX": [-30.76999150744888, -24.80222079815684], "diffY": [-16.57493668153939, 4.064157910996101], "diffZ": [-6.359470530700683, -12.850066348266601], "diffXYZ": [35.52412938829559, 28.22749973343175], "predictionX": [237.75388200357241, 246.53997401218953], "predictionY": [0.0009070428178396765, 0.7151526867265388], "predictionZ": [-8.5687, -53.5687], "oculusXSynchronized": [228.34982050426987, 228.8775735133666], "oculusYSynchronized": [-16.57493668153939, 4.064388853921655], "oculusZSynchronized": [-14.928157969665527, -21.418746157836914], "timestamp": [1591568107.3901606, 1591568108.1365151], "oculusTimeStamp": [1591568107.2366076, 1591568107.28943, 1591568107.3402941, 1591568107.3911574, 1591568107.4420223, 1591568107.4928863, 1591568107.5437498, 1591568107.5946152, 1591568107.6454792, 1591568107.6963437, 1591568107.7472107, 1591568107.7980702, 1591568107.8489344, 1591568107.9047856, 1591568107.958642, 1591568108.012497, 1591568108.063361, 1591568108.1139235, 1591568108.1647878, 1591568108.2156515, 1591568108.266516, 1591568108.31738, 1591568108.368244, 1591568108.4186587, 1591568108.4695227, 1591568108.5199354, 1591568108.5707996, 1591568108.6216636]}