{"oculusX": [232.3435524400557, 230.80344813164405, 229.40366234823094, 228.37155118763042, 227.66156367539068, 226.94600561045868, 226.12176948103613, 225.49386999949073, 224.53205263817173, 223.80550413860055, 223.05247622131625, 222.56293555481258, 222.06084283083774, 220.50452432368576, 218.85435760669, 216.64571831719977, 214.99756616467172, 213.92243468501178, 213.29644831610378, 212.78312467956172, 212.30161815853447, 211.8112958774514, 211.32962872126828, 210.67504535917334, 209.99459422990824, 209.49485325231313, 208.85340660041368, 208.0415198530755, 207.57152933767475, 207.37880432219146, 207.1298474129993, 206.8941541138007, 206.30607229128566, 205.86900386228416, 205.48859036526198, 204.92480814699854, 204.26479453376152, 203.41620321025428, 202.58605817607213, 202.1130256173969, 201.38661303828803, 200.9393350298434, 200.96348908940504], "oculusY": [0.8962205727970679, 0.6506846579789889, 0.09668354876568339, -1.0040880038721127, -2.0852232286937324, -3.3794986682265873, -5.069751466862804, -6.628157528151455, -8.84201678586561, -10.673611633743553, -12.229289936692512, -12.993140244747499, -13.093888804359246, -14.029946127157224, -15.533310854073465, -17.569515670855278, -19.877652499390745, -22.067360765206576, -24.237714003277567, -26.143000183466427, -28.188490028640874, -30.16969448819183, -31.19969410622707, -32.589408305849055, -33.951965488120535, -35.090741421163806, -36.1809542713398, -37.5616223867566, -38.573407999574094, -39.38842132093493, -40.59579634503796, -41.49358265201607, -42.57790227147124, -43.56773687135229, -44.71855995986886, -46.33688851092122, -47.31818867866049, -47.85698632749884, -47.87958358554992, -47.01627648276971, -44.56386174805954, -42.01711250903936, -36.507991059037636], "oculusZ": [-15.559371157836914, -16.50040928955078, -17.295892878723144, -17.686184092712402, -17.765815898132324, -17.909820719909668, -18.093999072265625, -18.08732335205078, -18.057521029663086, -17.96942536468506, -18.071349307250976, -18.160994692993164, -18.3725911819458, -19.16294877166748, -20.111497088623047, -21.223123713684082, -21.853979273986816, -21.803434535217285, -21.37976472015381, -21.07613865966797, -20.732696696472168, -20.291741534423828, -20.173724337768554, -20.01446072692871, -19.925053759765625, -19.90288083190918, -20.001228495788574, -20.08586709136963, -19.945200129699707, -19.827898188781738, -19.782837077331543, -19.75172345275879, -19.90311925048828, -19.870217486572265, -19.674475833129883, -19.4709855758667, -19.617255374145508, -20.074422999572754, -20.67488019104004, -21.319564028930664, -22.963221713256836, -24.415906115722656, -26.44735161895752], "dobotX": [259.11981201171875, 256.0713195800781, 235.3228759765625], "dobotY": [0.0, 0.13290300965309143, 1.0374581813812256], "dobotZ": [-8.568687438964844, -9.219413757324219, -13.648185729980469], "diffX": [-42.474093694518984, -48.029799727002626, -33.93626293827447], "diffY": [-17.569515670855278, -37.694525396409695, -45.60131992944076], "diffZ": [-12.654436274719238, -10.86645333404541, -9.315035983276367], "diffXYZ": [47.67463973130931, 62.01466531988658, 57.601390754847635], "predictionX": [234.7475549746852, 336.1383752396946, 374.10937419719244], "predictionY": [1.0625396407735745, -17.56911332986024, -38.57324135567724], "predictionZ": [-13.770993395996094, -21.223123713684082, -19.945200129699707], "oculusXSynchronized": [216.64571831719977, 208.0415198530755, 201.38661303828803], "oculusYSynchronized": [-17.569515670855278, -37.5616223867566, -44.56386174805954], "oculusZSynchronized": [-21.223123713684082, -20.08586709136963, -22.963221713256836], "timestamp": [1592045248.2822218, 1592045248.9409795, 1592045249.57628], "oculusTimeStamp": [1592045248.0156555, 1592045248.0695112, 1592045248.1213896, 1592045248.1752455, 1592045248.2261088, 1592045248.2769728, 1592045248.327354, 1592045248.378218, 1592045248.428707, 1592045248.4795709, 1592045248.5300786, 1592045248.5809422, 1592045248.6318061, 1592045248.68267, 1592045248.733534, 1592045248.784398, 1592045248.8402493, 1592045248.891113, 1592045248.941977, 1592045248.9928405, 1592045249.0437052, 1592045249.094569, 1592045249.1454322, 1592045249.1962965, 1592045249.2471611, 1592045249.2980242, 1592045249.3488889, 1592045249.3997533, 1592045249.4516141, 1592045249.5024781, 1592045249.5533419, 1592045249.6042058, 1592045249.655069, 1592045249.7059333, 1592045249.7567978, 1592045249.8136458, 1592045249.8704927, 1592045249.9273405, 1592045249.9841886, 1592045250.0410364, 1592045250.0978844, 1592045250.1517403, 1592045250.2055964]}