{"oculusX": [246.53920260162369, 247.36437477920634, 247.36865878637204, 246.82406648270052, 245.69311690228727, 244.09965992528768, 242.4521688779991, 239.97921637563715, 237.13023705864882, 234.07797467143357, 230.88805002874517, 225.8068364371755, 222.2396405504035, 217.88961002444063, 212.87646248267703, 208.9764634358924, 205.03234879770233, 201.16932654665044, 198.32302435403443, 194.76077161770957, 190.29924615228018, 187.3801672457533, 184.54431985371238, 182.4446578779417, 180.61895674683058, 179.25707502472818, 177.50635793089927, 176.58759592325958, 175.84889804142654, 175.379363471421, 175.11783316894127, 174.8050191908754, 174.5086478693315, 174.2520161579355, 174.1186874509222, 174.5477103574528, 175.37815230490452, 176.81744651532125, 177.90362587009605, 179.70944158364242], "oculusY": [-3.3163016584334812, -3.6090558191948063, -3.4994326316945457, -3.278922301844709, -1.6319832527741862, 1.1497647709011494, 3.040324008068711, 6.245495340125783, 9.876862274270225, 13.498092869326138, 16.365373462315546, 21.21808605570953, 25.70900606222883, 31.508504835528015, 37.82131894642123, 41.78397912268985, 48.58513222850212, 54.131672709329784, 58.652012543039746, 65.4404980145935, 73.28040974149728, 78.84925855116305, 84.23302870919548, 88.13678339071156, 92.7998190914591, 95.69054384801836, 100.69872828460025, 103.81428022834965, 107.43152402161765, 111.28930187695218, 113.76804146603112, 117.72709667971596, 119.38148859954576, 119.78246993292619, 119.78001807268132, 118.04815251821968, 115.62250445957403, 112.3238316837459, 109.81747006668907, 106.44934896585369], "oculusZ": [24.064246968078614, 33.91915972595215, 43.04272349243164, 50.701920346069336, 59.52686484222412, 68.79002268676757, 75.19966776733398, 84.05000384216308, 93.51903612976074, 101.83388407592773, 106.88430483703613, 112.13392432098388, 115.72081263427734, 118.83861239318847, 120.95338518981933, 121.46753485565185, 122.60562594299316, 122.62136156921386, 122.21831496124267, 120.14049704437255, 114.5488661087036, 109.03424437408447, 102.61494334106445, 97.43565733795165, 91.09753783111572, 85.56217368011474, 76.13879855041503, 68.97658522491454, 59.44413359527588, 49.32004626159668, 40.8240001953125, 29.972855404663086, 19.912664250183106, 12.763683155822754, 1.2322109497070173, -8.665617152404785, -15.79695527191162, -22.214348956298828, -26.548441096496582, -31.178172274780273], "dobotX": [259.11981201171875, 258.1155090332031, 247.29525756835938], "dobotY": [0.0, -0.23384784162044525, -2.753314733505249], "dobotZ": [-8.568687438964844, -6.625312805175781, 14.312515258789062], "diffX": [-36.88017146131526, -77.49655228637255, -70.47781105303812], "diffY": [25.70900606222883, 93.03366693307954, 115.07714641725114], "diffZ": [124.28950007324218, 97.7228506362915, -36.52686421508789], "diffXYZ": [132.1702684728309, 155.59798949784857, 139.80015482020278], "predictionX": [245.92088057873391, 344.10690792937174, 348.84105535414267], "predictionY": [-3.0733337526469624, 25.70939650638981, 95.69069523073075], "predictionZ": [16.972009495544434, 115.72081263427734, 85.56217368011474], "oculusXSynchronized": [222.2396405504035, 180.61895674683058, 176.81744651532125], "oculusYSynchronized": [25.70900606222883, 92.7998190914591, 112.3238316837459], "oculusZSynchronized": [115.72081263427734, 91.09753783111572, -22.214348956298828], "timestamp": [1592045268.557509, 1592045269.1798613, 1592045269.8126326], "oculusTimeStamp": [1592045268.4208746, 1592045268.4717383, 1592045268.5226023, 1592045268.573466, 1592045268.6243308, 1592045268.675194, 1592045268.726058, 1592045268.7769217, 1592045268.827786, 1592045268.87865, 1592045268.929514, 1592045268.980378, 1592045269.031242, 1592045269.0821054, 1592045269.13297, 1592045269.1838338, 1592045269.2346978, 1592045269.2855616, 1592045269.336057, 1592045269.3869207, 1592045269.4377847, 1592045269.48839, 1592045269.5392535, 1592045269.5896842, 1592045269.6405475, 1592045269.6949482, 1592045269.7458117, 1592045269.796676, 1592045269.8475397, 1592045269.898404, 1592045269.9492676, 1592045270.006116, 1592045270.0629637, 1592045270.1198115, 1592045270.1766586, 1592045270.2325249, 1592045270.2883854, 1592045270.345209, 1592045270.3990653, 1592045270.4509265]}