{"oculusX": [235.19378313384462, 233.1279456383881, 231.17828577960452, 229.03863140373716, 227.5448308147916, 226.1908387247633, 225.20068672541174, 224.52346021297103, 223.84344596181506, 223.0626994989653, 222.47143396867955, 221.56377984424384, 220.8803969242481, 220.16779116384944, 219.70129608354398, 219.21376380350148, 217.71062989177543, 216.12331743198817, 213.99865228067915, 212.42359265808727, 211.40560136460778, 210.8256023010984, 210.3520758494066, 209.9119396379389, 209.46262590027558, 209.00788479429846, 208.38982273236215, 207.74618666940228, 207.27563819708342, 206.6660461758395, 205.8945237917989, 205.4512277919715, 205.27572723673234, 205.05155145665296, 204.83554083372846, 204.27828759165254, 203.867115708208, 203.5139733849392, 202.98935845607016], "oculusY": [2.0655544734412463, 2.358589379753705, 2.4974535688204487, 2.310042067771457, 2.0528091353569065, 1.4974147986245412, 0.4147168811996066, -0.645227636333711, -1.9127612529310662, -3.5671337547443134, -5.091179343098574, -7.257703682651509, -9.049769589880457, -10.574030832879158, -11.324182185132823, -11.42893788505384, -12.36114307238733, -13.84753344202959, -15.861301208271541, -18.13354823864782, -20.283377137029852, -22.408723573261277, -24.27442754369954, -26.276857693736947, -28.217124733539546, -29.22938497365703, -30.595490091588417, -31.935771073177452, -33.055101383856034, -34.12938108281452, -35.490161545102765, -36.48563594750572, -37.28470950127833, -38.468020454111596, -39.34880991777112, -40.417579269258674, -41.39178231851145, -42.52253983528562, -44.113402587881495], "oculusZ": [-13.502653285217285, -15.33156220550537, -17.040904208374023, -18.829281970214844, -19.77032010192871, -20.565803691101074, -20.956094905090332, -21.035726710510254, -21.179731532287597, -21.363909884643554, -21.35723416442871, -21.327431842041015, -21.239336177062988, -21.341260119628906, -21.430905505371094, -21.64250199432373, -22.43285958404541, -23.381407901000976, -24.49303452606201, -25.123890086364746, -25.073345347595215, -24.649675532531738, -24.346049472045898, -24.002607508850097, -23.561652346801758, -23.443635150146484, -23.28437153930664, -23.194964572143554, -23.17279164428711, -23.271139308166504, -23.35577790374756, -23.215110942077636, -23.097809001159668, -23.052747889709472, -23.02163426513672, -23.17303006286621, -23.140128298950195, -22.944386645507812, -22.74089638824463], "dobotX": [259.11981201171875, 256.5444641113281, 236.0576629638672], "dobotY": [0.0, 0.22431352734565735, 2.008711099624634], "dobotZ": [-8.568687438964844, -9.104248046875, -13.364540100097656], "diffX": [-38.952020847869306, -48.15464137896598, -33.06830450779702], "diffY": [-10.574030832879158, -30.819803618934074, -46.12211368750613], "diffZ": [-12.772572680664062, -14.18012349243164, -9.376356288146972], "diffXYZ": [42.334485577013574, 58.90505652070199, 57.521110831293086], "predictionX": [235.39358313384463, 340.4692784404125, 376.74003449689644], "predictionY": [2.066554473441246, -11.32378623353737, -30.59533252767698], "predictionZ": [-13.502653285217285, -21.430905505371094, -23.28437153930664], "oculusXSynchronized": [220.16779116384944, 208.38982273236215, 202.98935845607016], "oculusYSynchronized": [-10.574030832879158, -30.595490091588417, -44.113402587881495], "oculusZSynchronized": [-21.341260119628906, -23.28437153930664, -22.74089638824463], "timestamp": [1592045275.719192, 1592045276.3704505, 1592045276.9998698], "oculusTimeStamp": [1592045275.5187285, 1592045275.5716107, 1592045275.6224515, 1592045275.6733148, 1592045275.7241788, 1592045275.775042, 1592045275.8259068, 1592045275.8767705, 1592045275.927634, 1592045275.9784985, 1592045276.0293627, 1592045276.0802257, 1592045276.1310906, 1592045276.1819544, 1592045276.2348335, 1592045276.2856767, 1592045276.3365402, 1592045276.387405, 1592045276.4382687, 1592045276.4886491, 1592045276.5395133, 1592045276.5899663, 1592045276.6408303, 1592045276.6916945, 1592045276.7425585, 1592045276.793422, 1592045276.8442855, 1592045276.8991396, 1592045276.950003, 1592045277.0008674, 1592045277.0517313, 1592045277.1025956, 1592045277.1532552, 1592045277.2041192, 1592045277.254983, 1592045277.3059268, 1592045277.35645, 1592045277.4071825, 1592045277.4577653]}