{"oculusX": [244.01929086589755, 245.1759103121006, 246.68361163399905, 248.01519615165276, 250.36489397181575, 250.83065024179615, 251.53721283083732, 252.127425882083, 252.55963301425922, 253.21237953883488, 253.6505269022427, 253.35324756751902, 252.16052730658006, 249.0608627864697, 245.79373003957917, 244.13442293369465, 241.76471495884107, 240.1673081268069, 238.30173318476022, 235.9095225691249, 233.64457343079, 232.72929923409342, 230.58332187652638, 228.60621592369722, 227.80734254161837, 226.27161904395356, 224.8263797574793, 223.97256931798566, 223.25798883429553, 223.47784988801544, 224.1819971325469, 226.1297245710738, 229.17749169758375, 231.63238188303222, 235.08171823977128, 239.96986837489655, 243.6275589455396, 246.5909872404622], "oculusY": [10.831086126870597, 12.750030764231235, 12.619294878892653, 11.714608521068522, 9.837328686840337, 7.791752390643933, 5.162333738993622, 2.0025808681106683, -2.3801191199764142, -7.423008810922739, -11.83588987671928, -16.799061210727274, -19.922202268410043, -22.560472441319774, -23.537368367513256, -23.918222872393432, -24.101043621818494, -24.17943913649438, -21.287804416408356, -19.308506001935935, -17.515201818507933, -15.447084510241591, -17.11268757353695, -18.535505910303034, -19.858094305989606, -22.766762245356443, -25.30929097356889, -27.798311818802674, -31.209978717327633, -36.82807605587956, -41.34521590693439, -47.36834330423922, -52.456909905489965, -55.635867073002295, -59.33577615558598, -62.23218155434782, -64.54976505248429, -66.8094557522547], "oculusZ": [-9.143765612792969, -7.642801448059082, -4.379089518737793, 0.08863623504638696, 4.099432781982422, 7.597152546691895, 10.649148777770996, 13.016764477539063, 15.891377285766602, 19.028846577453614, 21.02417166595459, 21.64525206451416, 20.362798527526856, 15.588704899597168, 10.12474711303711, 5.754892185974121, 0.6088655746459963, -2.7657109939575193, -7.2783786499023435, -12.326057597351074, -16.9382650100708, -20.84594552154541, -23.87159649963379, -26.24314610595703, -26.915128871154785, -27.902181788635254, -28.67847268218994, -28.27864472503662, -26.77541558380127, -22.441204234313965, -18.17255799407959, -11.42674271697998, -4.577930613708496, 0.1074713027954104, 6.162349537658692, 14.844838932800293, 21.31885702972412, 26.052538708496094], "dobotX": [259.11981201171875, 256.87744140625, 243.7310791015625], "dobotY": [-2.63243815634695e-10, 1.3892724514007568, 9.534353256225586], "dobotZ": [-8.568687438964844, -8.675888061523438, -9.304450988769531], "diffX": [-5.76656444419973, -28.27122548255278, -0.10352015602290976], "diffY": [-16.79906121046403, -19.92477836170379, -74.08411830870988], "diffZ": [30.213939503479004, -17.567258044433594, 30.623308018493653], "diffXYZ": [35.04773692211688, 38.79262221412827, 80.163921411051], "predictionX": [243.7283302090041, 375.45407942408525, 397.42153889070346], "predictionY": [9.536058446016368, -16.798671936727832, -19.857943074659925], "predictionZ": [-9.304578944396972, 21.64525206451416, -26.915128871154785], "oculusXSynchronized": [253.35324756751902, 228.60621592369722, 243.6275589455396], "oculusYSynchronized": [-16.799061210727274, -18.535505910303034, -64.54976505248429], "oculusZSynchronized": [21.64525206451416, -26.24314610595703, 21.31885702972412], "timestamp": [1592045255.2473116, 1592045255.8818502, 1592045256.5114274], "oculusTimeStamp": [1592045255.1729467, 1592045255.2238114, 1592045255.2742481, 1592045255.3251126, 1592045255.375492, 1592045255.4263568, 1592045255.4769328, 1592045255.527797, 1592045255.578662, 1592045255.6295247, 1592045255.6803892, 1592045255.7312527, 1592045255.7821167, 1592045255.8329813, 1592045255.883845, 1592045255.9347086, 1592045255.9855728, 1592045256.036437, 1592045256.087301, 1592045256.138165, 1592045256.189029, 1592045256.2398925, 1592045256.2907567, 1592045256.3416207, 1592045256.3924844, 1592045256.443348, 1592045256.4942126, 1592045256.5450764, 1592045256.5954638, 1592045256.6459103, 1592045256.7027488, 1592045256.7595968, 1592045256.8164449, 1592045256.8732927, 1592045256.9301407, 1592045256.9869897, 1592045257.0438364, 1592045257.098196]}