{"oculusX": [244.01929086589755, 245.1759103121006, 246.68361163399905, 248.01519615165276, 250.36489397181575, 250.83065024179615, 251.53721283083732, 252.127425882083, 252.55963301425922, 253.21237953883488, 253.6505269022427, 253.35324756751902, 252.16052730658006, 249.0608627864697, 245.79373003957917, 244.13442293369465, 241.76471495884107, 240.1673081268069, 238.30173318476028, 235.9095225691249, 233.64457343079, 232.72929923409342, 230.58332187652644, 228.60621592369722, 227.80734254161843, 226.27161904395356, 224.8263797574793, 223.97256931798566, 223.25798883429553, 223.47784988801547, 224.1819971325469, 226.12972457107387, 229.17749169758375, 231.63238188303222, 235.08171823977128, 239.96986837489655, 243.6275589455396, 246.5909872404622], "oculusY": [10.831086126870597, 12.750030764231235, 12.619294878892653, 11.714608521068522, 9.837328686840337, 7.791752390643933, 5.162333738993622, 2.0025808681106683, -2.3801191199764142, -7.423008810922739, -11.83588987671928, -16.799061210727274, -19.922202268410043, -22.560472441319774, -23.537368367513256, -23.918222872393432, -24.101043621818494, -24.17943913649438, -21.287804416408363, -19.308506001935935, -17.515201818507933, -15.447084510241591, -17.112687573536956, -18.535505910303034, -19.858094305989617, -22.766762245356443, -25.30929097356889, -27.798311818802674, -31.209978717327633, -36.82807605587958, -41.34521590693439, -47.36834330423925, -52.456909905489965, -55.635867073002295, -59.33577615558598, -62.23218155434782, -64.54976505248429, -66.8094557522547], "oculusZ": [-9.143765612792969, -7.642801448059082, -4.379089518737793, 0.08863623504638696, 4.099432781982422, 7.597152546691895, 10.649148777770996, 13.016764477539063, 15.891377285766602, 19.028846577453614, 21.02417166595459, 21.64525206451416, 20.362798527526856, 15.588704899597168, 10.12474711303711, 5.754892185974121, 0.6088655746459963, -2.7657109939575193, -7.2783786499023435, -12.326057597351074, -16.9382650100708, -20.84594552154541, -23.87159649963379, -26.24314610595703, -26.915128871154785, -27.902181788635254, -28.67847268218994, -28.27864472503662, -26.77541558380127, -22.441204234313965, -18.17255799407959, -11.42674271697998, -4.577930613708496, 0.1074713027954104, 6.162349537658692, 14.844838932800293, 21.31885702972412, 26.052538708496094], "dobotX": [259.11981201171875, 257.251220703125, 243.75042724609375], "dobotY": [0.0, 1.1577270030975342, 9.522377967834473], "dobotZ": [-8.568687438964844, -8.658027648925781, -9.30352783203125], "diffX": [-5.76656444419973, -29.443878161506575, -0.12286830055415976], "diffY": [-16.799061210727274, -21.01582130908715, -74.07214302031876], "diffZ": [30.213939503479004, -18.257101222229004, 30.62238486175537], "diffXYZ": [35.047736922243054, 40.52071632540374, 80.15252911083532], "predictionX": [243.7283302090041, 372.53216132330544, 396.8729980592867], "predictionY": [9.536058446016368, -19.921804331103452, -19.85794032646213], "predictionZ": [-9.304578944396972, 20.362798527526856, -26.915128871154785], "oculusXSynchronized": [253.35324756751902, 227.80734254161843, 243.6275589455396], "oculusYSynchronized": [-16.799061210727274, -19.858094305989617, -64.54976505248429], "oculusZSynchronized": [21.64525206451416, -26.915128871154785, 21.31885702972412], "timestamp": [1592045261.883947, 1592045262.506719, 1592045263.1290593], "oculusTimeStamp": [1592045261.7829607, 1592045261.8338244, 1592045261.884203, 1592045261.935067, 1592045261.985931, 1592045262.0367951, 1592045262.0871809, 1592045262.1380434, 1592045262.1885037, 1592045262.2393677, 1592045262.2897525, 1592045262.3406172, 1592045262.3950062, 1592045262.4458702, 1592045262.4967346, 1592045262.5475981, 1592045262.5984619, 1592045262.649326, 1592045262.7001903, 1592045262.751054, 1592045262.801918, 1592045262.8527818, 1592045262.9036458, 1592045262.9545097, 1592045263.0053737, 1592045263.056238, 1592045263.1071017, 1592045263.157966, 1592045263.2088296, 1592045263.2596939, 1592045263.3165417, 1592045263.3733897, 1592045263.4297538, 1592045263.486596, 1592045263.5424674, 1592045263.5987127, 1592045263.655548, 1592045263.7080488]}