{"oculusX": [241.18587613240035, 241.2871107488811, 240.91081686777974, 240.46891448799948, 239.78134694436991, 239.267290455763, 239.03980716243296, 238.76046531840086, 238.82080709165436, 238.75666188942907, 238.69346866840428, 238.47271472970314, 238.2340913190339, 237.7412352520672, 237.22549209004032, 236.75292300301257, 236.13211720223185, 234.80637865605337, 233.6854037283095, 232.33457074751888, 230.8725036645361, 229.20732093539908, 225.3953928853374, 222.06458183159364, 219.42006850491563, 216.18813870890455, 214.41297247796768, 213.5399341267316, 211.93200336862793, 210.3399788354234, 209.8798377339437, 207.78324692419204, 205.39071704607395, 202.70886018367767, 200.08065742275284, 197.81669755584306, 194.99546113413513, 192.9699005219951, 191.3831459066023, 190.46002282853365, 189.9678995287865, 189.88879924598277, 189.7982482470926], "oculusY": [5.962888388002687, 8.300878438246471, 9.849398055950346, 12.394828891137701, 14.935341607671992, 16.371675929696774, 19.04435317589815, 21.136947138452783, 23.097003817907524, 24.198142863099868, 24.8808333238992, 25.15189700327299, 25.488805829506525, 25.988442617975313, 26.299871205187905, 26.677611491065868, 26.67895266464168, 25.61870815330352, 24.19987472123223, 22.88034617596314, 22.142277305441972, 22.049661361264242, 20.93649137981048, 19.00382514988962, 16.986505967938026, 13.549681924159861, 11.176710460039816, 9.76126279682096, 7.801869940778537, 6.558816546162659, 5.666456310029298, 5.272094328839349, 5.650512154168974, 6.528144748250184, 6.752585746310993, 6.485108180020433, 5.049010314618667, 3.3100910975839675, 1.0808100295214704, -1.1821929091948533, -3.4924416417290276, -6.499532361551142, -8.753568548598412], "oculusZ": [-11.35664765472412, -12.472088977050781, -13.519223376464844, -14.684017344665527, -15.93249623413086, -16.65299718017578, -17.571385546875, -18.362577601623535, -18.73415295715332, -18.86695210571289, -18.875773593139648, -18.608148738098144, -18.534596606445312, -18.79041974182129, -19.15067021484375, -19.423301860046386, -19.37812153930664, -19.26987950439453, -18.863495036315918, -19.225176020812988, -20.50572220916748, -22.967990084838867, -26.654179736328125, -29.70653359527588, -32.0519763671875, -34.70211808319092, -37.440832301330566, -39.45356194610596, -42.504246875, -45.225675746154785, -46.03951756591797, -47.85722081298828, -50.755437060546875, -54.47059456939698, -58.28731839294434, -61.44743744964601, -64.01556317443848, -65.34784619445801, -65.70642773742676, -65.22303406829835, -64.18710534210206, -63.0958635055542, -61.70373742218019], "dobotX": [259.11981201171875, 256.19488525390625, 241.38807678222656], "dobotY": [5.2648763126939e-10, 0.9836478233337402, 5.963079929351807], "dobotZ": [-8.568687438964844, -9.028518676757812, -11.356285095214844], "diffX": [-21.89431992167843, -42.654951127174655, -51.42017725344007], "diffY": [26.299871204661418, 8.77761497348722, -9.455521571080833], "diffZ": [-10.581982775878906, -30.425043269348144, -52.830820246887214], "diffXYZ": [35.819308057018375, 53.12414364699117, 74.32722976753054], "predictionX": [241.38567613240036, 360.69724636539075, 383.2764819447884], "predictionY": [5.963888388002688, 26.677991529145178, 7.802012503368273], "predictionZ": [-11.35664765472412, -19.423301860046386, -42.504246875], "oculusXSynchronized": [237.22549209004032, 213.5399341267316, 189.9678995287865], "oculusYSynchronized": [26.299871205187905, 9.76126279682096, -3.4924416417290276], "oculusZSynchronized": [-19.15067021484375, -39.45356194610596, -64.18710534210206], "timestamp": [1592112670.0462098, 1592112670.7102692, 1592112671.3449674], "oculusTimeStamp": [1592112669.7867804, 1592112669.83967, 1592112669.8917875, 1592112669.9456434, 1592112669.9956722, 1592112670.0465362, 1592112670.0969093, 1592112670.147774, 1592112670.1986377, 1592112670.2495015, 1592112670.3003657, 1592112670.3512292, 1592112670.402094, 1592112670.4529572, 1592112670.5038214, 1592112670.55668, 1592112670.609539, 1592112670.6604025, 1592112670.7112663, 1592112670.7621303, 1592112670.812994, 1592112670.8638582, 1592112670.9147222, 1592112670.9655862, 1592112671.0164502, 1592112671.0673141, 1592112671.1175725, 1592112671.168436, 1592112671.2203, 1592112671.271164, 1592112671.3220272, 1592112671.372892, 1592112671.4237561, 1592112671.4746196, 1592112671.5302086, 1592112671.587143, 1592112671.6439824, 1592112671.700267, 1592112671.7571154, 1592112671.8133945, 1592112671.870243, 1592112671.9240985, 1592112671.9779854]}