{"oculusX": [234.6302867238237, 233.07148825116852, 230.31255297979692, 226.79151979647443, 224.50825832287921, 221.74470696521826, 217.7984320093536, 214.29072954830033, 212.520991925255, 211.5774145015391, 210.63434831411598, 208.44507842218187, 206.34564850705726, 202.96223585683643, 199.5183626356358, 197.47453343688775, 194.87718909912064, 193.02722236047984, 192.5148809364294, 192.21150986934114, 192.244879249195, 192.98159181900334, 194.15039227074342, 195.9865927768814, 198.6832339503798, 200.4341745706487, 202.75813656443427, 205.28323785647294, 206.5843475537518, 207.97176500464792, 208.96062799074576, 209.16295808159157, 209.27722033593946, 210.2299510245096, 211.04307909816637, 212.23068720944633, 213.1956392863397, 214.00932836464776], "oculusY": [14.13289990143407, 17.057003724752626, 21.69454675801112, 27.230824592846794, 30.845411712113705, 36.44006431826631, 41.08112503813519, 46.866756892671525, 52.414906305166724, 57.724582280610505, 61.35547146889411, 66.17417935956293, 69.60615423720378, 74.73096855448573, 79.46808854961897, 83.6698576120558, 89.08494761711385, 94.3380875046451, 98.88180485287496, 104.6052939685623, 110.60046980348774, 119.35016627121662, 125.04468285688928, 133.37595438617154, 142.33853607487094, 148.09350245900333, 154.7541261064985, 161.02360060878488, 165.06603148087436, 168.46646771124225, 170.78373401774377, 171.77187450452953, 172.47728985886445, 173.1766897415462, 173.1775904116299, 172.3868728302475, 170.91964212946974, 168.8097662815177], "oculusZ": [-7.188971682739258, -7.357891246032715, -7.7339965545654294, -8.053954287719726, -7.518466159057617, -6.200369044494629, -5.0446349822998044, -3.5706121170043943, -2.2910196029663084, -0.45245473022460914, 0.7619303024291995, 2.5129955566406252, 3.7362020767211916, 4.789177731323242, 4.945699528503418, 4.91851981048584, 4.5569580352783206, 4.007880047607422, 3.6708753860473635, 2.8554838455200198, 2.1145981109619143, 0.8528869903564456, -0.5305368148803709, -3.8070041381835935, -8.709605380249023, -13.186748667907715, -19.287760897827148, -25.86298768157959, -32.02479664916992, -39.9633008682251, -47.19024483795166, -51.73879449005127, -56.833084269714355, -60.43666188354492, -63.82661645050049, -66.31058041687012, -67.15875451202393, -68.45622841949464], "dobotX": [259.11981201171875, 257.12457275390625, 237.85873413085938], "dobotY": [0.0, 0.9170395731925964, 9.771682739257812], "dobotZ": [-8.568687438964844, -8.434913635253906, -7.1431427001953125], "diffX": [-52.77416350466149, -58.44133880352646, -23.849405766211618], "diffY": [69.60615423720378, 141.42149650167835, 159.0380835422599], "diffZ": [12.304889515686035, -0.27469174499511695, -61.31308571929932], "diffXYZ": [88.21303388560779, 153.02125737778252, 172.10810745754657], "predictionX": [236.6026226841577, 328.4464803636235, 369.18999531580846], "predictionY": [10.349002665750769, 69.60654351120323, 142.3386828344365], "predictionZ": [-7.058914347839355, 3.7362020767211916, -8.709605380249023], "oculusXSynchronized": [206.34564850705726, 198.6832339503798, 214.00932836464776], "oculusYSynchronized": [69.60615423720378, 142.33853607487094, 168.8097662815177], "oculusZSynchronized": [3.7362020767211916, -8.709605380249023, -68.45622841949464], "timestamp": [1592112677.0556462, 1592112677.6730034, 1592112678.2958694], "oculusTimeStamp": [1592112676.9309795, 1592112676.9818437, 1592112677.0327082, 1592112677.0835714, 1592112677.1344354, 1592112677.1852992, 1592112677.2361631, 1592112677.2867713, 1592112677.3376353, 1592112677.3884995, 1592112677.4393635, 1592112677.4902272, 1592112677.5410914, 1592112677.5920618, 1592112677.6429253, 1592112677.6932142, 1592112677.7440784, 1592112677.7941952, 1592112677.8450594, 1592112677.8954322, 1592112677.9462967, 1592112677.9966695, 1592112678.0475338, 1592112678.0983977, 1592112678.1492615, 1592112678.200125, 1592112678.25099, 1592112678.301854, 1592112678.3527174, 1592112678.4035811, 1592112678.4604285, 1592112678.5172765, 1592112678.5741308, 1592112678.6264389, 1592112678.682303, 1592112678.7565794, 1592112678.8134112, 1592112678.86788]}