{"oculusX": [239.23775784193717, 238.36400924055647, 237.4156688395585, 236.860638677902, 236.44469879355898, 235.97880729842618, 234.7805969762145, 233.91087722779753, 232.6960012829697, 231.22406534371706, 229.87659876434344, 228.17174828147287, 226.59910060039724, 225.88991188442347, 225.15593924849094, 224.6578125144047, 223.96601411463905, 222.71312037013044, 221.45136276651115, 219.7241600932379, 217.495423606124, 216.04411532931664, 215.37084884218424, 215.20689610014384, 214.74285573396486, 214.02776057784678, 213.2396703687648, 212.13202463053986, 210.73798194631553, 210.12080700747646, 208.85842018918817, 207.00391169676723, 205.93818102315032, 204.68726464575096, 203.88259097212236, 203.36171975954684, 203.0763692441101], "oculusY": [10.196628775648122, 12.258724512844653, 15.36353122741012, 18.431935332297336, 21.047970534404534, 25.11493374274809, 28.537747571433762, 29.867802854021775, 31.625067728103044, 32.325385093119735, 33.02418418547651, 33.481879720526045, 34.33044774960887, 34.73896929770328, 35.0840398399307, 35.61973283969489, 35.49783967086594, 34.153782393663974, 31.436645889783744, 26.734277129210973, 20.8348391138129, 17.008294397825026, 12.408436141572459, 8.86949881322577, 4.074322078544675, -1.33632147586872, -4.828174966396578, -9.759875848172728, -14.489746231951964, -17.533933545411237, -21.52776100714536, -26.161379738341182, -29.360119033973465, -33.93672185367411, -38.71375592148825, -43.20533438807188, -46.632537160801164], "oculusZ": [-20.898278399658203, -24.062092944335937, -28.218563243103027, -32.15461556549072, -35.487468882751465, -40.73124711151123, -46.57274071807861, -49.80414692993164, -54.454382106018066, -59.1729242050171, -63.01325146789552, -67.83455197448731, -72.36903493041993, -74.82569996948243, -77.80891244049073, -80.06900136108399, -83.80192105407716, -87.70912472839356, -90.65037552947999, -92.97543351287842, -93.92231289978028, -93.84780709381104, -92.35971753234864, -91.30125825042725, -90.94255749816895, -91.13806073303223, -91.69464890594483, -92.32514683837891, -93.78581826324464, -95.4675037109375, -98.47718064422608, -100.8228618347168, -101.30279843444825, -100.68684403533936, -99.04032532806397, -97.29355160827637, -95.54105584259034], "dobotX": [259.11981201171875, 257.2483825683594, 240.72523498535156], "dobotY": [0.0, 0.7784481048583984, 7.651513576507568], "dobotZ": [-8.568687438964844, -9.424118041992188, -16.97704315185547], "diffX": [-30.948063730245877, -42.505526834394516, -37.64886574124145], "diffY": [33.481879720526045, 3.2958739736862768, -54.28405073730873], "diffZ": [-59.26586453552247, -81.51843945617676, -78.56401269073487], "diffXYZ": [74.77473916647274, 91.99368765350269, 102.64745172736964], "predictionX": [240.16851181145893, 353.17117578589017, 386.0588503046961], "predictionY": [7.883086903307129, 33.48225447251775, 4.074464783839706], "predictionZ": [-17.231519862365722, -67.83455197448731, -90.94255749816895], "oculusXSynchronized": [228.17174828147287, 214.74285573396486, 203.0763692441101], "oculusYSynchronized": [33.481879720526045, 4.074322078544675, -46.632537160801164], "oculusZSynchronized": [-67.83455197448731, -90.94255749816895, -95.54105584259034], "timestamp": [1592112691.2045023, 1592112691.8331094, 1592112692.455743], "oculusTimeStamp": [1592112691.1157393, 1592112691.1666033, 1592112691.2174675, 1592112691.2683315, 1592112691.319196, 1592112691.3700593, 1592112691.4209232, 1592112691.4717872, 1592112691.5226514, 1592112691.573515, 1592112691.624379, 1592112691.675243, 1592112691.7266283, 1592112691.7774832, 1592112691.8283474, 1592112691.879211, 1592112691.9296262, 1592112691.9804904, 1592112692.0313544, 1592112692.0822184, 1592112692.1330857, 1592112692.1839497, 1592112692.2348173, 1592112692.2856815, 1592112692.3360543, 1592112692.3869185, 1592112692.4372916, 1592112692.4881554, 1592112692.5385303, 1592112692.5893946, 1592112692.6462424, 1592112692.703091, 1592112692.7599385, 1592112692.8167868, 1592112692.873644, 1592112692.930482, 1592112692.9863544]}