{"oculusX": [239.2253562647563, 238.44323815090195, 237.52560073515576, 236.50970959016297, 235.8861878128257, 235.4118875978351, 234.85468461867555, 233.58623140055016, 232.69256952134543, 231.44695718075081, 229.9706045590576, 228.61795010856443, 226.91624165145942, 225.33717339779548, 224.6245956690946, 223.8888706424032, 223.38299373804801, 222.69936275907622, 221.48552553302233, 220.2922080911793, 218.6789393099463, 216.59181803521986, 215.23133538615065, 214.66028616011562, 214.57304345121358, 214.21429984430392, 213.61884158206607, 212.90908468139256, 211.91153561058866, 210.6234079570141, 210.07327032222267, 208.89942730527434, 207.14732189564094, 206.15126750426833, 204.99902187417473, 204.2965025201094, 203.87149153425128, 203.6593332291934, 203.24560575493405, 202.77505480584423, 202.14418469265283, 201.61768828555262, 201.5797756466253, 201.85567429454318, 202.60606417966628, 203.41516397930994], "oculusY": [10.742372422947298, 13.026372284009668, 15.055638007276787, 18.119140667962945, 21.154935602800926, 23.743845791530116, 27.771602641194463, 31.141657620151644, 32.4417297990424, 34.15780704506478, 34.81935983115932, 35.482405157705394, 35.89846268177913, 36.70553324017509, 37.09521225042175, 37.42144693336975, 37.94198558575543, 37.80598022685682, 36.44528750206593, 33.721613540781895, 29.01604553200383, 23.10808956694696, 19.27401194734103, 14.686004529586125, 11.162280786450252, 6.380481056106129, 0.9779554893305723, -2.5173174411596912, -7.455902431626595, -12.201905771773172, -15.251686921071876, -19.264054537198565, -23.929601141531492, -27.14707479721893, -31.74648891873377, -36.538994114662145, -41.042266401109934, -44.47740580483309, -49.44265543292241, -53.06705535014449, -57.72426074306192, -61.67043806356232, -64.29022503574741, -67.41878581114933, -71.1252770652508, -73.3817531798405], "oculusZ": [-20.069654627990722, -23.736413165283203, -26.900227709960937, -31.056698008728027, -34.99275033111572, -38.325603648376465, -43.56938187713623, -49.41087548370361, -52.64228169555664, -57.292516871643066, -62.0110589706421, -65.85138623352051, -70.67268674011231, -75.20716969604493, -77.66383473510743, -80.64704720611573, -82.90713612670899, -86.64005581970216, -90.54725949401856, -93.48851029510499, -95.81356827850342, -96.76044766540528, -96.68594185943604, -95.19785229797364, -94.13939301605225, -93.78069226379395, -93.97619549865723, -94.53278367156983, -95.16328160400391, -96.62395302886964, -98.3056384765625, -101.31531540985108, -103.6609966003418, -104.14093320007325, -103.52497880096436, -101.87846009368897, -100.13168637390137, -98.37919060821534, -96.13197629089356, -94.39760033721925, -91.68833081359864, -88.29146210784913, -85.59661690826417, -82.03583542938233, -77.35758607025147, -73.97955243225098], "dobotX": [259.11981201171875, 256.8452453613281, 239.9293670654297], "dobotY": [0.0, 0.9460977911949158, 7.982201099395752], "dobotZ": [-8.568687438964844, -9.517822265625, -16.57648468017578], "diffX": [-35.736818273670735, -44.93370975073947, -38.34959141880438], "diffY": [37.94198558575543, -8.40200022282151, -72.27242613514316], "diffZ": [-74.33844868774415, -85.64545933837891, -69.02013222808839], "diffXYZ": [90.79052485703235, 97.08128854207646, 107.04098931825959], "predictionX": [239.78400202785303, 344.9377492978192, 380.05585388810107], "predictionY": [8.04266714082172, 37.94237759560532, -12.201753629871165], "predictionZ": [-16.637142344665527, -82.90713612670899, -96.62395302886964], "oculusXSynchronized": [223.38299373804801, 211.91153561058866, 201.5797756466253], "oculusYSynchronized": [37.94198558575543, -7.455902431626595, -64.29022503574741], "oculusZSynchronized": [-82.90713612670899, -95.16328160400391, -85.59661690826417], "timestamp": [1592112683.8671298, 1592112684.5207424, 1592112685.1747632], "oculusTimeStamp": [1592112683.5400066, 1592112683.5938616, 1592112683.6467543, 1592112683.7005758, 1592112683.7544315, 1592112683.8052955, 1592112683.8561594, 1592112683.9070234, 1592112683.9578872, 1592112684.0087512, 1592112684.059615, 1592112684.1104794, 1592112684.1613429, 1592112684.2117248, 1592112684.2625885, 1592112684.313452, 1592112684.3643167, 1592112684.4197247, 1592112684.4705877, 1592112684.5214522, 1592112684.5723164, 1592112684.6227572, 1592112684.673621, 1592112684.7244852, 1592112684.775349, 1592112684.8262131, 1592112684.8767583, 1592112684.9276223, 1592112684.9784863, 1592112685.03196, 1592112685.0828235, 1592112685.1333568, 1592112685.1842198, 1592112685.2347877, 1592112685.2856512, 1592112685.342008, 1592112685.3938706, 1592112685.450227, 1592112685.5060775, 1592112685.5629256, 1592112685.625767, 1592112685.6826053, 1592112685.737489, 1592112685.7903173, 1592112685.8441732, 1592112685.8980281]}