{"oculusX": [240.7199642963268, 240.6161732401703, 240.66330408915053, 240.25326423862091, 239.75535239481218, 239.01346348489565, 238.46954355949373, 238.1829481897929, 237.85806366457675, 237.87402462291743, 237.78555105065425, 237.7074329669043, 237.48194328867694, 237.23723254330542, 236.73623023949744, 236.21671527207482, 235.7386638937983, 235.12165818743838, 233.82742223669268, 232.74432888220664, 231.43023733256376, 229.9925657963407, 228.3387567746248, 224.5716909511625, 221.29932349102629, 218.71025319529423, 215.56450901036564, 213.84565741250364, 213.00507180387254, 211.44329683110192, 209.88244257994637, 209.44189314455522, 207.3608924036222, 204.9696597796038, 202.28060058617334, 199.6577724988348, 197.40711811215502, 194.62267151139278, 192.63602495025282, 191.09514046082757], "oculusY": [6.526498108250531, 8.725789608472866, 11.055827043126685, 12.588639344781658, 15.111852036310538, 17.624038628942163, 19.04129910027804, 21.694504499783736, 23.76912154661999, 25.719211972649088, 26.8123914228632, 27.48956577973884, 27.754046114802804, 28.083571196395862, 28.569152896808863, 28.86718345517379, 29.23209612023242, 29.21966870632996, 28.136619553051137, 26.70160205351119, 25.360171781558854, 24.594465777036845, 24.46634454452117, 23.27780404425274, 21.285232390214006, 19.22310385606942, 15.736150771682889, 13.337544903520039, 11.910393448553714, 9.926479919995094, 8.656287146880505, 7.758089813602351, 7.323468693198397, 7.653410175005805, 8.475706543487926, 8.648939529986686, 8.339562756693029, 6.855733206969779, 5.0851163854526895, 2.833622515908863], "oculusZ": [-11.299307986450195, -12.652810260009765, -13.768251582336426, -14.815385981750488, -15.980179949951172, -17.228658839416504, -17.949159785461426, -18.867548152160644, -19.65874020690918, -20.030315562438965, -20.163114710998535, -20.171936198425293, -19.90431134338379, -19.830759211730957, -20.086582347106933, -20.446832820129394, -20.71946446533203, -20.674284144592285, -20.566042109680176, -20.159657641601562, -20.521338626098633, -21.801884814453125, -24.26415269012451, -27.95034234161377, -31.002696200561523, -33.348138972473144, -35.99828068847656, -38.73699490661621, -40.7497245513916, -43.800409480285644, -46.52183835144043, -47.33568017120361, -49.153383418273926, -52.05159966583252, -55.766757174682624, -59.58348099822999, -62.743600054931655, -65.31172577972413, -66.64400879974366, -67.00259034271241], "dobotX": [259.11981201171875, 256.6592102050781, 240.9714813232422], "dobotY": [0.0, 0.8824981451034546, 6.508939266204834], "dobotZ": [-8.568687438964844, -8.937850952148438, -11.291534423828125], "diffX": [-22.383581772221305, -42.813552792574484, -49.87634086241462], "diffY": [28.569152896808863, 12.455046758416584, -3.675316750295971], "diffZ": [-11.51789490814209, -29.799143954467773, -55.711055918884284], "diffXYZ": [38.07733096357944, 53.62944594992567, 74.86574037993499], "predictionX": [240.9197642963268, 361.13455134252797, 385.6139938887778], "predictionY": [6.527498108250532, 28.569530660352672, 13.337685342575329], "predictionZ": [-11.299307986450195, -20.086582347106933, -38.73699490661621], "oculusXSynchronized": [236.73623023949744, 213.84565741250364, 191.09514046082757], "oculusYSynchronized": [28.569152896808863, 13.337544903520039, 2.833622515908863], "oculusZSynchronized": [-20.086582347106933, -38.73699490661621, -67.00259034271241], "timestamp": [1592112698.5274155, 1592112699.174202, 1592112699.807537], "oculusTimeStamp": [1592112698.2890532, 1592112698.3429089, 1592112698.396765, 1592112698.4476287, 1592112698.498493, 1592112698.5493565, 1592112698.6002207, 1592112698.6510842, 1592112698.7019484, 1592112698.7528124, 1592112698.8036766, 1592112698.8545403, 1592112698.905404, 1592112698.9562683, 1592112699.0071325, 1592112699.061494, 1592112699.1123579, 1592112699.1632252, 1592112699.2140892, 1592112699.2649577, 1592112699.315822, 1592112699.3666854, 1592112699.4175494, 1592112699.4679337, 1592112699.5187972, 1592112699.5696647, 1592112699.620529, 1592112699.6709018, 1592112699.7217655, 1592112699.7726297, 1592112699.8234937, 1592112699.874358, 1592112699.9252224, 1592112699.9760888, 1592112700.0269494, 1592112700.0780077, 1592112700.1282678, 1592112700.1784234, 1592112700.2295341, 1592112700.2797225]}