{"oculusX": [242.0199683843511, 239.72336204203776, 239.0841414093129, 237.81682292580857, 236.98891758077835, 238.28214495702923, 239.83407468562126, 242.72333163191666, 245.44205924426282, 249.68277746616886, 247.97238022435474, 243.5664701829932, 239.54846009111913, 233.6668506115696, 230.85607123866282, 227.78781084921843, 226.226489556978, 224.41794802075418, 222.0277912738314, 220.5778025247615, 219.07162556060365, 216.75906551434227, 214.5038449446847, 213.35582425429658, 212.47033949335477, 212.40867670787404, 212.3178622625388, 212.08781798799265, 212.83783842421627, 215.30426515807846, 218.22998180278896, 220.06943119167528, 221.1922197246019, 220.4745026059331, 218.7559601354516, 215.57933721956425, 213.895603939534, 212.3285932434862, 212.0751808039346], "oculusY": [9.37325709074294, 8.574911472877194, 10.762931557174781, 13.70859041673836, 16.197964168519192, 18.88548258615626, 20.17218507631375, 22.820956442700396, 20.428265033429938, 14.4042666493935, 7.003010136818153, 0.6420341312023596, -1.6553725585330958, -4.548402656533171, -6.755699473183384, -11.65466533535521, -16.5745719268943, -20.26794594928193, -27.70448047162519, -34.65542092699146, -40.02163818208054, -46.47887528232519, -51.97001573993189, -55.33885550901221, -59.218893857847966, -61.40670144975774, -62.46629130806703, -65.80105745784508, -67.62580003594083, -69.96864153406055, -70.75080849367309, -70.0882228632711, -69.65881376976438, -65.24723377679057, -60.604954414730386, -53.1065435891105, -48.39345665334993, -42.48586335941484, -34.548493256428394], "oculusZ": [-8.713896914672851, -9.43225209350586, -10.99651639099121, -12.11040799255371, -13.410027667236328, -13.909753009033203, -14.08034150238037, -13.804848834228515, -12.69167248840332, -10.286386653137207, -9.329970523071289, -9.794886752319336, -11.090572520446777, -13.416822596740722, -14.093573733520508, -14.49065987701416, -14.599855586242676, -14.82790295715332, -14.584358378601074, -13.8407308303833, -13.446267291259765, -13.215478106689453, -12.859876795959472, -12.56507222290039, -11.868770762634277, -11.423166438293457, -10.984476252746582, -10.744150325012207, -9.951527758789062, -8.151467486572265, -6.312664195251465, -5.203421755981445, -4.247005625915527, -5.366023226928711, -7.849867984008789, -11.396463557434082, -13.330276652526855, -16.090090914916992, -18.666442080688476], "dobotX": [259.11981201171875, 257.16790771484375, 241.78887939453125], "dobotY": [0.0, 1.0118327140808105, 8.98388671875], "dobotZ": [-8.568687438964844, -8.646903991699219, -9.263252258300781], "diffX": [-19.571351920599625, -44.75923100696971, -29.713698590596664], "diffY": [-1.6553725585330958, -62.41853416383855, -43.532379975178394], "diffZ": [-2.5218850814819334, -2.776262446594238, -9.403189822387695], "diffXYZ": [19.802474054312107, 76.85811473533506, 53.53869599711964], "predictionX": [241.73380366361195, 356.15540209377485, 381.5357701801625], "predictionY": [9.012425211393202, -4.548015325014878, -61.40654777803533], "predictionZ": [-9.265478297424316, -13.416822596740722, -11.423166438293457], "oculusXSynchronized": [239.54846009111913, 212.40867670787404, 212.0751808039346], "oculusYSynchronized": [-1.6553725585330958, -61.40670144975774, -34.548493256428394], "oculusZSynchronized": [-11.090572520446777, -11.423166438293457, -18.666442080688476], "timestamp": [1591986850.9739065, 1591986851.6027555, 1591986852.2440476], "oculusTimeStamp": [1591986850.8212554, 1591986850.8731163, 1591986850.9239807, 1591986850.9748447, 1591986851.025828, 1591986851.0766916, 1591986851.1275063, 1591986851.1783705, 1591986851.2292342, 1591986851.280098, 1591986851.3309622, 1591986851.38183, 1591986851.4326944, 1591986851.484064, 1591986851.5349283, 1591986851.5853019, 1591986851.6361656, 1591986851.686539, 1591986851.7374244, 1591986851.7882676, 1591986851.8391306, 1591986851.889995, 1591986851.9408588, 1591986851.991723, 1591986852.0425873, 1591986852.09345, 1591986852.1443138, 1591986852.195178, 1591986852.2460418, 1591986852.296907, 1591986852.3477707, 1591986852.3986347, 1591986852.4515085, 1591986852.508341, 1591986852.5641918, 1591986852.6210396, 1591986852.6768904, 1591986852.733738, 1591986852.7965705]}