{"oculusX": [241.53400366361194, 242.0199683843511, 239.72336204203776, 239.0841414093129, 237.81682292580857, 236.98891758077835, 238.28214495702923, 239.83407468562126, 242.72333163191666, 245.44205924426282, 249.68277746616886, 247.97238022435474, 243.5664701829932, 239.54846009111913, 233.6668506115696, 230.85607123866282, 227.78781084921843, 226.226489556978, 224.41794802075418, 222.0277912738314, 220.5778025247615, 219.07162556060365, 216.75906551434227, 214.5038449446847, 213.35582425429658, 212.47033949335477, 212.40867670787404, 212.3178622625388, 212.08781798799265, 212.83783842421627, 215.30426515807846, 218.22998180278896, 220.06943119167528, 221.1922197246019, 220.4745026059331, 218.7559601354516, 215.57933721956425, 213.895603939534], "oculusY": [9.011425211393203, 9.37325709074294, 8.574911472877194, 10.762931557174781, 13.70859041673836, 16.197964168519192, 18.88548258615626, 20.17218507631375, 22.820956442700396, 20.428265033429938, 14.4042666493935, 7.003010136818153, 0.6420341312023596, -1.6553725585330958, -4.548402656533171, -6.755699473183384, -11.65466533535521, -16.5745719268943, -20.26794594928193, -27.70448047162519, -34.65542092699146, -40.02163818208054, -46.47887528232519, -51.97001573993189, -55.33885550901221, -59.218893857847966, -61.40670144975774, -62.46629130806703, -65.80105745784508, -67.62580003594083, -69.96864153406055, -70.75080849367309, -70.0882228632711, -69.65881376976438, -65.24723377679057, -60.604954414730386, -53.1065435891105, -48.39345665334993], "oculusZ": [-9.265478297424316, -8.713896914672851, -9.43225209350586, -10.99651639099121, -12.11040799255371, -13.410027667236328, -13.909753009033203, -14.08034150238037, -13.804848834228515, -12.69167248840332, -10.286386653137207, -9.329970523071289, -9.794886752319336, -11.090572520446777, -13.416822596740722, -14.093573733520508, -14.49065987701416, -14.599855586242676, -14.82790295715332, -14.584358378601074, -13.8407308303833, -13.446267291259765, -13.215478106689453, -12.859876795959472, -12.56507222290039, -11.868770762634277, -11.423166438293457, -10.984476252746582, -10.744150325012207, -9.951527758789062, -8.151467486572265, -6.312664195251465, -5.203421755981445, -4.247005625915527, -5.366023226928711, -7.849867984008789, -11.396463557434082, -13.330276652526855], "dobotX": [259.11981201171875, 257.16790771484375, 241.8693084716797], "dobotY": [0.0, 1.0118327140808105, 8.942184448242188], "dobotZ": [-8.568687438964844, -8.646903991699219, -9.260063171386719], "diffX": [-15.553341828725536, -44.69756822148898, -27.97370453214569], "diffY": [0.6420341312023596, -60.23072657192878, -57.33564110159212], "diffZ": [-1.226199313354492, -3.2218667709350584, -4.0702134811401365], "diffXYZ": [15.614807543574887, 75.07325391766874, 63.92550761288034], "predictionX": [241.73380366361195, 361.02510708919397, 379.8946842359393], "predictionY": [9.012425211393202, 0.6424466626682289, -59.218731655328845], "predictionZ": [-9.265478297424316, -9.794886752319336, -11.868770762634277], "oculusXSynchronized": [243.5664701829932, 212.47033949335477, 213.895603939534], "oculusYSynchronized": [0.6420341312023596, -59.218893857847966, -48.39345665334993], "oculusZSynchronized": [-9.794886752319336, -11.868770762634277, -13.330276652526855], "timestamp": [1591986857.6760888, 1591986858.3034606, 1591986858.9324083], "oculusTimeStamp": [1591986857.5334702, 1591986857.5843346, 1591986857.6351988, 1591986857.6860626, 1591986857.7369263, 1591986857.7877905, 1591986857.8386548, 1591986857.8895178, 1591986857.9403827, 1591986857.991246, 1591986858.0416203, 1591986858.092484, 1591986858.1433551, 1591986858.1972241, 1591986858.2475967, 1591986858.298465, 1591986858.349329, 1591986858.400214, 1591986858.4510775, 1591986858.5019414, 1591986858.552806, 1591986858.6033878, 1591986858.6542518, 1591986858.705119, 1591986858.7559829, 1591986858.806265, 1591986858.8571289, 1591986858.907448, 1591986858.9583125, 1591986859.008686, 1591986859.0595503, 1591986859.110414, 1591986859.1672611, 1591986859.2241092, 1591986859.280957, 1591986859.3378053, 1591986859.394653, 1591986859.4515011]}