{"oculusX": [239.46439042386393, 239.0849596762187, 238.63490559030012, 238.3091014573941, 237.7402016989085, 237.25728123336015, 236.88081505544986, 236.34449941586954, 234.62704463499395, 232.8456688383241, 231.6315279231866, 231.03340136033327, 230.5287444098443, 230.310542227774, 230.05126796303074, 230.36498158862418, 230.64868668876125, 230.68503138425896, 230.46967292188748, 230.27336487074237, 230.21956375560782, 230.31853150102694, 230.50055445944975, 230.70514551674643, 230.56749012436896, 230.5582767175014, 230.3322997690746, 230.31295274262075, 230.23699207779592, 229.93167171670908, 229.31871735711275, 228.76207571842056, 228.4494610409034, 227.32083416282836, 226.07352366801996, 225.27255614580784, 224.50008817879873, 223.1208030625515, 221.91690288489073, 220.33589969999215, 219.95868552177905], "oculusY": [10.93457203693388, 12.590989787970548, 14.070960614443836, 14.781562479456424, 14.758798053410855, 13.97683214162643, 12.88147644831029, 10.52554532416621, 7.0995427759493115, 3.429521505819852, -0.4816805934867855, -3.1545416392148513, -5.827976115187067, -7.901512181829405, -10.43747400033963, -12.655408545240604, -14.557450380671632, -16.797820378803678, -19.06956882076571, -21.912669943381704, -24.69312742418541, -26.627809834023736, -29.17732407878254, -31.212611429182243, -33.35948958020751, -35.4849550757033, -37.625938338289366, -40.37464074881528, -42.63282840505714, -43.48318105507368, -44.82487603332513, -46.16903374551941, -46.49159487542865, -46.240595161996964, -45.226795417448436, -44.49536586733972, -43.37202288859472, -41.79401919528928, -39.93287743476391, -36.32686639957533, -33.935783953075486], "oculusZ": [-10.894473239135742, -11.623795672607422, -12.168701335144043, -12.345011874389648, -12.641008540344238, -13.333018466186523, -13.859804316711426, -14.535363360595703, -15.674050494384765, -16.767557307434082, -17.10897271270752, -16.988928958129883, -16.686137362670898, -16.19177643890381, -15.740926905822754, -15.33442322845459, -15.199955149841308, -15.136535807800293, -15.220339938354492, -15.159304782104492, -14.876421138000488, -14.430459185791015, -13.400371714782715, -12.282903834533691, -11.513407870483398, -11.015589877319336, -10.750587626647949, -10.090406581115722, -10.12831513519287, -10.363515063476562, -10.464246913146972, -9.389932795715332, -8.911665126037597, -9.138043566894531, -10.16169373626709, -11.265452548217773, -12.414272471618652, -14.478738948059082, -16.276415034484863, -17.963226481628418, -18.2735282623291], "dobotX": [259.11981201171875, 256.2296142578125, 239.9690704345703], "dobotY": [0.0, 1.1602177619934082, 7.687633991241455], "dobotZ": [-8.568687438964844, -8.755447387695312, -9.806022644042969], "diffX": [-28.809269783944757, -25.89731448873789, -19.633170734578158], "diffY": [-7.901512181829405, -38.786156100282774, -44.014500390816785], "diffZ": [-7.623088999938965, -1.9951402389526365, -8.157203837585449], "diffXYZ": [30.830494743754947, 46.679946308208024, 48.880237440035266], "predictionX": [239.88850455635782, 352.48907325248365, 399.74539867370765], "predictionY": [7.7199774179004255, -7.901123297103963, -40.374488606913275], "predictionZ": [-9.811218424987793, -16.19177643890381, -10.090406581115722], "oculusXSynchronized": [230.310542227774, 230.3322997690746, 220.33589969999215], "oculusYSynchronized": [-7.901512181829405, -37.625938338289366, -36.32686639957533], "oculusZSynchronized": [-16.19177643890381, -10.750587626647949, -17.963226481628418], "timestamp": [1591986871.05056, 1591986871.7209513, 1591986872.3515], "oculusTimeStamp": [1591986870.8600688, 1591986870.913925, 1591986870.9647887, 1591986871.015653, 1591986871.0665174, 1591986871.1173809, 1591986871.1682453, 1591986871.2191086, 1591986871.2699728, 1591986871.3208365, 1591986871.3717008, 1591986871.4225645, 1591986871.4734285, 1591986871.524293, 1591986871.579148, 1591986871.6293843, 1591986871.6802478, 1591986871.7311141, 1591986871.7819781, 1591986871.8324656, 1591986871.8833296, 1591986871.9341934, 1591986871.9850574, 1591986872.0359209, 1591986872.0867858, 1591986872.1376534, 1591986872.1885166, 1591986872.2387993, 1591986872.2896643, 1591986872.340025, 1591986872.3908885, 1591986872.4412618, 1591986872.492126, 1591986872.5484915, 1591986872.6053386, 1591986872.6621947, 1591986872.7190356, 1591986872.7758834, 1591986872.8327315, 1591986872.8895798, 1591986872.944433]}