{"oculusX": [239.52330360859045, 239.5765858930768, 239.72544681126396, 238.40261556801983, 238.61713316691703, 237.78525898301962, 237.60879362781878, 237.6278399572846, 237.59747663117832, 236.6623516571704, 236.1981864104251, 235.40351247851723, 234.8643079579812, 234.36980717492858, 233.96792972589128, 233.4769044470599, 232.34577582800435, 231.4708075418439, 230.85672407535654, 229.9240412871773, 229.68174135199868, 229.66722930005764, 230.33015673143564, 230.56270861417443, 231.20087716791033, 230.57472127742867, 230.51460626247314, 232.22614507832128, 233.5853813834701, 234.58389589887915, 235.67009995024245, 235.8260021277083, 236.29271910326185, 237.04917089472622, 237.90414471794026, 239.56687880381372, 240.32338641228876], "oculusY": [5.318380077123588, 6.959323764863564, 8.105837722668838, 9.939804269421034, 13.408060404425878, 14.667644861255983, 16.78455140143233, 19.499769842583607, 21.065693367930837, 23.049107494779115, 24.831056439816837, 26.193502803615342, 27.28445188441137, 29.307096315459255, 30.78177414922823, 32.007303404154925, 33.17364031119179, 34.49577896143226, 35.92082932269545, 38.0619606484531, 39.55341057419454, 41.61252647558407, 44.00409152854005, 45.302625030255285, 46.79937278979983, 48.41041907069729, 52.79717482424531, 56.542045645089445, 60.85653705456212, 64.40540443936605, 68.54042128464373, 72.44744527375904, 74.49669932767917, 77.31976215649584, 79.57717834861838, 82.9254458756003, 85.48316356760787], "oculusZ": [-10.760124369812011, -11.019762202453613, -11.247451945495605, -11.752422496032715, -12.346561595153808, -13.695533915710449, -15.041883631896972, -16.602929278564453, -17.80014817352295, -19.693072482299804, -21.452124758911133, -23.234542056274414, -24.625237628173828, -26.41528432006836, -27.833636447143554, -29.164608164978027, -31.09663312072754, -33.01947896118164, -34.646804972839355, -37.26309125061035, -38.70004002685547, -39.866979762268066, -40.89170281524658, -41.6189986907959, -40.62920395965576, -40.8567744934082, -40.00669304962158, -38.23440854187012, -37.640627070617676, -37.96022717590332, -39.6738607131958, -41.89818684692383, -42.29193513031006, -41.57191102142334, -39.94994942779541, -38.86383359069824, -38.46996609802246], "dobotX": [259.11981201171875, 256.9891357421875, 240.22222900390625], "dobotY": [6.581095390867375e-11, 0.5147107839584351, 4.565079689025879], "dobotZ": [-8.568687438964844, -8.756393432617188, -10.233299255371094], "diffX": [-23.71629953320152, -25.788258574277165, 0.10115740838250531], "diffY": [26.19350280354953, 46.2846620058414, 80.918083878582], "diffZ": [-14.66585461730957, -31.872810527038574, -28.236666842651367], "diffXYZ": [38.257675626260315, 61.831870974290105, 85.70330148708035], "predictionX": [240.21490023984776, 357.7372088197085, 401.08566159273], "predictionY": [4.5668532918543665, 26.193890910960217, 46.799522665479195], "predictionZ": [-10.233934565734863, -23.234542056274414, -40.62920395965576], "oculusXSynchronized": [235.40351247851723, 231.20087716791033, 240.32338641228876], "oculusYSynchronized": [26.193502803615342, 46.79937278979983, 85.48316356760787], "oculusZSynchronized": [-23.234542056274414, -40.62920395965576, -38.46996609802246], "timestamp": [1591986877.6929746, 1591986878.3271048, 1591986878.9806051], "oculusTimeStamp": [1591986877.6002197, 1591986877.6510863, 1591986877.701951, 1591986877.7528176, 1591986877.8036819, 1591986877.8545456, 1591986877.9054096, 1591986877.9558804, 1591986878.0067444, 1591986878.0576122, 1591986878.1084764, 1591986878.1588497, 1591986878.214709, 1591986878.2650228, 1591986878.315886, 1591986878.3662481, 1591986878.417112, 1591986878.467976, 1591986878.5188406, 1591986878.5697038, 1591986878.6205678, 1591986878.6714323, 1591986878.7223063, 1591986878.77316, 1591986878.8240237, 1591986878.8798745, 1591986878.9307384, 1591986878.9816022, 1591986879.0324664, 1591986879.0833304, 1591986879.134194, 1591986879.1850579, 1591986879.2359216, 1591986879.2867894, 1591986879.3374724, 1591986879.3883376, 1591986879.4391966]}