{"oculusX": [239.6887045563578, 239.46439042386393, 239.0849596762187, 238.63490559030012, 238.3091014573941, 237.7402016989085, 237.25728123336015, 236.88081505544986, 236.34449941586954, 234.62704463499395, 232.8456688383241, 231.6315279231866, 231.03340136033327, 230.5287444098443, 230.310542227774, 230.05126796303074, 230.36498158862418, 230.64868668876125, 230.68503138425896, 230.46967292188748, 230.27336487074237, 230.21956375560782, 230.31853150102694, 230.50055445944975, 230.70514551674643, 230.56749012436896, 230.5582767175014, 230.3322997690746, 230.31295274262075, 230.23699207779592, 229.93167171670908, 229.31871735711275, 228.76207571842056, 228.4494610409034, 227.32083416282836, 226.07352366801996, 225.27255614580784, 224.50008817879873, 223.1208030625515, 221.91690288489073], "oculusY": [7.718977417900425, 10.93457203693388, 12.590989787970548, 14.070960614443836, 14.781562479456424, 14.758798053410855, 13.97683214162643, 12.88147644831029, 10.52554532416621, 7.0995427759493115, 3.429521505819852, -0.4816805934867855, -3.1545416392148513, -5.827976115187067, -7.901512181829405, -10.43747400033963, -12.655408545240604, -14.557450380671632, -16.797820378803678, -19.06956882076571, -21.912669943381704, -24.69312742418541, -26.627809834023736, -29.17732407878254, -31.212611429182243, -33.35948958020751, -35.4849550757033, -37.625938338289366, -40.37464074881528, -42.63282840505714, -43.48318105507368, -44.82487603332513, -46.16903374551941, -46.49159487542865, -46.240595161996964, -45.226795417448436, -44.49536586733972, -43.37202288859472, -41.79401919528928, -39.93287743476391], "oculusZ": [-9.811218424987793, -10.894473239135742, -11.623795672607422, -12.168701335144043, -12.345011874389648, -12.641008540344238, -13.333018466186523, -13.859804316711426, -14.535363360595703, -15.674050494384765, -16.767557307434082, -17.10897271270752, -16.988928958129883, -16.686137362670898, -16.19177643890381, -15.740926905822754, -15.33442322845459, -15.199955149841308, -15.136535807800293, -15.220339938354492, -15.159304782104492, -14.876421138000488, -14.430459185791015, -13.400371714782715, -12.282903834533691, -11.513407870483398, -11.015589877319336, -10.750587626647949, -10.090406581115722, -10.12831513519287, -10.363515063476562, -10.464246913146972, -9.389932795715332, -8.911665126037597, -9.138043566894531, -10.16169373626709, -11.265452548217773, -12.414272471618652, -14.478738948059082, -16.276415034484863], "dobotX": [259.11981201171875, 256.6741943359375, 239.9690704345703], "dobotY": [0.0, 0.9817224144935608, 7.687633991241455], "dobotZ": [-8.568687438964844, -8.7266845703125, -9.806022644042969], "diffX": [-28.086410651385478, -26.10670421156854, -15.468982255771579], "diffY": [-3.1545416392148513, -34.34121199470107, -51.059656879836176], "diffZ": [-8.420241519165039, -2.786723300170898, -2.6082498275756834], "diffXYZ": [29.490643659860506, 43.22782290154163, 53.41517518345349], "predictionX": [239.88850455635782, 352.1170379117175, 399.6638799865196], "predictionY": [7.7199774179004255, -3.154147269051652, -33.35933575465955], "predictionZ": [-9.811218424987793, -16.988928958129883, -11.513407870483398], "oculusXSynchronized": [231.03340136033327, 230.56749012436896, 224.50008817879873], "oculusYSynchronized": [-3.1545416392148513, -33.35948958020751, -43.37202288859472], "oculusZSynchronized": [-16.988928958129883, -11.513407870483398, -12.414272471618652], "timestamp": [1591986864.4012907, 1591986865.048838, 1591986865.6844287], "oculusTimeStamp": [1591986864.2766469, 1591986864.3274894, 1591986864.3783529, 1591986864.4292154, 1591986864.4800797, 1591986864.5309434, 1591986864.581808, 1591986864.6326723, 1591986864.6835365, 1591986864.7344003, 1591986864.7852669, 1591986864.836131, 1591986864.8869982, 1591986864.9418514, 1591986864.9927158, 1591986865.043579, 1591986865.0939887, 1591986865.1448534, 1591986865.1957197, 1591986865.2465835, 1591986865.2969563, 1591986865.3478208, 1591986865.3981998, 1591986865.4490585, 1591986865.499922, 1591986865.550786, 1591986865.6016498, 1591986865.6525137, 1591986865.7033777, 1591986865.7542417, 1591986865.8051057, 1591986865.8619537, 1591986865.9188015, 1591986865.9756496, 1591986866.0324976, 1591986866.0893457, 1591986866.146194, 1591986866.2020774, 1591986866.2539053, 1591986866.3077612]}