{"oculusX": [250.29331974394324, 256.94365775810274, 260.0166577397959, 261.91975741829214, 265.5215794546164, 267.5492680193777, 270.0190278449817, 272.18003106597627, 273.47383860068913, 274.9785339676027, 275.83287403864324, 277.56641603583194, 276.76138297677755, 275.8792724904926, 273.9016342152914, 273.3999083613853, 272.3025294850087, 272.9650583440399, 272.98621224821295, 274.4162198767436, 276.64912134478146, 278.6854596884848, 283.14335082047404, 287.85091996000466, 290.2282705914763, 294.5618842878562, 298.99066844463266, 303.1123223932151, 307.1558697990119, 309.81082758149904, 311.597651228618, 313.4305663849779, 314.5992523544745, 315.1959242225369, 316.0346356857164, 317.39728360874057, 320.9656307668306, 325.6384187424464, 326.3838550147229, 326.8507011251605, 327.8451443215388, 327.9690622855036, 327.9861340432852, 327.3894313097588, 325.8570454593007, 324.6975829735783, 323.1824675845547, 321.36132298817864, 316.80620368108004, 312.14866447328444, 307.4626339002755], "oculusY": [-8.014714169417784, -15.320304841679086, -18.846558574136605, -22.185844972008613, -26.84328435911921, -27.47076009895406, -29.222841722186235, -28.743166296790026, -28.6069793824636, -28.795804787645203, -27.079682343972202, -26.453143670621902, -27.028988633184746, -28.418143723963443, -30.411225346910598, -32.65643104709255, -33.53801014313486, -34.09960850990788, -36.12201876767124, -37.27059665219939, -37.7870414742178, -37.53217052624499, -36.37722933257695, -35.95837301703387, -35.79511826095432, -35.293309434943154, -35.44554469132603, -35.52272814148165, -36.64141589043632, -37.37914602659942, -37.760012357313315, -36.9427049873977, -36.154196850705254, -35.29070312477844, -33.43149028286462, -31.85552371937414, -27.791194451259607, -25.553900512575126, -22.544769286053384, -17.517765539975088, -10.077764870714121, -4.5049066102935305, 3.015936892604851, 10.02145998890688, 18.280039321185725, 23.82669720860427, 29.977528487156018, 34.444925669662624, 39.62557139784033, 42.160516635142216, 40.82585055815786], "oculusZ": [-12.575920268249511, -15.811141177368164, -16.812022372436523, -17.635162516784668, -19.93327920074463, -20.945962115478515, -22.542293711853027, -23.338850184631347, -24.054105921936035, -24.621303721618652, -24.831231280517578, -25.72279755706787, -24.96450726623535, -24.098570986938476, -23.276026889038086, -22.89503399963379, -22.858079119873047, -22.907908602905273, -23.16850010986328, -23.684437915039062, -24.906690760803222, -26.063497706604004, -28.25432602996826, -30.75211827392578, -32.30374638671875, -34.709389849853515, -37.169035121154785, -39.50005356903076, -41.67609994049072, -43.205316706848144, -44.20452897186279, -45.33153359527588, -46.01221863861084, -46.762045069885254, -47.595198794555664, -48.52824990386963, -50.721939250183105, -53.33631817932129, -54.231579943847656, -55.23305718536377, -57.382162257385254, -59.166129275512695, -60.78570668334961, -61.856206103515625, -63.41081444854736, -64.79209248657227, -66.2987786972046, -67.12585274810792, -67.2610360824585, -66.36446301574708, -64.21166245574952], "dobotX": [259.11981201171875, 256.5885314941406, 253.4798126220703, 216.51979064941406], "dobotY": [0.0, 0.0, 0.0, 0.0], "dobotZ": [-8.568687438964844, -8.568710327148438, -8.568717956542969, -8.568702697753906], "diffX": [17.641570965058804, 37.97335279371555, 72.90404239265257, 90.94284325086142], "diffY": [-27.028988633184746, -35.293309434943154, -22.544769286053384, 40.82585055815786], "diffZ": [-16.395819827270508, -26.140679522705078, -45.66286198730469, -55.64295975799561], "diffXYZ": [36.20240545124526, 58.05969634070957, 88.92897719091732, 114.16431046074648], "predictionX": [256.1198, -135, -135, -135], "predictionY": [0, 0, 0, 0], "predictionZ": [-8.5687, -8.5687, -5.5687, 39.4313], "oculusXSynchronized": [276.76138297677755, 294.5618842878562, 326.3838550147229, 307.4626339002755], "oculusYSynchronized": [-27.028988633184746, -35.293309434943154, -22.544769286053384, 40.82585055815786], "oculusZSynchronized": [-24.96450726623535, -34.709389849853515, -54.231579943847656, -64.21166245574952], "timestamp": [1590337885.9145331, 1590337886.586393, 1590337887.2480912, 1590337887.9147112], "oculusTimeStamp": [1590337885.7772996, 1590337885.8277137, 1590337885.8785381, 1590337885.9293861, 1590337885.9802055, 1590337886.0311813, 1590337886.082508, 1590337886.132847, 1590337886.1836631, 1590337886.2345037, 1590337886.285457, 1590337886.3358278, 1590337886.3862097, 1590337886.4495168, 1590337886.4999588, 1590337886.550706, 1590337886.6014907, 1590337886.6528025, 1590337886.7031236, 1590337886.753933, 1590337886.8046827, 1590337886.8550026, 1590337886.906286, 1590337886.9570892, 1590337887.007922, 1590337887.0581942, 1590337887.121866, 1590337887.172304, 1590337887.2230837, 1590337887.2735465, 1590337887.3243861, 1590337887.375179, 1590337887.4255345, 1590337887.4763858, 1590337887.5267127, 1590337887.57759, 1590337887.6284733, 1590337887.6794298, 1590337887.7296975, 1590337887.7980578, 1590337887.848401, 1590337887.8991961, 1590337887.950073, 1590337888.015942, 1590337888.076846, 1590337888.1422315, 1590337888.2029448, 1590337888.2687244, 1590337888.3345573, 1590337888.3950982, 1590337888.4606574]}