{"oculusX": [239.53058089212158, 240.27285608637516, 240.3551994961292, 239.82653765307433, 239.36190921366932, 238.97423913974967, 238.98431467137266, 239.57211585541066, 240.13664084007485, 240.49439889324802, 240.8599233372537, 240.39485798329508, 239.60153698857064, 238.21974468510612, 236.49829604969258, 234.7897879173564, 234.6483179009627, 235.1072627719709, 236.32715893939294, 237.60947490503997, 239.61685559862894, 241.16213364590266, 243.21328145461575, 245.12631802208185, 245.86052799524435, 246.69695727245394, 247.4817112142525, 248.0688862271702, 249.46263623725804, 251.11328108244075, 252.93973555098162, 254.02688239643695, 254.57317329780315, 253.90261316154132, 252.87569817920675, 251.55685187538856, 252.42851881057032, 253.93026438173965, 257.0084591091106, 260.07746830942756, 263.67611275143537, 266.1097092547898, 269.71212278489355, 272.3348053572866, 272.11928518709794, 268.0771130715626, 261.86990659034575, 258.0387426745656, 254.54798360911045, 252.123432830221, 250.84992007323848], "oculusY": [-1.7594494097409656, -2.830097316776285, -3.03359924163417, -2.2299034593616875, -1.44148315963193, -0.7355525142761983, -0.9386665926707572, -1.9402335918927684, -3.193736726756133, -3.5871389726634617, -4.448567538924871, -4.107175974854914, -3.184783722917694, -1.532438903756082, -0.2761621088710673, -0.17524588347104836, -1.03566086536203, -2.316530144248835, -3.581738203260319, -4.031391516854057, -4.114796409322029, -4.041047121145887, -4.105293576974466, -4.226046259090493, -3.865160608357247, -3.070934235229002, -2.8645104243698216, -2.6125899309339022, -2.6275236896376613, -2.0395600031192167, -1.9615499154490073, -1.9862961810796216, -1.8684345684276895, -1.3100172563575525, 0.6964790667742757, 2.758756676003117, 5.26404980022672, 7.501481758547488, 10.87990146138664, 14.269956512995394, 16.351148346883907, 18.84058812866447, 17.796382260238946, 16.900426612513357, 13.560087846453662, 10.645049583997467, 8.821625711880628, 9.009136429224585, 10.814896443600652, 11.58639972075361, 14.073441689286248], "oculusZ": [-7.443841143798828, -7.221277400207519, -6.953771754455566, -6.86889474029541, -6.9530564987182615, -7.025774165344238, -7.088955088806152, -6.959255381774902, -6.629760905456543, -6.501491709899902, -6.093557521057129, -5.773122950744629, -5.736883326721191, -5.883629962158203, -5.6827623092651365, -4.561598941040039, -3.9847451889038084, -3.7144977294921873, -3.8347799026489255, -4.375870867919922, -5.625780268859863, -6.5928060256958005, -7.959302111816406, -9.063537760925293, -9.729083224487304, -10.783489390563965, -11.662300273132324, -12.289817973327636, -13.57203309173584, -15.251095935058594, -16.633566065979004, -17.280395671081543, -17.84020249481201, -17.971809550476074, -18.42301671142578, -19.50162236328125, -21.7295247756958, -24.34020821685791, -29.107626124572754, -33.132966204833984, -37.089522525024414, -39.15839974517822, -40.3379756652832, -40.634210749816894, -38.41954056854248, -34.225757762145996, -29.31159321899414, -26.830847903442383, -25.17181222076416, -24.52200238342285, -25.891597911071777], "dobotX": [259.11981201171875, 256.1900939941406, 253.4798126220703, 219.9998321533203], "dobotY": [0.0, 0.0, 0.0, 0.0], "dobotZ": [-8.568687438964844, -8.568695068359375, -8.568717956542969, -8.568710327148438], "diffX": [-19.518275023148107, -8.708382779888126, 6.597655687357246, 30.850087919918167], "diffY": [-3.184783722917694, -2.8645104243698216, 14.269956512995394, 14.073441689286248], "diffZ": [2.8318041122436526, -3.093605204772949, -24.564248248291015, -17.32288758392334], "diffXYZ": [19.978113568881543, 9.675316210614188, 29.164413442676423, 38.07718634423592], "predictionX": [256.1198, -135, -135, -135], "predictionY": [0, 0, 0, 0], "predictionZ": [-8.5687, -8.5687, -8.5687, 39.4313], "oculusXSynchronized": [239.60153698857064, 247.4817112142525, 260.07746830942756, 250.84992007323848], "oculusYSynchronized": [-3.184783722917694, -2.8645104243698216, 14.269956512995394, 14.073441689286248], "oculusZSynchronized": [-5.736883326721191, -11.662300273132324, -33.132966204833984, -25.891597911071777], "timestamp": [1590337809.8676276, 1590337810.5908175, 1590337811.2314887, 1590337811.8612862], "oculusTimeStamp": [1590337809.7207384, 1590337809.7711978, 1590337809.8225565, 1590337809.8727877, 1590337809.9235566, 1590337809.974345, 1590337810.0252066, 1590337810.0754514, 1590337810.1262236, 1590337810.1765637, 1590337810.2279084, 1590337810.278757, 1590337810.3291478, 1590337810.3872008, 1590337810.448986, 1590337810.4994318, 1590337810.5507245, 1590337810.6010504, 1590337810.6519616, 1590337810.7027369, 1590337810.7535105, 1590337810.8043275, 1590337810.85459, 1590337810.9054081, 1590337810.9561884, 1590337811.0069926, 1590337811.0574238, 1590337811.1155648, 1590337811.1664312, 1590337811.2167704, 1590337811.2677267, 1590337811.3180315, 1590337811.3684273, 1590337811.4194746, 1590337811.4697697, 1590337811.520106, 1590337811.5704994, 1590337811.621943, 1590337811.6724072, 1590337811.7232158, 1590337811.7735934, 1590337811.8244307, 1590337811.8757892, 1590337811.9267397, 1590337811.992684, 1590337812.0585828, 1590337812.1191368, 1590337812.1849782, 1590337812.2456071, 1590337812.3210552, 1590337812.3868332]}