{"oculusX": [239.2308581621082, 238.95023760876202, 238.23504597291767, 238.30665829949118, 238.36841398804427, 238.03560975371016, 237.83300228627476, 238.1764191987277, 238.2173361140192, 237.8781373687142, 237.77019002963274, 237.6770067697088, 237.2559535392833, 236.93990970477824, 236.6124817758156, 235.73014401508905, 235.01220672827978, 234.2144987513012, 233.52459467756213, 232.83985103347374, 232.18371163430783, 231.84553265381004, 231.54810667677268, 231.3721693284279, 231.25832506692313, 231.10965118174704, 231.21472671421, 231.16793633999424, 230.96352094117313, 230.71557167688653, 230.46622388503704, 230.84968923176297, 231.13013477689282, 233.4796874386937, 239.29667816251953, 243.41666008883914, 242.6474123381095, 241.31969713485046, 236.44210148671277, 235.63631157913704, 287.5424577130617, 284.85476543667284, 281.085163641697, 272.2218649625265, 271.149115600527, 271.0016997196097, 269.07172170650756, 267.53705505443816, 267.96220206438704, 268.2644035467753, 267.06259873844596, 266.0194520485424, 266.29950206968886, 269.3048732446863], "oculusY": [5.853544491931029, 6.64637955826894, 7.1652824872214, 6.5463912139630995, 7.190028210369237, 8.054790100763189, 9.078078673781086, 9.96002885049314, 10.189238366186133, 10.80396043329006, 11.960213448258052, 12.775509740537604, 13.206513596748504, 14.049209043341834, 14.44923699018899, 14.696322672751128, 14.49002333379398, 14.370560272979962, 15.306502881901437, 15.192901740638309, 15.01882777682495, 15.431299610202995, 15.425573695322441, 15.58523046018394, 15.521637998726787, 15.560711027366876, 15.644256721569114, 15.65437750262712, 15.799325429443707, 15.699769306121604, 15.623819673477318, 16.262630551935494, 16.286178305622606, 15.639494747164935, 15.281641733981528, 17.54774545725841, 21.288619655181016, 32.49911913683251, 44.78881732989936, 46.35690877680662, -22.77172549774471, -27.664233764198332, -35.289868805475, -38.83108240144197, -36.24037790386024, -34.51907373999374, -34.763275920074825, -33.19225035648171, -32.639703036784795, -33.44160588656063, -33.0022609634338, -31.44722949743516, -31.212518436843858, -30.84216162694187], "oculusZ": [-2.3406106674194334, -1.5628892623901365, -1.297767802429199, -1.3300735198974607, -0.7232982360839841, 0.19115622406005883, 0.8420389450073245, 1.0252636230468752, 1.22434313659668, 1.8273037231445315, 2.3515861785888674, 2.777401760864258, 3.3455532348632815, 3.766004399108887, 4.2327087677001956, 4.894201115417481, 5.153004483032227, 5.985442951965332, 6.6120069778442385, 6.799642399597168, 7.345859364318848, 7.588211849975586, 7.71850760345459, 7.800404385375977, 7.878844097900391, 7.968012646484375, 7.878605679321289, 8.083764866638184, 8.10605700378418, 8.309547261047364, 8.413020924377442, 8.612934902954102, 7.656041935729981, 5.76228316192627, 2.255980328369141, 0.5373400009155276, 4.100267247009278, 3.756110028076172, 4.236165837097168, 3.434602574157715, -9.76508442993164, -9.79858224029541, -6.786997958374023, -1.7895061218261716, -1.5171128952026365, -1.640017672729492, -1.2381631576538084, -0.2893764221191404, -0.4830915176391599, -0.29152218933105445, 0.42564089660644555, 0.7522743499755862, 0.5428236282348635, -0.8016187393188474], "dobotX": [259.11981201171875, 259.11981201171875, 259.1198425292969, 259.1198425292969], "dobotY": [0.0, 0.0, 1.005739688873291, 12.511903762817383], "dobotZ": [-8.568687438964844, -5.5687103271484375, -10.262168884277344, -63.95758056640625], "diffX": [-21.44280524200994, -27.905085297508748, 28.422615183764833, 10.185030715389416], "diffY": [12.775509740537604, 15.644256721569114, -23.777465186618002, -43.354065389759256], "diffZ": [11.346089199829102, 13.447316006469727, 0.49708445434570336, 63.1559618270874], "diffXYZ": [27.417900829710117, 34.70254834460225, 37.06022122896681, 77.27862156377705], "predictionX": [259.1198, 259.1198, 271.1198, 328], "predictionY": [0, 18, 174, 159], "predictionZ": [-5.5687, -89.5687, -89.5687, -74.5687], "oculusXSynchronized": [237.6770067697088, 231.21472671421, 287.5424577130617, 269.3048732446863], "oculusYSynchronized": [12.775509740537604, 15.644256721569114, -22.77172549774471, -30.84216162694187], "oculusZSynchronized": [2.777401760864258, 7.878605679321289, -9.76508442993164, -0.8016187393188474], "timestamp": [1590335744.3949833, 1590335745.1874673, 1590335745.9126425, 1590335746.7195632], "oculusTimeStamp": [1590335744.3046925, 1590335744.3550234, 1590335744.4058504, 1590335744.4563332, 1590335744.5074005, 1590335744.5577233, 1590335744.6081388, 1590335744.6590872, 1590335744.7096019, 1590335744.760171, 1590335744.8107717, 1590335744.861438, 1590335744.9221523, 1590335744.9814205, 1590335745.0505414, 1590335745.1009905, 1590335745.1518366, 1590335745.2026787, 1590335745.253241, 1590335745.3038495, 1590335745.3557608, 1590335745.4059443, 1590335745.4562917, 1590335745.5066276, 1590335745.5569344, 1590335745.6073303, 1590335745.6582072, 1590335745.724769, 1590335745.788752, 1590335745.8391948, 1590335745.890069, 1590335745.9406242, 1590335745.9911273, 1590335746.0417523, 1590335746.0927145, 1590335746.143151, 1590335746.1936483, 1590335746.244136, 1590335746.2951145, 1590335746.3455737, 1590335746.3962042, 1590335746.463015, 1590335746.5262723, 1590335746.5983758, 1590335746.6641648, 1590335746.7249124, 1590335746.7907379, 1590335746.8566601, 1590335746.9171176, 1590335746.9828544, 1590335747.048757, 1590335747.1147752, 1590335747.174921, 1590335747.2408862]}