{"oculusX": [239.23775784193717, 238.36400924055647, 237.41566883955852, 236.860638677902, 236.44469879355898, 235.97880729842623, 234.7805969762145, 233.91087722779753, 232.69600128296975, 231.22406534371706, 229.87659876434347, 228.1717482814729, 226.5991006003973, 225.88991188442347, 225.15593924849094, 224.6578125144047, 223.96601411463905, 222.7131203701304, 221.4513627665112, 219.72416009323797, 217.495423606124, 216.04411532931664, 215.37084884218427, 215.20689610014387, 214.74285573396492, 214.02776057784692, 213.2396703687648, 212.13202463053986, 210.73798194631553, 210.12080700747646, 208.85842018918817, 207.00391169676726, 205.93818102315032, 204.68726464575096, 203.88259097212236, 203.3617197595468, 203.07636924411023, 202.55698183428234, 202.00968487833222, 201.28049412139754, 200.67088494783488, 200.5769034609288, 200.7846072991033], "oculusY": [10.196628775648122, 12.258724512844653, 15.363531227410126, 18.431935332297336, 21.047970534404534, 25.1149337427481, 28.537747571433762, 29.867802854021775, 31.62506772810306, 32.325385093119735, 33.02418418547652, 33.48187972052606, 34.33044774960889, 34.73896929770328, 35.0840398399307, 35.61973283969489, 35.49783967086594, 34.153782393663974, 31.436645889783758, 26.734277129210984, 20.834839113812908, 17.008294397825026, 12.408436141572466, 8.869498813225775, 4.074322078544677, -1.3363214758687212, -4.828174966396579, -9.759875848172728, -14.489746231951964, -17.533933545411237, -21.52776100714537, -26.161379738341196, -29.360119033973465, -33.93672185367411, -38.71375592148825, -43.20533438807188, -46.6325371608012, -51.58187319332056, -55.18943764693374, -59.8224508662034, -63.74654492925997, -66.35746513078638, -69.48143502318322], "oculusZ": [-20.898278399658203, -24.062092944335937, -28.218563243103027, -32.15461556549072, -35.487468882751465, -40.73124711151123, -46.57274071807861, -49.80414692993164, -54.454382106018066, -59.1729242050171, -63.01325146789552, -67.83455197448731, -72.36903493041993, -74.82569996948243, -77.80891244049073, -80.06900136108399, -83.80192105407716, -87.70912472839356, -90.65037552947999, -92.97543351287842, -93.92231289978028, -93.84780709381104, -92.35971753234864, -91.30125825042725, -90.94255749816895, -91.13806073303223, -91.69464890594483, -92.32514683837891, -93.78581826324464, -95.4675037109375, -98.47718064422608, -100.8228618347168, -101.30279843444825, -100.68684403533936, -99.04032532806397, -97.29355160827637, -95.54105584259034, -93.29384152526856, -91.55946557159425, -88.85019604797364, -85.45332734222413, -82.75848214263917, -79.19770066375733], "dobotX": [259.11981201171875, 257.2483825683594, 240.5482940673828], "dobotY": [0.0, 0.7784481048583984, 7.7251152992248535], "dobotZ": [-8.568687438964844, -9.424118041992188, -17.05792999267578], "diffX": [-35.1537978970797, -46.510400622043846, -39.97139060645401], "diffY": [35.49783967086594, -15.268194336810362, -74.08258043001123], "diffZ": [-75.23323361511231, -84.36170022125245, -65.70055214996339], "diffXYZ": [90.31016314941134, 97.5357964469973, 106.78250485446041], "predictionX": [240.16851181145893, 347.14759190578803, 378.6592463831241], "predictionY": [7.883086903307131, 35.49822353031202, -17.53377692452296], "predictionZ": [-17.231519862365722, -83.80192105407716, -95.4675037109375], "oculusXSynchronized": [223.96601411463905, 210.73798194631553, 200.5769034609288], "oculusYSynchronized": [35.49783967086594, -14.489746231951964, -66.35746513078638], "oculusZSynchronized": [-83.80192105407716, -93.78581826324464, -82.75848214263917], "timestamp": [1592020851.8104377, 1592020852.4398618, 1592020853.0758207], "oculusTimeStamp": [1592020851.4663582, 1592020851.5202217, 1592020851.5740695, 1592020851.6269283, 1592020851.6798184, 1592020851.7306507, 1592020851.781514, 1592020851.8323786, 1592020851.8832426, 1592020851.9341063, 1592020851.9849703, 1592020852.0358343, 1592020852.0866992, 1592020852.1375623, 1592020852.1884263, 1592020852.2392905, 1592020852.2901535, 1592020852.3410175, 1592020852.3914547, 1592020852.4423187, 1592020852.492827, 1592020852.543692, 1592020852.5945563, 1592020852.64542, 1592020852.6959062, 1592020852.7467701, 1592020852.7976348, 1592020852.8484983, 1592020852.8993614, 1592020852.9511397, 1592020853.0014248, 1592020853.0522935, 1592020853.1029167, 1592020853.1537802, 1592020853.2046437, 1592020853.255072, 1592020853.3059359, 1592020853.3621538, 1592020853.4190023, 1592020853.4752953, 1592020853.5321383, 1592020853.5889862, 1592020853.6438842]}