{"oculusX": [237.90331400373194, 237.23729848517465, 236.65412693336765, 235.99660281493547, 235.28784708633185, 234.1161378100754, 232.0979560814551, 230.80849323870797, 229.826350445697, 228.9679662141087, 227.99780936300021, 227.35323132785095, 226.94422937811356, 226.61113862914289, 226.22631562321075, 225.5766745251739, 224.18937078344126, 222.3371106230804, 221.13191625148775, 219.6065919683524, 218.4093642938462, 217.35956390007547, 216.46207797381453, 216.05112457254486, 216.18194158173011, 216.29776756939967, 216.44500215198738, 216.6487010552046, 216.5422027079471, 216.34192203764587, 216.37870213214154, 215.64764961245956, 216.36683531369593, 217.71606000625673, 219.2492898935084, 220.4876887822611, 222.35554409520253], "oculusY": [2.5611317103542617, 2.6673565051436343, 2.2551314633186608, 1.707105944027547, 1.0239631391808606, -0.9667515441922104, -4.069390073326865, -6.693989095442052, -9.067853093198428, -11.00012448421139, -12.02236688076096, -12.714560575553127, -13.268045128166351, -14.915951861676275, -15.56788696638752, -15.512665695919905, -14.769492734821826, -13.836924431196366, -13.094681657570973, -11.72607461600765, -10.598979544163445, -9.509260403387314, -7.221125655017438, -5.2295259474752225, -1.7706690804806053, 1.3528789000743042, 3.873064937509411, 7.662881054933151, 12.516135814403444, 15.544205013618837, 19.877840189142475, 24.14328927167702, 27.042865548922286, 31.288836568895682, 35.500852992148054, 38.48315441505885, 44.37303983613232], "oculusZ": [-13.546999140930176, -13.981636210632324, -14.219697161865234, -14.56087414855957, -14.61129967803955, -14.662202044677734, -14.38694779510498, -14.202054187011719, -14.017160578918457, -14.543588801574707, -15.52062813873291, -17.071540995788574, -17.89658848876953, -18.609460040283203, -19.91384808654785, -21.316822215270996, -23.505147143554687, -25.962765856933594, -27.72610966796875, -30.189927264404297, -32.06556622619629, -33.84047333831787, -36.00507561798096, -37.72669617767334, -39.6428662979126, -41.07874219055176, -42.52379719848633, -44.85004727478027, -47.89846722717285, -49.98451058502197, -51.811512156677246, -53.729470416259765, -54.09758870239258, -54.86219708557129, -56.501920863342285, -57.83062760467529, -60.82802598114014], "dobotX": [259.11981201171875, 256.5688171386719, 238.43736267089844], "dobotY": [0.0, 0.31099408864974976, 2.5213844776153564], "dobotZ": [-8.568687438964844, -9.1729736328125, -13.467849731445312], "diffX": [-32.17558263360519, -40.38687555694176, -16.081818575695905], "diffY": [-13.268045128166351, -2.081663169130355, 41.851655358516965], "diffZ": [-9.327901049804687, -30.469892665100097, -47.360176249694824], "diffXYZ": [36.0321922359709, 50.634448726379304, 65.21634947888326], "predictionX": [238.10311400373195, 349.7415630948674, 386.3941529671723], "predictionY": [2.5621317103542616, -13.26765934365169, -1.770520845215237], "predictionZ": [-13.546999140930176, -17.89658848876953, -39.6428662979126], "oculusXSynchronized": [226.94422937811356, 216.18194158173011, 222.35554409520253], "oculusYSynchronized": [-13.268045128166351, -1.7706690804806053, 44.37303983613232], "oculusZSynchronized": [-17.89658848876953, -39.6428662979126, -60.82802598114014], "timestamp": [1592020879.1955514, 1592020879.8248515, 1592020880.4475522], "oculusTimeStamp": [1592020879.0778546, 1592020879.128714, 1592020879.179577, 1592020879.2304409, 1592020879.2813048, 1592020879.3321698, 1592020879.3830335, 1592020879.4338975, 1592020879.4847617, 1592020879.5356255, 1592020879.5864897, 1592020879.6373534, 1592020879.6882174, 1592020879.7390807, 1592020879.789945, 1592020879.840809, 1592020879.8916726, 1592020879.942537, 1592020879.993401, 1592020880.0442646, 1592020880.095129, 1592020880.1455243, 1592020880.1963873, 1592020880.247252, 1592020880.298115, 1592020880.3489797, 1592020880.399843, 1592020880.4503787, 1592020880.5012426, 1592020880.5521085, 1592020880.6029723, 1592020880.6538363, 1592020880.7047005, 1592020880.7555637, 1592020880.8064275, 1592020880.8572905, 1592020880.9081554]}