{"oculusX": [237.23729848517465, 236.65412693336765, 235.99660281493547, 235.28784708633185, 234.1161378100754, 232.0979560814551, 230.80849323870797, 229.826350445697, 228.9679662141087, 227.99780936300021, 227.35323132785095, 226.94422937811356, 226.61113862914289, 226.22631562321075, 225.5766745251739, 224.18937078344126, 222.3371106230804, 221.13191625148775, 219.6065919683524, 218.4093642938462, 217.35956390007547, 216.46207797381453, 216.05112457254486, 216.18194158173011, 216.29776756939967, 216.44500215198738, 216.6487010552046, 216.5422027079471, 216.34192203764587, 216.37870213214154, 215.64764961245956, 216.36683531369593, 217.71606000625673, 219.2492898935084, 220.4876887822611, 222.35554409520253, 223.75017869661983, 224.96426471108137, 226.30148571730084], "oculusY": [2.6673565051436343, 2.2551314633186608, 1.707105944027547, 1.0239631391808606, -0.9667515441922104, -4.069390073326865, -6.693989095442052, -9.067853093198428, -11.00012448421139, -12.02236688076096, -12.714560575553127, -13.268045128166351, -14.915951861676275, -15.56788696638752, -15.512665695919905, -14.769492734821826, -13.836924431196366, -13.094681657570973, -11.72607461600765, -10.598979544163445, -9.509260403387314, -7.221125655017438, -5.2295259474752225, -1.7706690804806053, 1.3528789000743042, 3.873064937509411, 7.662881054933151, 12.516135814403444, 15.544205013618837, 19.877840189142475, 24.14328927167702, 27.042865548922286, 31.288836568895682, 35.500852992148054, 38.48315441505885, 44.37303983613232, 50.16862039670591, 55.751340467528664, 62.52100572177315], "oculusZ": [-13.981636210632324, -14.219697161865234, -14.56087414855957, -14.61129967803955, -14.662202044677734, -14.38694779510498, -14.202054187011719, -14.017160578918457, -14.543588801574707, -15.52062813873291, -17.071540995788574, -17.89658848876953, -18.609460040283203, -19.91384808654785, -21.316822215270996, -23.505147143554687, -25.962765856933594, -27.72610966796875, -30.189927264404297, -32.06556622619629, -33.84047333831787, -36.00507561798096, -37.72669617767334, -39.6428662979126, -41.07874219055176, -42.52379719848633, -44.85004727478027, -47.89846722717285, -49.98451058502197, -51.811512156677246, -53.729470416259765, -54.09758870239258, -54.86219708557129, -56.501920863342285, -57.83062760467529, -60.82802598114014, -64.99558274383546, -67.87830178375245, -70.36917988891602], "dobotX": [259.11981201171875, 256.99395751953125, 238.43736267089844], "dobotY": [0.0, 0.25916174054145813, 2.5213844776153564], "dobotZ": [-8.568687438964844, -9.072235107421875, -13.467849731445312], "diffX": [-32.508673382575864, -40.69618995013158, -13.473097959817068], "diffY": [-14.915951861676275, 1.093717159532846, 53.22995598991331], "diffZ": [-10.04077260131836, -32.00650708312988, -54.410452052307136], "diffXYZ": [37.149920315745305, 51.786026970068775, 77.30103411895179], "predictionX": [238.10311400373195, 349.94587664628733, 386.59865358690746], "predictionY": [2.5621317103542616, -14.915568769565231, 1.3530266910784339], "predictionZ": [-13.546999140930176, -18.609460040283203, -41.07874219055176], "oculusXSynchronized": [226.61113862914289, 216.29776756939967, 224.96426471108137], "oculusYSynchronized": [-14.915951861676275, 1.3528789000743042, 55.751340467528664], "oculusZSynchronized": [-18.609460040283203, -41.07874219055176, -67.87830178375245], "timestamp": [1592020872.1681278, 1592020872.7920084, 1592020873.4282954], "oculusTimeStamp": [1592020872.048897, 1592020872.0993354, 1592020872.1501994, 1592020872.20059, 1592020872.2514544, 1592020872.3023186, 1592020872.3531826, 1592020872.4040463, 1592020872.4549098, 1592020872.5057735, 1592020872.5566382, 1592020872.6075015, 1592020872.6583662, 1592020872.7092297, 1592020872.7600935, 1592020872.8109586, 1592020872.861822, 1592020872.9126852, 1592020872.9635499, 1592020873.0144138, 1592020873.0652778, 1592020873.1161416, 1592020873.1670058, 1592020873.2178695, 1592020873.2687333, 1592020873.3212378, 1592020873.3721013, 1592020873.422652, 1592020873.473516, 1592020873.5243807, 1592020873.5752435, 1592020873.6320946, 1592020873.688946, 1592020873.7458541, 1592020873.8019316, 1592020873.858777, 1592020873.9149067, 1592020873.9717312, 1592020874.0248628]}