{"oculusX": [239.23775784193717, 238.36400924055647, 237.41566883955852, 236.860638677902, 236.44469879355898, 235.97880729842623, 234.7805969762145, 233.91087722779753, 232.69600128296975, 231.22406534371706, 229.87659876434344, 228.1717482814729, 226.59910060039724, 225.88991188442347, 225.15593924849094, 224.6578125144047, 223.96601411463905, 222.71312037013044, 221.4513627665112, 219.7241600932379, 217.495423606124, 216.04411532931664, 215.37084884218424, 215.20689610014387, 214.74285573396486, 214.02776057784692, 213.2396703687648, 212.13202463053986, 210.73798194631553, 210.12080700747646, 208.85842018918817, 207.00391169676723, 205.93818102315032, 204.68726464575096, 203.88259097212236, 203.36171975954684, 203.0763692441101, 202.55698183428234, 202.00968487833222, 201.28049412139754, 200.67088494783485, 200.5769034609288], "oculusY": [10.196628775648122, 12.258724512844653, 15.363531227410126, 18.431935332297336, 21.047970534404534, 25.1149337427481, 28.537747571433762, 29.867802854021775, 31.62506772810306, 32.325385093119735, 33.02418418547651, 33.48187972052606, 34.33044774960887, 34.73896929770328, 35.0840398399307, 35.61973283969489, 35.49783967086594, 34.153782393663974, 31.436645889783758, 26.734277129210973, 20.8348391138129, 17.008294397825026, 12.408436141572459, 8.869498813225775, 4.074322078544675, -1.3363214758687212, -4.828174966396579, -9.759875848172728, -14.489746231951964, -17.533933545411237, -21.52776100714536, -26.161379738341182, -29.360119033973465, -33.93672185367411, -38.71375592148825, -43.20533438807188, -46.632537160801164, -51.58187319332056, -55.18943764693374, -59.8224508662034, -63.746544929259926, -66.35746513078638], "oculusZ": [-20.898278399658203, -24.062092944335937, -28.218563243103027, -32.15461556549072, -35.487468882751465, -40.73124711151123, -46.57274071807861, -49.80414692993164, -54.454382106018066, -59.1729242050171, -63.01325146789552, -67.83455197448731, -72.36903493041993, -74.82569996948243, -77.80891244049073, -80.06900136108399, -83.80192105407716, -87.70912472839356, -90.65037552947999, -92.97543351287842, -93.92231289978028, -93.84780709381104, -92.35971753234864, -91.30125825042725, -90.94255749816895, -91.13806073303223, -91.69464890594483, -92.32514683837891, -93.78581826324464, -95.4675037109375, -98.47718064422608, -100.8228618347168, -101.30279843444825, -100.68684403533936, -99.04032532806397, -97.29355160827637, -95.54105584259034, -93.29384152526856, -91.55946557159425, -88.85019604797364, -85.45332734222413, -82.75848214263917], "dobotX": [259.11981201171875, 255.03668212890625, 240.1717071533203], "dobotY": [1.05297526253878e-09, 1.698432207107544, 8.052657127380371], "dobotZ": [-8.568687438964844, -10.435111999511719, -17.59381103515625], "diffX": [-32.520711411321514, -41.79701176014146, -39.59480369239151], "diffY": [34.3304477485559, -6.526607173504123, -74.41012225816675], "diffZ": [-63.800347491455085, -81.25953690643311, -65.16467110748292], "diffXYZ": [79.41448641995491, 91.61167573798988, 106.54130248152948], "predictionX": [240.16851181145893, 240.67208834565972, 238.9526481335185], "predictionY": [7.883086903307131, 34.93506570927734, -14.688513410993], "predictionZ": [-17.231519862365722, -75.02541401206182, -94.34666985277927], "oculusXSynchronized": [226.59910060039724, 213.2396703687648, 200.5769034609288], "oculusYSynchronized": [34.33044774960887, -4.828174966396579, -66.35746513078638], "oculusZSynchronized": [-72.36903493041993, -91.69464890594483, -82.75848214263917], "timestamp": [1592020843.9666395, 1592020844.6844969, 1592020845.4494438], "oculusTimeStamp": [1592020843.8539288, 1592020843.9047923, 1592020843.955656, 1592020844.0065203, 1592020844.0573838, 1592020844.1082485, 1592020844.1591117, 1592020844.209976, 1592020844.26084, 1592020844.311704, 1592020844.3625677, 1592020844.4134321, 1592020844.464295, 1592020844.5181534, 1592020844.5714927, 1592020844.622357, 1592020844.6728349, 1592020844.7236989, 1592020844.774563, 1592020844.825427, 1592020844.876291, 1592020844.927154, 1592020844.9781964, 1592020845.02906, 1592020845.0794334, 1592020845.1302977, 1592020845.1811616, 1592020845.2350178, 1592020845.288874, 1592020845.3427575, 1592020845.393594, 1592020845.4444578, 1592020845.4953213, 1592020845.5461853, 1592020845.597049, 1592020845.6479132, 1592020845.6987767, 1592020845.7496407, 1592020845.8005052, 1592020845.8633373, 1592020845.9201853, 1592020845.976068]}