{"oculusX": [240.09515177973753, 240.38921293880668, 240.25340748562044, 240.26627778331323, 239.83494048851296, 239.30166341736125, 238.5255249499545, 237.96280046553628, 237.63888024173704, 237.28526381580065, 237.27318723813266, 237.16936162271455, 237.08183005761816, 236.85338190768974, 236.6048619751187, 236.09878627127458, 235.57696182981613, 235.09551488385583, 234.4809920444732, 233.20681969106445, 232.14779227474568, 230.85707937497608, 229.43500213480505, 227.78858176032094, 224.0503076688201, 220.81524838380662, 218.2615140583312, 215.17062009267028, 213.48758660994545, 212.667633149899, 211.13524002933426, 209.5942735350732, 209.16618039720382, 207.09523075779353, 204.70500181604137, 202.0115663639041, 199.3923193837269, 197.1502414594529, 194.38929007853386], "oculusY": [6.468866789708511, 8.288544776271472, 10.480883972563946, 12.80553839119983, 14.328181187445681, 16.836963711530025, 19.33086804123323, 20.735863668813032, 23.37638115604362, 25.43934384212942, 27.382862321844204, 28.47086017470145, 29.14445561958196, 29.404741812103243, 29.729558550773138, 30.206198584049588, 30.495729179797838, 30.852493438889308, 30.83137531727254, 29.73407202117694, 28.28902125527005, 26.93392723226831, 26.150854376700064, 26.000311635524376, 24.76426931661092, 22.734034391047793, 20.643771048051704, 17.125426828670328, 14.71080800615164, 13.276370179526857, 11.277092205683138, 9.989804834806877, 9.087981077110799, 8.627869098484089, 8.92704738347306, 9.714197312308087, 9.854947700992371, 9.519019025352586, 8.004998274963405], "oculusZ": [-11.733706637573242, -12.334998294067383, -13.688500567626953, -14.803941889953613, -15.851076289367676, -17.01587025756836, -18.26434914703369, -18.984850093078613, -19.903238459777832, -20.694430514526367, -21.066005870056152, -21.198805018615722, -21.20762650604248, -20.940001651000976, -20.866449519348144, -21.12227265472412, -21.482523127746582, -21.75515477294922, -21.709974452209472, -21.601732417297363, -21.19534794921875, -21.55702893371582, -22.837575122070312, -25.2998429977417, -28.986032649230957, -32.03838650817871, -34.38382928009033, -37.03397099609375, -39.7726852142334, -41.78541485900879, -44.83609978790283, -47.55752865905762, -48.3713704788208, -50.18907372589111, -53.08728997344971, -56.80244748229981, -60.619171305847175, -63.77929036254884, -66.34741608734132], "dobotX": [259.11981201171875, 256.99407958984375, 240.08030700683594], "dobotY": [-5.2648763126939e-10, 0.5040647387504578, 4.514769554138184], "dobotZ": [-8.568687438964844, -8.827964782714844, -10.891021728515625], "diffX": [-22.037981954100587, -32.943771921023654, -42.93006554738304], "diffY": [29.14445562010845, 24.260204577860463, 5.004249471214402], "diffZ": [-12.638939067077636, -20.158067866516113, -52.88826863403322], "diffXYZ": [38.66283386849747, 45.60918037692782, 68.30228400118415], "predictionX": [240.00223868581907, 360.26340784876714, 390.9088121441115], "predictionY": [4.533281821621661, 29.14483947902804, 22.734183220739546], "predictionZ": [-10.900552912902832, -21.20762650604248, -32.03838650817871], "oculusXSynchronized": [237.08183005761816, 224.0503076688201, 197.1502414594529], "oculusYSynchronized": [29.14445561958196, 24.76426931661092, 9.519019025352586], "oculusZSynchronized": [-21.20762650604248, -28.986032649230957, -63.77929036254884], "timestamp": [1592020858.9275508, 1592020859.5564008, 1592020860.191812], "oculusTimeStamp": [1592020858.8030736, 1592020858.8539374, 1592020858.9048014, 1592020858.9556649, 1592020859.0061505, 1592020859.0570138, 1592020859.1076007, 1592020859.1584647, 1592020859.2093287, 1592020859.2601924, 1592020859.3110564, 1592020859.36192, 1592020859.4127839, 1592020859.4636483, 1592020859.514512, 1592020859.5653765, 1592020859.6162395, 1592020859.6671042, 1592020859.717968, 1592020859.7688322, 1592020859.8196962, 1592020859.87056, 1592020859.921424, 1592020859.972288, 1592020860.0231512, 1592020860.0733516, 1592020860.1242154, 1592020860.175079, 1592020860.225943, 1592020860.2763636, 1592020860.3272276, 1592020860.3835611, 1592020860.440409, 1592020860.4972565, 1592020860.553138, 1592020860.6099555, 1592020860.666803, 1592020860.7229998, 1592020860.7783613]}