{"oculusX": [237.15289863751684, 235.64996381575634, 233.78268562077932, 232.15306914762908, 229.286136476883, 225.64208217415154, 223.2810403886146, 220.3949691963394, 216.3643569410369, 212.7447277338077, 210.85689746221277, 209.79514769267286, 208.77546237372022, 206.4967270241961, 204.34160300384454, 200.88144048108353, 197.37447807277903, 195.2647412845836, 192.58526491184767, 190.64956174473872, 190.0491212406165, 189.6307820062059, 189.53911876514456, 190.08261600416913, 191.11329042807665, 192.74328018668865, 195.20110441612826, 196.79606877696318, 198.9309207858017, 201.26792090599196, 202.4535684705, 203.73636239586125, 204.65239515581354, 204.8286935152225, 204.92506701665167, 205.84016181416288, 206.6339913343208, 207.81071639331344], "oculusY": [11.408370949757177, 13.612129243429667, 17.327078863438608, 20.191264001789765, 24.724975867034466, 30.12983809630128, 33.658286895546595, 39.13807813981272, 43.64072224414247, 49.28823909881022, 54.74070564349126, 59.974068383979066, 63.543966076874916, 68.2577059692885, 71.60135392939405, 76.58755801192173, 81.1885896488599, 85.29112333025247, 90.57726854853676, 95.717419338007, 100.18416588444138, 105.81457282449807, 111.71552750299634, 120.33441344781069, 125.95317441681341, 134.16933636297523, 143.01400054304554, 148.68876390442395, 155.25807273632836, 161.4441785699644, 165.4235533607233, 168.7757838957684, 171.0604038536566, 172.02971694969074, 172.72097172643026, 173.42439830598306, 173.44291037077053, 172.6968169902877], "oculusZ": [-6.7890245162963865, -6.689007922363281, -6.819065257263183, -6.98798482055664, -7.364090129089355, -7.684047862243652, -7.148559733581543, -5.8304626190185544, -4.67472855682373, -3.20070569152832, -1.9211131774902341, -0.08254830474853492, 1.1318367279052737, 2.8829019821166995, 4.106108502197266, 5.159084156799317, 5.315605953979492, 5.288426235961914, 4.926864460754395, 4.377786473083496, 4.040781811523438, 3.225390270996094, 2.4845045364379885, 1.2227934158325198, -0.16063038940429664, -3.4370977127075193, -8.339698954772949, -12.81684224243164, -18.917854472351074, -25.493081256103515, -31.654890223693847, -39.59339444274902, -46.820338412475586, -51.368888064575195, -56.46317784423828, -60.06675545806885, -63.456710025024414, -65.94067399139405], "dobotX": [259.11981201171875, 257.5296936035156, 238.52391052246094], "dobotY": [0.0, 0.8334638476371765, 10.795475959777832], "dobotZ": [-8.568687438964844, -8.438690185546875, -6.884773254394531], "diffX": [-50.34434963799853, -66.41640317543897, -31.88991918814014], "diffY": [63.543966076874916, 125.11971056917623, 162.6474344109927], "diffZ": [9.700524166870117, 8.278059796142578, -56.57193677062988], "diffXYZ": [81.6485721514106, 141.89646527544443, 175.13291779755292], "predictionX": [237.35269863751685, 330.25189436548317, 360.4849100267413], "predictionY": [11.409370949757177, 63.54435847912706, 125.95332686345625], "predictionZ": [-6.7890245162963865, 1.1318367279052737, -0.16063038940429664], "oculusXSynchronized": [208.77546237372022, 191.11329042807665, 206.6339913343208], "oculusYSynchronized": [63.543966076874916, 125.95317441681341, 173.44291037077053], "oculusZSynchronized": [1.1318367279052737, -0.16063038940429664, -63.456710025024414], "timestamp": [1592020865.4402313, 1592020866.0576572, 1592020866.6857872], "oculusTimeStamp": [1592020865.3335178, 1592020865.3843799, 1592020865.435245, 1592020865.4861088, 1592020865.5369725, 1592020865.5878358, 1592020865.6387002, 1592020865.6895645, 1592020865.7404284, 1592020865.7912924, 1592020865.8421562, 1592020865.8930204, 1592020865.9438841, 1592020865.9947484, 1592020866.0451279, 1592020866.0959926, 1592020866.1464972, 1592020866.1973608, 1592020866.248225, 1592020866.2990892, 1592020866.349953, 1592020866.4008172, 1592020866.451414, 1592020866.5022774, 1592020866.553142, 1592020866.6040058, 1592020866.6548698, 1592020866.7057335, 1592020866.756597, 1592020866.807462, 1592020866.8643098, 1592020866.9211576, 1592020866.9780054, 1592020867.0348537, 1592020867.090731, 1592020867.1475523, 1592020867.2044, 1592020867.255264]}