{"oculusX": [239.23717007988498, 239.05207349882858, 238.7246143538157, 238.32538744775698, 237.72151605737616, 236.6571526965531, 235.45454625410974, 234.17080241769648, 233.3588166804447, 232.4517128166694, 231.76355099342516, 231.12892323193998, 230.51932026666876, 229.512451526632, 228.48305472795403, 227.79510847527445, 226.86822714920004, 226.1829867154097, 225.70876282425203, 225.12959951790396, 224.51278606425686, 224.14021699041257, 223.56915042524565, 223.037218570464, 222.48114923644312, 221.64816413988513, 220.64263378025495, 219.6317950209291, 218.76427656592753, 217.98748947136477, 217.31516507644233, 216.44103014421768, 215.79323770800167, 214.93103352418598, 214.17064457114773, 213.62780849666524, 212.65598760569588, 211.30285445101825, 210.30333795658538], "oculusY": [2.055416913291489, 2.5180473055153167, 3.262688668489357, 4.283756619993937, 5.520671816972849, 7.289568209629782, 9.304035325384994, 11.409686420545738, 13.251706063944047, 15.104064259513128, 17.02836225255325, 18.88302758616015, 20.484207891843322, 22.3556640675936, 24.319797927133155, 25.697233682660627, 27.291474924088426, 28.22833584978978, 28.920357904184645, 30.142741357430083, 31.646614389739025, 32.44487692979032, 33.70863668220646, 34.57417224404923, 35.498187899361355, 36.485418916116, 37.281403868379975, 38.17849113009609, 39.37527853098361, 40.387253043160825, 41.19874206189517, 41.920206880230566, 42.72758583358013, 43.78629811988656, 44.86565715987342, 45.76855262417848, 46.76251472645838, 47.59482811735976, 48.2380143649015], "oculusZ": [-10.3159505569458, -10.7737142288208, -11.567409678649902, -12.509401484680176, -13.626869364929199, -15.103395625305176, -16.776140376281738, -18.759663745117187, -20.44289891357422, -22.117908641052246, -23.610051318359375, -25.14153306121826, -26.58491913909912, -28.466518565368652, -30.62682931060791, -32.17058961029053, -34.115608378601074, -35.61323468322754, -36.807354136657715, -38.67619816894531, -40.43989960784912, -41.71567742462158, -44.049437686157226, -45.56411091918945, -47.32638184661865, -49.01808087463379, -50.57423894042969, -51.7968494140625, -53.361828967285156, -54.828103228759765, -55.975373431396484, -57.30276887054443, -58.290417834472656, -59.744532748413086, -61.14762608642578, -62.22885434265137, -63.82256333465577, -65.589602633667, -66.95955578918458], "dobotX": [259.11981201171875, 259.11981201171875, 259.11981201171875], "dobotY": [0.0, 0.0, 0.0], "dobotZ": [-8.568687438964844, -10.887153625488281, -14.208717346191406], "diffX": [-28.600491745049993, -37.471647871833625, -48.81647405513337], "diffY": [20.484207891843322, 36.485418916116, 48.2380143649015], "diffZ": [-18.016231700134277, -38.13092724914551, -52.75083844299317], "diffXYZ": [39.524365974520734, 64.72463055587723, 86.55983552134742], "predictionX": [259.1198, 259.1198, 259.1198], "predictionY": [0, 0, 0], "predictionZ": [-11.5687, -115, -115], "oculusXSynchronized": [230.51932026666876, 221.64816413988513, 210.30333795658538], "oculusYSynchronized": [20.484207891843322, 36.485418916116, 48.2380143649015], "oculusZSynchronized": [-26.58491913909912, -49.01808087463379, -66.95955578918458], "timestamp": [1590867211.4417186, 1590867212.0929132, 1590867212.7234266], "oculusTimeStamp": [1590867211.3153894, 1590867211.365501, 1590867211.416155, 1590867211.4662752, 1590867211.516403, 1590867211.5666027, 1590867211.6167362, 1590867211.6668968, 1590867211.7171166, 1590867211.7672963, 1590867211.8175068, 1590867211.8677976, 1590867211.9179428, 1590867211.9713438, 1590867212.0218403, 1590867212.0719693, 1590867212.12212, 1590867212.172304, 1590867212.2224493, 1590867212.272596, 1590867212.322727, 1590867212.3728893, 1590867212.4235573, 1590867212.4737713, 1590867212.5239177, 1590867212.5741012, 1590867212.62445, 1590867212.6748302, 1590867212.7249951, 1590867212.7751749, 1590867212.825494, 1590867212.8760202, 1590867212.9297948, 1590867212.9854782, 1590867213.0402348, 1590867213.0959716, 1590867213.1515746, 1590867213.2068806, 1590867213.2625165]}