{"oculusX": [243.04865051437432, 243.68215143617473, 244.09494649078073, 244.71424203177443, 245.82518313480466, 246.7645407420113, 248.24030520610347, 249.5113406246603, 251.26731542121118, 253.10059678706116, 254.6170693092876, 256.6054058316925, 258.6510802149061, 259.8784270561258, 261.4183522668426, 262.73052967058345, 264.4067497645234, 265.9524389047245, 266.9946336516857, 268.36316056907293, 269.8259884754786, 270.67351953443443, 272.17830298289005, 273.14822053769535, 274.3661481470356, 275.144522385468, 276.60365118813763, 277.9199035373548, 279.08126707764444, 280.64624866820185, 282.04789381089944, 283.2727232413023, 284.99829337219796, 286.6223786744593, 288.828466685084, 290.74406955107764, 292.11122002976157, 294.4944317163535, 297.36816432701534], "oculusY": [-8.742025994918603, -11.48046624437243, -13.34075726344537, -15.817772576897092, -18.733352326424907, -20.427473101156757, -22.915991548345794, -24.365817399413594, -26.298135329376667, -28.55757226538029, -29.839553957692193, -31.6185269429372, -33.22906288611909, -34.30012257991798, -35.572746653279374, -36.367342168644186, -37.86134262854749, -38.95978364795499, -39.79261239322115, -40.755553997494275, -41.31280398886243, -41.60014555256795, -41.706057754168334, -41.37593314053186, -41.39339641531645, -41.69350522016621, -42.2547834898019, -42.926168814460404, -43.47215781069255, -43.80786870752314, -43.7889175584571, -43.89301384443875, -43.586266630846815, -43.10458508548129, -41.99610926097669, -41.072363098724104, -40.70819998733569, -40.56695756968002, -40.87432865046984], "oculusZ": [-9.274776622009277, -9.91302315826416, -10.316904231262207, -11.012490435791015, -11.85839955444336, -12.398179217529297, -12.991126223754883, -13.102586909484863, -13.281400843811035, -13.929422541809082, -14.207060977172851, -14.212425395202636, -14.028008624267578, -14.055545970153808, -14.389212771606445, -14.39314667816162, -14.472063227844238, -14.47838132019043, -14.46324174041748, -14.48446099395752, -14.329846545410156, -14.361675425720215, -14.19621293182373, -14.34105221862793, -14.633353396606445, -15.02924744720459, -15.341337367248535, -15.91580693359375, -16.151126071166992, -16.305978938293457, -16.412909671020508, -16.355689212036133, -16.252453967285156, -16.1750871383667, -16.07733552093506, -16.137655421447754, -16.283925219726562, -16.88330952758789, -17.509754344177246], "dobotX": [259.11981201171875, 259.11981201171875, 259.1198425292969], "dobotY": [0.0, 0.0, 0.0], "dobotZ": [-8.568687438964844, -10.887153625488281, -14.688697814941406], "diffX": [-0.4687317968126763, 16.024710373749258, 38.24832179771846], "diffY": [-33.22906288611909, -41.69350522016621, -40.87432865046984], "diffZ": [-5.459321185302734, -4.142093821716308, -2.8210565292358396], "diffXYZ": [33.67780452451281, 44.85862973090545, 56.05000644879168], "predictionX": [259.1198, 259.1198, 259.1198], "predictionY": [0, 0, 0], "predictionZ": [-11.5687, -115, -115], "oculusXSynchronized": [258.6510802149061, 275.144522385468, 297.36816432701534], "oculusYSynchronized": [-33.22906288611909, -41.69350522016621, -40.87432865046984], "oculusZSynchronized": [-14.028008624267578, -15.02924744720459, -17.509754344177246], "timestamp": [1590867235.217663, 1590867235.8689456, 1590867236.5198298], "oculusTimeStamp": [1590867235.0914376, 1590867235.1419585, 1590867235.1921036, 1590867235.2422218, 1590867235.2923446, 1590867235.3424942, 1590867235.3926363, 1590867235.4432986, 1590867235.4934933, 1590867235.543628, 1590867235.5938241, 1590867235.6439648, 1590867235.6941006, 1590867235.7478428, 1590867235.7980335, 1590867235.848206, 1590867235.8983777, 1590867235.9485831, 1590867235.999207, 1590867236.0494554, 1590867236.1001456, 1590867236.1502879, 1590867236.200844, 1590867236.250897, 1590867236.3010106, 1590867236.3516073, 1590867236.4037023, 1590867236.4541328, 1590867236.504254, 1590867236.5544353, 1590867236.604692, 1590867236.654827, 1590867236.7052274, 1590867236.7558606, 1590867236.8062968, 1590867236.856745, 1590867236.9074018, 1590867236.9581685, 1590867237.0085444]}