{"oculusX": [238.75569667730483, 238.56711162902386, 238.23417559017722, 237.82728001229398, 237.214669514742, 236.13876828695504, 234.92319712818286, 233.6262580600361, 232.80160098369043, 231.88230877672618, 231.18054552291701, 230.53282612518714, 229.912312127529, 228.89417846128242, 227.85303044933627, 227.15680356200085, 226.2210745463259, 225.53136736755377, 225.05372759994532, 224.46736100135473, 223.8413214237794, 223.4641163999781, 222.88568132388784, 222.34944183644518, 221.78876236893663, 220.95209640080603, 219.9453177196394, 218.9325236267841, 218.06007167131244, 217.27940272408773, 216.60426559851408, 215.72908020339656, 215.07847073169012, 214.2127044437187, 213.44814704986248, 212.9013938142761, 211.9272723297545, 210.57509867657268, 209.57612751020983], "oculusY": [3.1464203801040567, 3.6055239909372205, 4.344211577901208, 5.35755224515913, 6.583994396125271, 8.33608082292472, 10.331471520808254, 12.41692673657418, 14.243977854404818, 16.080443292612706, 17.990370603587202, 19.831354814022124, 21.420137143096486, 23.27455341936501, 25.220996587975993, 26.58628423387694, 28.165357992553705, 29.09214411715386, 29.77698906306062, 30.988799999350878, 32.48041134550743, 33.27178439769892, 34.52476870958218, 35.381785085907744, 36.29679681619647, 37.272514981104294, 38.056605683684545, 38.941290723372624, 40.12531254617976, 41.126166205958626, 41.92836589178246, 42.63947416809153, 43.43780029338234, 44.484558120859866, 45.55263255849773, 46.44678571327983, 47.42835053988581, 48.246348737643665, 48.87886328540415], "oculusZ": [-10.81472222442627, -11.27248589630127, -12.06618134613037, -13.008173152160644, -14.125641032409668, -15.602167292785644, -17.274912043762207, -19.258435412597656, -20.941670581054687, -22.616680308532715, -24.108822985839844, -25.64030472869873, -27.08369080657959, -28.96529023284912, -31.12560097808838, -32.669361277770996, -34.61438004608154, -36.11200635070801, -37.30612580413818, -39.17496983642578, -40.93867127532959, -42.21444909210205, -44.548209353637695, -46.06288258666992, -47.82515351409912, -49.51685254211426, -51.073010607910156, -52.29562108154297, -53.860600634765625, -55.326874896240234, -56.47414509887695, -57.8015405380249, -58.789189501953125, -60.243304415893554, -61.64639775390625, -62.727626010131836, -64.32133500213624, -66.08837430114747, -67.45832745666505], "dobotX": [259.11981201171875, 259.11981201171875, 259.1198425292969], "dobotY": [0.0, 0.0, 0.0], "dobotZ": [-8.568687438964844, -11.0999755859375, -14.688697814941406], "diffX": [-28.586985886531608, -38.16771561091272, -49.543715019087045], "diffY": [19.831354814022124, 37.272514981104294, 48.87886328540415], "diffZ": [-17.071617289733886, -38.41687695617676, -52.76962964172364], "diffXYZ": [38.75485147337732, 65.74094099598955, 87.3404647714358], "predictionX": [259.1198, 259.1198, 259.1198], "predictionY": [0, 0, 0], "predictionZ": [-11.5687, -115, -115], "oculusXSynchronized": [230.53282612518714, 220.95209640080603, 209.57612751020983], "oculusYSynchronized": [19.831354814022124, 37.272514981104294, 48.87886328540415], "oculusZSynchronized": [-25.64030472869873, -49.51685254211426, -67.45832745666505], "timestamp": [1590867219.0339513, 1590867219.6886954, 1590867220.3448734], "oculusTimeStamp": [1590867218.9333825, 1590867218.9835334, 1590867219.0341625, 1590867219.0843475, 1590867219.1350284, 1590867219.185663, 1590867219.2358348, 1590867219.28608, 1590867219.3363075, 1590867219.386646, 1590867219.4368832, 1590867219.4870543, 1590867219.5372038, 1590867219.5883768, 1590867219.6385574, 1590867219.6888144, 1590867219.738965, 1590867219.7890143, 1590867219.8393574, 1590867219.8895507, 1590867219.9396977, 1590867219.9898388, 1590867220.0400138, 1590867220.0902042, 1590867220.1403196, 1590867220.190604, 1590867220.2438, 1590867220.293986, 1590867220.3441513, 1590867220.3948207, 1590867220.4449275, 1590867220.4950602, 1590867220.5506814, 1590867220.605891, 1590867220.6661236, 1590867220.7217953, 1590867220.7874837, 1590867220.8430161, 1590867220.8979332]}