{"oculusX": [239.01416422559709, 238.5539644929336, 237.65029578503274, 236.52200263514973, 235.81090500287536, 235.19296077713628, 234.33256554504942, 233.16217997744636, 232.56581452488965, 232.3235174257376, 232.46133578382387, 232.6864159869086, 232.6521965966386, 232.53339771897078, 232.7020694516396, 232.98025281389445, 232.83114024869477, 232.476091289906, 232.1847630831387, 231.9981106588885, 232.38232709152035, 232.69525058102306, 232.59350210953096, 232.39826543807706, 232.0723430939508, 231.95345436825795, 231.84274581486042, 231.7552068257894, 231.55135439497317, 231.61704225348274, 231.43823500585415, 231.22024136062365, 230.83247217500238, 230.8449323203552, 230.83981073497966, 230.41361767016343, 230.2134953512436, 230.08665727827508, 230.04679137319295], "oculusY": [3.4907247815040634, 3.9861666302674377, 4.146137157408324, 4.401499138332293, 5.285398849326407, 5.77084790033406, 6.226189529471332, 6.1485360940183975, 6.283713059491303, 6.829906286400632, 7.0822733758317, 7.209493403298006, 7.095955265693067, 7.141045609153652, 6.837186175448743, 6.769934972930349, 6.2670918038450845, 5.787579514417885, 5.420442439561546, 4.888963202079278, 4.125428233209185, 3.882683036688366, 3.366558943958169, 3.4927080955354306, 3.2555008086477173, 3.520369285015536, 3.834919849146952, 3.6414952290839957, 3.142662168999603, 2.682682783247698, 2.0368473608151416, 1.807014522761806, 1.582025996228645, 1.694456684614678, 1.582107329548504, 1.7957064123449156, 1.42139571547422, 1.5127089988540883, 1.542470657976945], "oculusZ": [-10.963614627075195, -11.724885150146484, -12.505944415283203, -13.759310885620117, -14.89966694946289, -15.58166329498291, -16.354616328430176, -17.273243113708496, -17.650302096557617, -17.988975688171386, -18.031771823120117, -17.909105464172363, -17.913516207885742, -17.781193896484375, -17.458136721801758, -17.234619303894043, -17.173941775512695, -17.227466746520996, -17.232354327392578, -17.105754061889648, -16.71975438232422, -16.457136317443847, -16.09438244934082, -16.10797230834961, -16.322429820251465, -16.450341387939453, -16.502316638183594, -16.438182040405273, -16.461547061157226, -16.405041857910156, -16.325767680358886, -16.508157893371582, -16.716178103637695, -16.814883395385742, -16.91084687347412, -17.195637866210937, -17.268117114257812, -17.384584590148926, -17.357047244262695], "dobotX": [259.11981201171875, 259.11981201171875, 259.11981201171875], "dobotY": [0.0, 0.0, 0.0], "dobotZ": [-8.568687438964844, -10.887153625488281, -14.208717346191406], "diffX": [-26.46761541508016, -27.047468917767958, -29.073020638525804], "diffY": [7.095955265693067, 3.2555008086477173, 1.542470657976945], "diffZ": [-9.344828768920898, -5.435276194763183, -3.148329898071289], "diffXYZ": [28.951909636736534, 27.77959840757402, 29.283642634173034], "predictionX": [259.1198, 259.1198, 259.1198], "predictionY": [0, 0, 0], "predictionZ": [-11.5687, -115, -115], "oculusXSynchronized": [232.6521965966386, 232.0723430939508, 230.04679137319295], "oculusYSynchronized": [7.095955265693067, 3.2555008086477173, 1.542470657976945], "oculusZSynchronized": [-17.913516207885742, -16.322429820251465, -17.357047244262695], "timestamp": [1590867225.9106457, 1590867226.5412216, 1590867227.1924925], "oculusTimeStamp": [1590867225.7996993, 1590867225.850283, 1590867225.9003806, 1590867225.950528, 1590867226.0006175, 1590867226.0507567, 1590867226.100929, 1590867226.150992, 1590867226.2012098, 1590867226.2514002, 1590867226.3016758, 1590867226.3519204, 1590867226.4025655, 1590867226.4529703, 1590867226.5037208, 1590867226.5543947, 1590867226.6045294, 1590867226.6546667, 1590867226.7049818, 1590867226.7551706, 1590867226.805318, 1590867226.8554807, 1590867226.905905, 1590867226.9563265, 1590867227.0069926, 1590867227.060703, 1590867227.1108425, 1590867227.1612897, 1590867227.2114174, 1590867227.2615626, 1590867227.3116896, 1590867227.3618462, 1590867227.4120083, 1590867227.4622056, 1590867227.5143044, 1590867227.5696473, 1590867227.6247268, 1590867227.6801367, 1590867227.7352653]}