{"oculusX": [239.54830016835356, 239.3655208725266, 239.04155783244278, 238.6336202885385, 238.2063422715114, 238.22534588309648, 238.48637126000145, 238.41869610349102, 238.43568264859323, 238.41821318502772, 238.51001434014785, 239.1148842249038, 239.74648872452136, 240.3300991875912, 241.1373660628609, 242.47249080020808, 243.4602923092964, 244.3195597265516, 244.94511137251513, 245.56943960710177, 246.3947773094508, 247.390671632017, 248.11991414469585, 248.37622956511314, 248.59714338184853, 248.53883839570398, 248.37957269466574, 248.5128031556335, 247.75932908970123, 247.69988861815358, 247.48587811970623, 247.36873651637129, 247.28910841763664, 246.85867571826026, 246.42502253624417, 245.67740324694924, 244.79937365013683, 244.05945721926864, 243.17920101172032], "oculusY": [-0.07381363223194028, 0.001109494020480421, 0.12838790686522805, 0.8660674691118475, 1.6516205312603252, 2.3441479519522193, 3.3240310522746532, 3.937961244189249, 4.4760331930291635, 4.919423558088586, 5.1838754863919645, 5.500082986501317, 5.575325598652536, 5.460427202541739, 5.023611653029989, 4.608895623799088, 4.882561270694491, 5.026127000704091, 5.198147435281665, 4.8658599551994595, 4.285848243056751, 4.0948325115211945, 4.216994536528379, 4.017735514423266, 3.7985829372474007, 3.3992522604774447, 3.4398053968476643, 3.546945357018659, 3.114033809194381, 2.9135718518168745, 2.489004129719857, 2.236220376554015, 2.257290071825944, 2.3421149878873155, 2.7378749409123433, 3.224012113363396, 3.8411688061049354, 4.099698438631822, 4.275639834960894], "oculusZ": [-10.640319033813476, -11.572535678100586, -12.42452447052002, -13.964470072937011, -15.758212252807617, -17.43548695678711, -20.47043625946045, -22.566254779052734, -23.877437754821777, -25.44050995941162, -26.51160542602539, -27.67902199859619, -28.509433909606933, -28.88124768371582, -29.662902995300293, -30.627902194213867, -31.549628421020508, -32.75817219848633, -33.80113427276611, -35.06677929992676, -36.647375270080566, -37.88071457977295, -39.208229228210456, -40.208991213989265, -41.64725129241944, -43.24763600463868, -44.43496052856446, -46.22953717346193, -48.12615697021484, -49.309666796875, -51.048334284973144, -52.10619752044678, -53.65126912231445, -55.08356873626709, -57.03931634063721, -59.20999829406738, -61.42419163818359, -62.88116757507324, -64.48536698455811], "dobotX": [259.11981201171875, 259.11981201171875, 259.1198425292969], "dobotY": [0.0, 0.0, 0.0], "dobotZ": [-8.568687438964844, -10.887153625488281, -14.688697814941406], "diffX": [-19.373323287197394, -10.522668629870225, -15.940641517576552], "diffY": [5.575325598652536, 3.7985829372474007, 4.275639834960894], "diffZ": [-19.94074647064209, -30.76009766693116, -49.796669169616706], "diffXYZ": [28.355656940506247, 32.731321328420975, 52.46039847712219], "predictionX": [259.1198, 259.1198, 259.1198], "predictionY": [0, 0, 0], "predictionZ": [-11.5687, -115, -115], "oculusXSynchronized": [239.74648872452136, 248.59714338184853, 243.17920101172032], "oculusYSynchronized": [5.575325598652536, 3.7985829372474007, 4.275639834960894], "oculusZSynchronized": [-28.509433909606933, -41.64725129241944, -64.48536698455811], "timestamp": [1590867203.928102, 1590867204.569029, 1590867205.2308147], "oculusTimeStamp": [1590867203.8172252, 1590867203.8674338, 1590867203.91763, 1590867203.9678278, 1590867204.017949, 1590867204.0681734, 1590867204.1184282, 1590867204.168688, 1590867204.2188141, 1590867204.2690008, 1590867204.319644, 1590867204.369756, 1590867204.4203098, 1590867204.4706419, 1590867204.521013, 1590867204.5715704, 1590867204.6217887, 1590867204.6720505, 1590867204.722458, 1590867204.7727013, 1590867204.8233116, 1590867204.87382, 1590867204.9240549, 1590867204.9743412, 1590867205.0246131, 1590867205.0784595, 1590867205.1297503, 1590867205.1800725, 1590867205.2303672, 1590867205.2806478, 1590867205.3308473, 1590867205.38102, 1590867205.4312952, 1590867205.4814987, 1590867205.531694, 1590867205.5821736, 1590867205.6375012, 1590867205.692878, 1590867205.753259]}