{"oculusX": [239.67458239716186, 238.34908576016485, 236.37857831603446, 234.77840364642654, 232.40976439757165, 229.76654473893618, 227.70818242969978, 226.29078985598284, 224.7993272007243, 223.26316344244432, 221.7311756774975, 221.0415021352448, 220.30256030799814, 219.79138319234423, 219.1135717053015, 217.84813058796024, 216.13401668753775, 215.3629149131624, 215.29711385986243, 216.84194010680082, 217.5606131900693, 219.51244129535783, 221.52880969201306, 223.54508620823353, 224.61647197131052, 225.1322062384586, 225.32562562152137, 225.0219194577127, 225.18028655921253, 222.90426624833273, 221.35622441407315, 220.64156898661003, 219.9558581691655, 219.53640292367643, 219.5711134076913, 219.8666431851906, 218.62131693460492, 218.51688734310403, 218.4705547879506, 219.1861911498472, 220.28322292959447, 221.95848469559667, 224.29086481118185, 225.61342909308578, 225.8047130510169, 225.2336376939487, 225.63872815287263, 226.38768013663588, 227.22166467511184, 227.3241341161043, 226.1909624529971], "oculusY": [2.7834978261523986, 5.760461823677016, 9.596086039772603, 12.234733355114225, 15.141905421522486, 19.652181818605563, 24.5078985055946, 30.295439036150476, 35.54280466859162, 40.613633441270416, 46.315008016416286, 49.536928805335464, 52.22768644965492, 55.346830221404545, 58.623739885321335, 62.267708967794654, 64.667338694582, 69.0924824010994, 73.13233074781529, 77.47328089820887, 78.05941846533128, 80.20303357594248, 80.57814481388657, 80.02771776451046, 77.4823316138882, 75.08176635873266, 71.95531387892348, 68.44001258668064, 66.23788715913636, 61.81929551104832, 57.289153085467255, 53.598221163446155, 49.19857994677787, 41.31460602567667, 35.339762150438496, 31.575264922320635, 28.163461276770324, 23.810417215746575, 19.523814463923564, 14.705614310177033, 9.53636890786318, 5.728607868439059, 3.067390574346444, 2.7254138720333154, 4.071207622095594, 6.123735433341447, 7.713823505853826, 8.471421733022266, 8.006202506828592, 8.721674683497678, 10.362487312829245], "oculusZ": [-10.726030513000488, -12.653048678588867, -15.281494303894043, -17.22663228149414, -20.36970440979004, -23.640449687194824, -26.890810176086426, -29.702838107299804, -32.02443902130127, -34.358556910705566, -36.729391261291504, -37.97548596496582, -39.51018635864258, -40.82387272949219, -41.66382138366699, -42.50412766571045, -43.21223084564209, -43.682988330078125, -43.08837239379883, -40.61251465911865, -38.487489863586426, -35.43001000518799, -32.89466683502197, -30.042823001098633, -28.54686562652588, -27.697857066345215, -27.458604022216797, -27.437384768676758, -28.03736512298584, -30.597503825378418, -33.22368447418213, -34.486587687683105, -35.263355418395996, -34.64585129852295, -33.26838795776367, -32.54669491882324, -32.283242388916015, -31.27210919494629, -29.98607937927246, -27.963097735595703, -25.80052201385498, -23.603614016723633, -20.73901478881836, -19.71071545715332, -19.453461810302734, -18.871958895874023, -17.803724452209472, -16.664679690551758, -16.008194132995605, -16.66217629547119, -18.30511872406006], "dobotX": [259.11981201171875, 256.4945068359375, 240.65467834472656, 255.14524841308594], "dobotY": [0.0, 0.2333284467458725, 1.6411161422729492, 9.925331115722656], "dobotZ": [-8.568687438964844, -8.720046997070312, -9.633132934570312, -14.525886535644531], "diffX": [-38.817251703720615, -31.362300597478907, -22.13779100162253, -28.95428596008884], "diffY": [52.22768644965492, 74.84843791198679, 22.169301073473626, 0.4371561971065887], "diffZ": [-30.941498919677734, -18.977810069274902, -21.638976260375976, -3.779232188415527], "diffXYZ": [72.05474735997544, 83.34290510689341, 38.076304890508396, 29.203156968609104], "predictionX": [240.64663770568325, 329.1877330815326, 382.8115466386098, 398.7633816186292], "predictionY": [1.6418312783027815, 52.228141934304865, 75.08197738386991, 23.810515179103948], "predictionZ": [-9.633596583557129, -39.51018635864258, -27.697857066345215, -31.27210919494629], "oculusXSynchronized": [220.30256030799814, 225.1322062384586, 218.51688734310403, 226.1909624529971], "oculusYSynchronized": [52.22768644965492, 75.08176635873266, 23.810417215746575, 10.362487312829245], "oculusZSynchronized": [-39.51018635864258, -27.697857066345215, -31.27210919494629, -18.30511872406006], "timestamp": [1591976120.4769797, 1591976121.1102748, 1591976121.7455864, 1591976122.3755722], "oculusTimeStamp": [1591976120.3343601, 1591976120.3852243, 1591976120.4360886, 1591976120.4869525, 1591976120.537817, 1591976120.5886807, 1591976120.6391165, 1591976120.689981, 1591976120.740361, 1591976120.7912247, 1591976120.8419921, 1591976120.892866, 1591976120.9437246, 1591976120.997577, 1591976121.0484397, 1591976121.0993037, 1591976121.1501677, 1591976121.201032, 1591976121.251896, 1591976121.302759, 1591976121.3536232, 1591976121.404488, 1591976121.4553514, 1591976121.5062153, 1591976121.5570793, 1591976121.6079428, 1591976121.6588073, 1591976121.7096722, 1591976121.7605352, 1591976121.8113995, 1591976121.8622632, 1591976121.912918, 1591976121.9637818, 1591976122.0143418, 1591976122.0652056, 1591976122.1160688, 1591976122.166933, 1591976122.2175958, 1591976122.26846, 1591976122.3189604, 1591976122.3698578, 1591976122.4207191, 1591976122.4717102, 1591976122.5225801, 1591976122.5734675, 1591976122.624576, 1591976122.6753623, 1591976122.7262282, 1591976122.7772493, 1591976122.8283782, 1591976122.8793268]}