{"oculusX": [244.37334630946773, 246.38228509000436, 248.13417181822254, 248.83514345079533, 250.31400749451402, 251.8980739030365, 253.11113107504823, 254.13580933047632, 255.13681246753328, 255.66382033456782, 256.516589804006, 257.6431641831657, 258.420296833905, 258.55816661061857, 258.0990310476603, 257.69796092081225, 256.8591975437366, 256.1567397037126, 254.8684495418512, 253.04887764846933, 251.24627641812302, 248.42219995867816, 245.9967260549171, 244.62200269677317, 243.6776991353034, 242.97741661466432, 240.95435636786718, 239.00599123718536, 237.2845530169225, 235.35491371401005, 233.3243304838799, 231.22215201223747, 228.9793012557026, 225.72888606675644, 223.99061384734688, 221.88308007007277, 220.28262156821074, 219.13934195535055, 218.2050510859659, 216.96203450169494, 215.8557207907387, 214.47099621848662, 213.1627420484549, 212.1348065466035, 211.08398121494773, 209.91810900481522, 208.51751946292518, 207.46480089521893, 206.43050144938977, 205.43052156763756, 204.83984198522353], "oculusY": [6.552962107517922, 9.221609270068319, 11.914483644425948, 13.561885183622671, 16.18904872390629, 17.363033718659675, 18.09818588958078, 19.066398454052106, 20.710569489006524, 22.087666580233122, 23.076041308000807, 24.4274115995642, 25.012359516568946, 25.23706304904966, 25.190828697619622, 25.097702337057637, 24.57309873844604, 24.114139120352117, 22.99537455153334, 21.511133906031926, 20.274817044135148, 18.052904633963383, 15.695538520709723, 14.021699779239288, 12.44158553572694, 10.767036473191837, 8.088992366867398, 5.3705497174951775, 2.983154182791907, 0.09383629422843397, -2.9310237152146, -6.1181075925864405, -9.711080456444012, -14.961187733957276, -17.931125380037386, -21.3024075792921, -23.988354061911018, -26.266613415128212, -28.015958591701043, -31.073985487466498, -33.26091663077531, -35.338076045812365, -37.42813739960231, -39.447392429734236, -41.68883662422255, -44.394484663277915, -47.58535563568727, -50.01888614887723, -53.43754480710602, -56.94754324968276, -59.55385391928075], "oculusZ": [-7.719095393371582, -7.170255824279785, -6.154473468017578, -4.81658761138916, -1.7039138519287107, 1.5508573806762698, 5.376760319519043, 8.738819912719727, 12.853924588012696, 16.5397566116333, 21.260325268554688, 29.874984577941895, 36.848251179504395, 42.13959391479492, 47.55896742706299, 52.12110693817139, 56.43707926635742, 59.54522307281494, 63.01898177032471, 66.17099459533691, 68.00872500305175, 70.40995772247314, 72.6160448348999, 73.9743154800415, 75.40721114044189, 76.94036181335449, 79.00447066192626, 81.38078863983154, 82.99059088592529, 84.89531691436767, 86.75116713409423, 88.56279070739745, 90.44033701782226, 92.20725710754394, 92.74465258483886, 92.9341953552246, 92.89914782409667, 92.85301382904052, 92.47464354400634, 92.31907542114257, 91.86846430664062, 90.92766459350585, 90.19607718353271, 90.74038679962158, 91.75259287719726, 93.41735060577392, 95.49838717346191, 96.82268317108154, 98.63287623291015, 100.13980086212158, 100.91597254638671], "dobotX": [259.11981201171875, 257.1168212890625, 244.6103973388672, 265.4803466796875], "dobotY": [0.0, 0.9024370908737183, 6.559521675109863, 9.67309856414795], "dobotZ": [-8.568687438964844, -8.451683044433594, -7.705657958984375, -0.188201904296875], "diffX": [-0.699515177813737, -13.439122153759087, -24.327775770656444, -60.049825112049945], "diffY": [25.012359516568946, 11.539148444853222, -30.54787573702088, -66.6206418138307], "diffZ": [45.41693861846924, 83.85889418487548, 100.60480578308105, 100.32800276641845], "diffXYZ": [51.85369575588505, 85.70925320527627, 107.91821131135961, 134.57339837714207], "predictionX": [244.57314630946775, 368.3005473624197, 401.8597167328478, 398.6077871252005], "predictionY": [6.553962107517922, 25.012810015864396, 12.44179404244388, -26.26651155373313], "predictionZ": [-7.719095393371582, 36.848251179504395, 75.40721114044189, 92.85301382904052], "oculusXSynchronized": [258.420296833905, 243.6776991353034, 220.28262156821074, 205.43052156763756], "oculusYSynchronized": [25.012359516568946, 12.44158553572694, -23.988354061911018, -56.94754324968276], "oculusZSynchronized": [36.848251179504395, 75.40721114044189, 92.89914782409667, 100.13980086212158], "timestamp": [1591976097.6971898, 1591976098.3201258, 1591976098.9482827, 1591976099.604792], "oculusTimeStamp": [1591976097.5785022, 1591976097.6293547, 1591976097.6802194, 1591976097.7311144, 1591976097.7819786, 1591976097.8324301, 1591976097.883294, 1591976097.9341578, 1591976097.9850223, 1591976098.0358858, 1591976098.0867507, 1591976098.137614, 1591976098.1884778, 1591976098.2393415, 1591976098.2902057, 1591976098.3410702, 1591976098.3919334, 1591976098.442798, 1591976098.4936614, 1591976098.5445254, 1591976098.5953894, 1591976098.646254, 1591976098.6968765, 1591976098.747741, 1591976098.798604, 1591976098.8494678, 1591976098.9003317, 1591976098.9511957, 1591976099.0022178, 1591976099.0530822, 1591976099.1041312, 1591976099.1549942, 1591976099.2058578, 1591976099.2567232, 1591976099.3075871, 1591976099.3584523, 1591976099.4093146, 1591976099.4651916, 1591976099.5220132, 1591976099.5788622, 1591976099.6357093, 1591976099.6925576, 1591976099.7494051, 1591976099.8062532, 1591976099.8631012, 1591976099.919949, 1591976099.976797, 1591976100.033645, 1591976100.090493, 1591976100.1468508, 1591976100.2002153]}