{"oculusX": [243.97245004239412, 245.97953621022492, 245.5362443722342, 248.66845816985065, 247.53177509186906, 249.31650095725578, 250.2223307517152, 254.64519147953024, 259.54452011311906, 260.9674977211655, 264.0587045004219, 264.0219898637108, 270.43402775989, 271.9958022903507, 274.8074396957471, 274.39030131107285, 274.75558961300504, 273.6793982042072, 270.118216571212, 267.914066907093, 259.79787891784287, 255.18388178772804, 247.63681270384168, 245.04973466149627, 241.0388977086205, 240.3010876763888, 243.26456532875545, 248.27176251180774, 252.9014242630883, 251.0764846121992, 252.4516064580489, 253.79686191314866, 257.1454051144717, 261.1195874765692, 265.72534194466374, 269.110863251607, 270.81958584039074, 271.27301466797877, 270.3965972373456, 268.7248761735521, 266.21007591501507, 265.01050273445793, 260.62697013347685, 252.4255622903762, 250.33302367733995, 251.102767424048, 253.28036084768698, 256.09240983459136, 259.3990628855337, 262.45996098663454, 264.08291765193127, 265.25257003097704, 266.683689600827, 267.1729236661556, 267.90976276232914], "oculusY": [20.738879014615186, 29.101346336778352, 34.76312660813725, 38.82890175256131, 38.62692637969373, 34.98689965180402, 33.74139461926869, 29.50023873271853, 27.879981722852083, 26.66022851158301, 29.348804715643777, 26.864760464917822, 29.31550535221267, 25.900873621849087, 25.813403916503333, 28.21934029441053, 33.20517892207019, 36.08440031766429, 43.19212509638756, 52.88158949937986, 57.351057254913265, 66.68145425394192, 80.05075385807825, 87.53533270439551, 93.61482449593377, 99.88009073764378, 114.68038269918112, 130.19346325439074, 143.6215674437169, 147.51982334271818, 144.59457666168552, 141.65996055678158, 134.01022662338372, 124.18669289968024, 111.51484379687062, 101.02445833091811, 95.23078827875142, 93.6257916982182, 96.70127125912141, 102.28232300570868, 110.0824835436629, 113.58942250702067, 117.05170783302249, 117.59297882741359, 114.99008560696012, 112.41040653975628, 108.77138652831802, 106.27748702966905, 103.76378065053689, 101.95526711665441, 99.47685710551269, 96.20864645431217, 91.85659612427317, 84.26486452335337, 73.08437602436561], "oculusZ": [-16.033943339538574, -18.15563027496338, -20.954664393615722, -22.8206474029541, -26.438768550109863, -25.102074786376953, -25.216754122924804, -21.89594094390869, -18.10687367553711, -17.44037453765869, -17.21602265472412, -18.075283213806152, -10.591085597229004, -11.652167483520508, -8.240278407287597, -6.977732821655273, -6.842549487304687, -9.72383801574707, -10.77061478729248, -8.85241810913086, -6.082828684997558, -1.4919597351074216, -2.631362124633789, -4.509027644348144, -7.292922183227539, -3.4401971542358396, 1.0708015716552737, 2.2925775802612307, 0.242297009277344, -6.449635668945312, -11.246021434020996, -16.28058735961914, -18.713172122192383, -20.865138217163086, -24.05923192138672, -29.23351113433838, -32.823141261291504, -33.02114789123535, -29.562647982788086, -26.087935610961914, -20.587022944641113, -14.85699002380371, -6.092723056030273, 3.359977558898926, 14.212910488891602, 26.2593668258667, 33.32168276672363, 37.50938589935303, 37.99611742858887, 34.532133892822266, 25.37924464111328, 17.626349285888672, 11.284057453918457, 6.307308033752442, 4.223291233825684], "dobotX": [259.11981201171875, 257.8851013183594, 244.7399444580078, 254.25465393066406], "dobotY": [0.0, 1.7132203578948975, 19.952205657958984, 21.294963836669922], "dobotZ": [-8.568687438964844, -9.185371398925781, -15.75042724609375, -15.361900329589844], "diffX": [15.270489299354097, -9.613338806551639, 21.470131457007255, 12.918269735491549], "diffY": [28.21934029441053, 128.48024289649584, 90.13027788570392, 62.969900686683445], "diffZ": [1.5909546173095706, 11.477948979187012, -4.836595698547363, 21.669208363342285], "diffXYZ": [32.12553729804014, 129.3496517603389, 92.77837137224704, 67.83542346402533], "predictionX": [244.17225004239413, 380.0354656187468, 409.6864258937655, 444.53988159446544], "predictionY": [20.739879014615187, 28.219812011551554, 143.62178294950482, 113.58952406313705], "predictionZ": [-16.033943339538574, -6.977732821655273, 0.242297009277344, -14.85699002380371], "oculusXSynchronized": [274.39030131107285, 248.27176251180774, 266.21007591501507, 267.1729236661556], "oculusYSynchronized": [28.21934029441053, 130.19346325439074, 110.0824835436629, 84.26486452335337], "oculusZSynchronized": [-6.977732821655273, 2.2925775802612307, -20.587022944641113, 6.307308033752442], "timestamp": [1591976113.0917988, 1591976113.7196047, 1591976114.384684, 1591976115.0231543], "oculusTimeStamp": [1591976112.7944562, 1591976112.8473809, 1591976112.9016125, 1591976112.9554687, 1591976113.0056937, 1591976113.0565574, 1591976113.1069732, 1591976113.1578374, 1591976113.2088203, 1591976113.259685, 1591976113.3102777, 1591976113.3611403, 1591976113.412004, 1591976113.4628685, 1591976113.513309, 1591976113.5641727, 1591976113.6190329, 1591976113.6698897, 1591976113.7204442, 1591976113.771308, 1591976113.8221724, 1591976113.8730364, 1591976113.9238997, 1591976113.974764, 1591976114.0249674, 1591976114.0758305, 1591976114.126695, 1591976114.1772397, 1591976114.2300885, 1591976114.2839618, 1591976114.3348086, 1591976114.3856733, 1591976114.4365373, 1591976114.4874012, 1591976114.538265, 1591976114.5891287, 1591976114.6399927, 1591976114.6908574, 1591976114.7417212, 1591976114.792585, 1591976114.8434486, 1591976114.89531, 1591976114.9521587, 1591976115.0149906, 1591976115.0718386, 1591976115.1270616, 1591976115.1839097, 1591976115.2521563, 1591976115.3084815, 1591976115.3633354, 1591976115.4196122, 1591976115.475567, 1591976115.5322678, 1591976115.5881286, 1591976115.641963]}