{"oculusX": [239.17994711364904, 239.27137392400905, 239.68798583159926, 239.79209298743723, 240.78906483472304, 241.83478791405864, 242.4140404281612, 242.16634352942702, 240.1516124792406, 237.29252236720475, 235.43802693382912, 233.41390596823283, 232.75301201879606, 232.5921364524652, 232.4426318107844, 232.3018042741863, 232.36870492897108, 232.42037973135308, 232.23184499325566, 231.9293913808249, 231.58736481790706, 231.30382687839133, 231.39104525690416, 231.81535927846963, 231.5106119956612, 231.17668004722347, 230.7969911790048, 230.45741160149552, 230.19250537126823, 229.52153373856922, 228.99309236912947, 228.15162220170902, 227.10484990886556, 225.71884240085598, 224.24412548928535, 222.43453808029437, 221.22839533594373, 220.0078511253758, 219.45301723921352, 219.0743433593372, 219.0407760143128, 219.04643599857016, 219.05915401768098, 219.13454421271274, 219.45167642133424, 219.62377485886827, 219.87870360698614, 220.20840190636318, 220.72655478894794, 221.1609150754333, 221.85731240629642, 222.70750304963437, 223.36141841579044], "oculusY": [0.8838673839306692, 0.9981234139955408, 1.4618060768197427, 3.0564313627025186, 5.704395799922797, 7.962092630919209, 9.672529615756192, 11.961720668519481, 15.628316674698473, 20.354579463643862, 24.519500231265752, 31.054837711552327, 35.2858799107871, 39.31478268091327, 43.830658155821936, 48.65557089876035, 52.9220377008993, 56.000372215471955, 60.59792294718663, 63.900339052282604, 68.3256337099186, 73.57508161894759, 76.92471299979012, 80.20198793238585, 82.6331764793698, 84.05194679653681, 86.1255678050577, 88.02814635306505, 90.33843734808134, 92.90659553536898, 93.54729365980008, 94.13012103496183, 93.43469515839952, 91.48671599378815, 89.54413846071762, 86.19207876814258, 83.08622280988311, 79.21297582060475, 76.25429471407274, 72.80810591910443, 69.85954830439978, 66.9902686661984, 62.90868772878899, 60.21982640953253, 56.57582933951414, 51.999597095349436, 48.573456202600184, 44.00082003765322, 39.40512492860556, 36.311668593864475, 31.984265609885018, 28.37729265799982, 25.96858606865644], "oculusZ": [-9.144838496398926, -9.106691523742676, -9.164388819885254, -10.471161051940918, -11.191900416564941, -11.63738553161621, -12.21412007446289, -14.05745331878662, -17.07988564605713, -18.791611834716797, -18.852885409545898, -18.436129733276367, -17.84747426147461, -17.349298640441894, -16.97033230895996, -16.460235758972168, -15.387352153015136, -14.490421458435058, -12.95858208770752, -11.687334223937988, -10.087307139587402, -8.511717959594726, -7.005031748962402, -4.424031420898437, -1.8930989944458005, 0.10079558258056664, 2.7782362258911135, 6.017510250854492, 9.726230458068848, 15.13427908782959, 17.944638088989258, 21.5368908203125, 25.267307118225098, 29.95676215057373, 32.57340605621338, 34.97058565979004, 37.1926468170166, 39.38347514038086, 40.945236042785645, 42.73695166473389, 44.0896194732666, 45.20637209777832, 46.282951191711426, 46.954337910461426, 47.571961239624024, 48.341218785095215, 48.96599467163086, 49.85422308807373, 50.72862322692871, 51.13703425292969, 51.74798186187744, 52.07425768737793, 51.91046412353516], "dobotX": [259.11981201171875, 256.48358154296875, 239.45867919921875, 253.25955200195312], "dobotY": [0.0, 0.1181715875864029, 0.8813286423683167, 6.784740447998047], "dobotZ": [-8.568687438964844, -8.645645141601562, -9.142547607421875, -10.219886779785156], "diffX": [-26.677180200934345, -26.026169941473228, -20.384335839881544, -29.898133586162686], "diffY": [43.830658155821936, 87.90997476547865, 71.92677727673612, 19.183845620658392], "diffZ": [-8.401644869995117, 14.663155392456055, 51.87949927215576, 62.13035090332031], "diffXYZ": [51.99409749545768, 92.8468271463966, 90.99705974249879, 71.56883978452493], "predictionX": [239.37974711364905, 340.41363593010817, 385.7539993738403, 397.9442370864475], "predictionY": [0.8848673839306692, 43.83111822047057, 88.02836931582875, 72.80821077925123], "predictionZ": [-9.144838496398926, -16.97033230895996, 6.017510250854492, 42.73695166473389], "oculusXSynchronized": [232.4426318107844, 230.45741160149552, 219.0743433593372, 223.36141841579044], "oculusYSynchronized": [43.830658155821936, 88.02814635306505, 72.80810591910443, 25.96858606865644], "oculusZSynchronized": [-16.97033230895996, 6.017510250854492, 42.73695166473389, 51.91046412353516], "timestamp": [1591976090.1680927, 1591976090.802493, 1591976091.425034, 1591976092.0590873], "oculusTimeStamp": [1591976089.9177623, 1591976089.9716184, 1591976090.0254743, 1591976090.0763385, 1591976090.1272025, 1591976090.1780663, 1591976090.228929, 1591976090.2797937, 1591976090.3306577, 1591976090.381522, 1591976090.4321227, 1591976090.4829872, 1591976090.5338514, 1591976090.584715, 1591976090.635579, 1591976090.6894658, 1591976090.7398958, 1591976090.7907596, 1591976090.8416233, 1591976090.892487, 1591976090.9430916, 1591976090.9939566, 1591976091.044819, 1591976091.0956843, 1591976091.1461434, 1591976091.1970067, 1591976091.2478714, 1591976091.2987359, 1591976091.349599, 1591976091.4002216, 1591976091.4510856, 1591976091.501466, 1591976091.5523298, 1591976091.6027288, 1591976091.653593, 1591976091.7040222, 1591976091.7548862, 1591976091.8057504, 1591976091.8566134, 1591976091.907478, 1591976091.9643269, 1591976092.021176, 1591976092.0780225, 1591976092.1339014, 1591976092.1907206, 1591976092.247569, 1591976092.3044171, 1591976092.360299, 1591976092.4164212, 1591976092.4732697, 1591976092.5256426, 1591976092.5824661, 1591976092.6383328]}