{"oculusX": [242.77184745475756, 244.2542090102018, 245.8137252832271, 247.98961564575478, 249.89922465304278, 251.27766037561295, 252.08643134448985, 252.0188850959723, 251.90755906585284, 251.806326152261, 253.57189391871128, 255.0903018050565, 256.3000967194013, 257.9766996235856, 260.0540112826565, 262.10527036078054, 263.0602287672411, 263.7296339460564, 263.03112393297334, 262.30615507291367, 261.34711255356956, 260.2846561598428, 259.27991405893886, 256.8534202705495, 255.22910352337595, 253.14152378054828, 250.26039685744868, 247.95652674608525, 245.0747431469113, 242.84710025407347, 240.48995439694377, 237.75159614894415, 236.64066314644776, 235.6571356904099, 234.38479014795575, 233.41054424597766, 231.65983777178434, 229.99223349306178, 227.8791676217186, 226.1395135085801, 224.4865884306805, 222.79779787291997, 221.45933303389643, 220.51179941422046, 219.3953297736593, 218.07802127823152, 217.10002411576875, 216.29782177215685, 215.98787607010192, 215.7231574019715, 215.615763525728, 215.59024539931315, 215.70287394475974, 216.29961752369206, 217.10259598505263], "oculusY": [17.348113528147145, 22.454357570037235, 26.58017890074476, 32.00763533570711, 36.337309992054045, 39.823806915705475, 42.65481105699884, 45.80766710136977, 50.31146613830584, 54.98916326779444, 61.66521580612457, 67.03308365007548, 71.18150010515905, 75.20904720431395, 78.00224732017007, 80.4900651292314, 81.85398880126861, 83.87494038582668, 85.41063434638657, 86.50972028963443, 87.28229998465413, 87.43980194622645, 87.19658873918095, 86.19770532629109, 85.22152756684017, 83.42617273208958, 80.88149738067138, 79.08636824796758, 76.46972766617439, 73.82804802080638, 70.10948470856255, 63.84957443816603, 60.287534727076014, 56.50668822282484, 51.36978051499613, 47.14799854444357, 40.83150447264033, 35.70839389452639, 29.166836402271908, 24.072675346028703, 19.32573233676222, 13.56228664766317, 9.28131990252571, 6.384093332753407, 2.5925948167592208, -0.7982530571139723, -3.3827607781534303, -6.5172116038568895, -9.101441599857, -11.638903290718387, -14.257271470873535, -16.852796231510183, -18.60237490864553, -20.37385358415553, -21.923113841814644], "oculusZ": [-13.870533152770996, -12.652929469299316, -11.37333695526123, -10.124381228637695, -9.223039790344238, -7.58152787322998, -5.137379809570312, -2.6987153732299802, 0.25135691528320336, 2.3765009201049807, 5.086962536621094, 7.046644047546387, 9.383980587768555, 12.288038090515137, 16.611639813232422, 21.117750958251953, 24.093810871887207, 28.03582365875244, 31.374995068359375, 33.89066870574951, 36.97461302642822, 40.35538847808838, 42.65314753417969, 45.39853747253418, 47.62643988494873, 50.69464857940674, 53.99197752838135, 56.493942097473145, 59.44604094390869, 61.869446591186524, 65.20492251281738, 70.07342989807128, 72.72226031188964, 75.12051279907226, 77.47263129119872, 79.07110865478515, 80.70630247955322, 81.57772238616943, 82.40217383270263, 82.4666660583496, 81.91961462860107, 80.76411898498534, 79.17493994598388, 77.65299494628906, 75.63549692993163, 73.0815571105957, 70.97369845275878, 68.27444250946044, 65.87022955780029, 63.71838267211914, 61.008874729919434, 58.43550379638672, 56.474272564697266, 53.74223406677246, 50.89933092956543], "dobotX": [259.11981201171875, 257.04541015625, 243.4190216064453, 253.39508056640625], "dobotY": [0.0, 2.228721857070923, 16.86849021911621, 22.549762725830078], "dobotZ": [-8.568687438964844, -9.249794006347656, -13.723655700683594, -10.988716125488281], "diffX": [2.985458349061787, -11.970667009338712, -18.9324331757648, -37.09546304271419], "diffY": [80.4900651292314, 74.24100580910347, 2.4572421176460075, -42.923616309985604], "diffZ": [29.686438397216797, 68.69583495025634, 95.64327032928466, 64.73095019226074], "diffXYZ": [85.84199537973032, 101.85352989321807, 97.5300478009734, 86.07326023959575], "predictionX": [242.97164745475757, 369.5233669418893, 402.88031920600383, 404.9664385356292], "predictionY": [17.349113528147146, 80.4905279639551, 76.46993805886909, 19.32582913100338], "predictionZ": [-13.870533152770996, 21.117750958251953, 59.44604094390869, 81.91961462860107], "oculusXSynchronized": [262.10527036078054, 245.0747431469113, 224.4865884306805, 216.29961752369206], "oculusYSynchronized": [80.4900651292314, 76.46972766617439, 19.32573233676222, -20.37385358415553], "oculusZSynchronized": [21.117750958251953, 59.44604094390869, 81.91961462860107, 53.74223406677246], "timestamp": [1591976105.5180058, 1591976106.1641502, 1591976106.7934668, 1591976107.45247], "oculusTimeStamp": [1591976105.2328835, 1591976105.2877479, 1591976105.340845, 1591976105.394701, 1591976105.4448278, 1591976105.4956925, 1591976105.546268, 1591976105.5971317, 1591976105.6479962, 1591976105.6988597, 1591976105.749724, 1591976105.800588, 1591976105.8509877, 1591976105.9018512, 1591976105.9527152, 1591976106.0035791, 1591976106.0574353, 1591976106.108299, 1591976106.159163, 1591976106.2100263, 1591976106.2608914, 1591976106.3117542, 1591976106.3626192, 1591976106.4134827, 1591976106.4643471, 1591976106.515211, 1591976106.5660748, 1591976106.616939, 1591976106.667803, 1591976106.7186668, 1591976106.7695303, 1591976106.8203948, 1591976106.8712578, 1591976106.9213572, 1591976106.97222, 1591976107.0231905, 1591976107.074054, 1591976107.1248124, 1591976107.175676, 1591976107.2260702, 1591976107.2769344, 1591976107.3337834, 1591976107.3906312, 1591976107.4464815, 1591976107.5033298, 1591976107.5591874, 1591976107.6160374, 1591976107.6728835, 1591976107.729725, 1591976107.785753, 1591976107.8420703, 1591976107.8989174, 1591976107.955747, 1591976108.0127797, 1591976108.0676413]}